fx_exit,tp1_price,tk,last_px,px,fx_entry,date,tag,close_date,sources,curr_metric,sl,days_held,tp,period,status,partial_tp_hit,entry_metric,initial_sl
,,2767.T,1058.28,1215.13,130.845,2023-01-02,🅱️ RS 核心,,['TOPIX_Small500_小型'],RS: 100,607.56,20,,OOS,OPEN,False,RS: 100,607.56
,,TDW,42.52,36.85,,2023-01-02,🅱️ RS 核心,,['S&P600_小型'],RS: 99,18.42,20,,OOS,OPEN,False,RS: 99,18.42
,,9552.T,2463.55,2081.73,130.845,2023-01-02,🅱️ RS 核心,,['TOPIX_Small500_小型'],RS: 99,1040.87,20,,OOS,OPEN,False,RS: 99,1040.87
,,5726.T,3524.37,3646.55,130.845,2023-01-02,🅱️ RS 核心,,['TOPIX_Small500_小型'],RS: 99,1823.28,20,,OOS,OPEN,False,RS: 99,1823.28
,,WFRD,54.33,49.37,,2023-01-02,🅱️ RS 核心,,['S&P400_中型'],RS: 99,24.69,20,,OOS,OPEN,False,RS: 99,24.69
,,3660.T,488.74,539.51,130.845,2023-01-02,🅱️ RS 核心,,['TOPIX_Small500_小型'],RS: 99,269.75,20,,OOS,OPEN,False,RS: 99,269.75
,,FSLR,167.87,149.79,,2023-01-02,🅱️ RS 核心,,['S&P500_大盤'],RS: 99,74.89,20,,OOS,OPEN,False,RS: 99,74.89
,,2353.T,227.85,275.91,130.845,2023-01-02,🅱️ RS 核心,,['TOPIX_Small500_小型'],RS: 98,137.96,20,,OOS,OPEN,False,RS: 99,137.96
,,SMCI,7.2,8.21,,2023-01-02,🅱️ RS 核心,,['S&P500_大盤'],RS: 97,4.11,20,,OOS,OPEN,False,RS: 99,4.11
,,9274.T,659.32,687.12,130.845,2023-01-02,🅱️ RS 核心,,['TOPIX_Small500_小型'],RS: 99,343.56,20,,OOS,OPEN,False,RS: 99,343.56
,,CNR,59.6,61.82,,2023-01-02,🅱️ RS 核心,,['S&P600_小型'],RS: 99,30.91,20,,OOS,OPEN,False,RS: 99,30.91
,,FTI,12.76,11.94,,2023-01-02,🅱️ RS 核心,,['S&P400_中型'],RS: 99,5.97,20,,OOS,OPEN,False,RS: 99,5.97
,,4776.T,2356.76,2350.94,130.845,2023-01-02,🅱️ RS 核心,,['TOPIX_Small500_小型'],RS: 99,1175.47,20,,OOS,OPEN,False,RS: 99,1175.47
,,PBF,38.0,36.58,,2023-01-02,🅱️ RS 核心,,['S&P400_中型'],RS: 99,18.29,20,,OOS,OPEN,False,RS: 99,18.29
,,5480.T,3823.27,3519.44,130.845,2023-01-02,🅱️ RS 核心,,['TOPIX_Small500_小型'],RS: 99,1759.72,20,,OOS,OPEN,False,RS: 99,1759.72
,,ELF,54.17,55.3,,2023-01-02,🅱️ RS 核心,,['S&P400_中型'],RS: 99,27.65,20,,OOS,OPEN,False,RS: 99,27.65
,,TPL,224.31,251.05,,2023-01-02,🅱️ RS 核心,,['S&P500_大盤'],RS: 96,125.53,20,,OOS,OPEN,False,RS: 99,125.53
,,3498.T,1988.88,2116.43,130.845,2023-01-02,🅱️ RS 核心,,['TOPIX_Small500_小型'],RS: 98,1058.22,20,,OOS,OPEN,False,RS: 99,1058.22
,,SRPT,130.22,129.58,,2023-01-02,🅱️ RS 核心,,['S&P600_小型'],RS: 98,64.79,20,,OOS,OPEN,False,RS: 99,64.79
,,2681.T,1759.67,2050.29,130.845,2023-01-02,🅱️ RS 核心,,['TOPIX_Small500_小型'],RS: 98,1025.14,20,,OOS,OPEN,False,RS: 98,1025.14
,,TMDX,61.72,61.76,,2022-12-01,🅱️ RS 核心,2023-01-02,['S&P600_小型'],RS: 100,30.88,32,,IS,✅ RS 換倉平倉,False,RS: 100,30.88
130.845,,5726.T,3646.55,3858.01,137.359,2022-12-01,🅱️ RS 核心,2023-01-02,['TOPIX_Small500_小型'],RS: 99,1929.01,32,,IS,✅ RS 換倉平倉,False,RS: 100,1929.01
,,CNR,61.82,69.34,,2022-12-01,🅱️ RS 核心,2023-01-02,['S&P600_小型'],RS: 99,34.67,32,,IS,✅ RS 換倉平倉,False,RS: 99,34.67
130.845,,2767.T,1215.13,1032.88,137.359,2022-12-01,🅱️ RS 核心,2023-01-02,['TOPIX_Small500_小型'],RS: 100,516.44,32,,IS,✅ RS 換倉平倉,False,RS: 99,516.44
,,FSLR,149.79,168.54,,2022-12-01,🅱️ RS 核心,2023-01-02,['S&P500_大盤'],RS: 99,84.27,32,,IS,✅ RS 換倉平倉,False,RS: 99,84.27
130.845,,9274.T,687.12,814.82,137.359,2022-12-01,🅱️ RS 核心,2023-01-02,['TOPIX_Small500_小型'],RS: 99,407.41,32,,IS,✅ RS 換倉平倉,False,RS: 99,407.41
,,BTU,25.2,29.84,,2022-12-01,🅱️ RS 核心,2023-01-02,['S&P600_小型'],RS: 98,14.92,32,,IS,✅ RS 換倉平倉,False,RS: 99,14.92
130.845,,3660.T,539.51,533.53,137.359,2022-12-01,🅱️ RS 核心,2023-01-02,['TOPIX_Small500_小型'],RS: 99,266.77,32,,IS,✅ RS 換倉平倉,False,RS: 99,266.77
,,AMR,144.92,159.7,,2022-12-01,🅱️ RS 核心,2023-01-02,['S&P600_小型'],RS: 98,79.85,32,,IS,✅ RS 換倉平倉,False,RS: 99,79.85
,,ELF,55.3,55.4,,2022-12-01,🅱️ RS 核心,2023-01-02,['S&P400_中型'],RS: 99,27.7,32,,IS,✅ RS 換倉平倉,False,RS: 99,27.7
130.845,,3498.T,2116.43,2399.89,137.359,2022-12-01,🅱️ RS 核心,2023-01-02,['TOPIX_Small500_小型'],RS: 99,1199.94,32,,IS,✅ RS 換倉平倉,False,RS: 99,1199.94
,,PI,109.18,121.54,,2022-12-01,🅱️ RS 核心,2023-01-02,['S&P600_小型'],RS: 97,60.77,32,,IS,✅ RS 換倉平倉,False,RS: 99,60.77
130.845,,5480.T,3519.44,3624.93,137.359,2022-12-01,🅱️ RS 核心,2023-01-02,['TOPIX_Small500_小型'],RS: 99,1812.47,32,,IS,✅ RS 換倉平倉,False,RS: 99,1812.47
,,PBF,36.58,35.37,,2022-12-01,🅱️ RS 核心,2023-01-02,['S&P400_中型'],RS: 99,17.68,32,,IS,✅ RS 換倉平倉,False,RS: 99,17.68
130.845,,4776.T,2350.94,2275.49,137.359,2022-12-01,🅱️ RS 核心,2023-01-02,['TOPIX_Small500_小型'],RS: 99,1137.75,32,,IS,✅ RS 換倉平倉,False,RS: 99,1137.75
,,TDW,36.85,30.78,,2022-12-01,🅱️ RS 核心,2023-01-02,['S&P600_小型'],RS: 99,15.39,32,,IS,✅ RS 換倉平倉,False,RS: 99,15.39
130.845,,7184.T,518.62,499.11,137.359,2022-12-01,🅱️ RS 核心,2023-01-02,['TOPIX_Small500_小型'],RS: 98,249.56,32,,IS,✅ RS 換倉平倉,False,RS: 99,249.56
,,SMCI,8.21,9.05,,2022-12-01,🅱️ RS 核心,2023-01-02,['S&P500_大盤'],RS: 99,4.53,32,,IS,✅ RS 換倉平倉,False,RS: 99,4.53
130.845,,1518.T,498.33,547.38,137.359,2022-12-01,🅱️ RS 核心,2023-01-02,['TOPIX_Small500_小型'],RS: 97,273.69,32,,IS,✅ RS 換倉平倉,False,RS: 99,273.69
,,GEO,10.95,12.15,,2022-12-01,🅱️ RS 核心,2023-01-02,['S&P600_小型'],RS: 98,6.07,32,,IS,✅ RS 換倉平倉,False,RS: 99,6.07
137.359,,5726.T,3858.01,3613.66,148.737,2022-11-01,🅱️ RS 核心,2022-12-01,['TOPIX_Small500_小型'],RS: 100,1806.83,30,,IS,✅ RS 換倉平倉,False,RS: 100,1806.83
,,PBF,35.37,41.58,,2022-11-01,🅱️ RS 核心,2022-12-01,['S&P400_中型'],RS: 99,20.79,30,,IS,✅ RS 換倉平倉,False,RS: 99,20.79
137.359,,2767.T,1032.88,935.74,148.737,2022-11-01,🅱️ RS 核心,2022-12-01,['TOPIX_Small500_小型'],RS: 99,467.87,30,,IS,✅ RS 換倉平倉,False,RS: 99,467.87
,,PI,121.54,113.32,,2022-11-01,🅱️ RS 核心,2022-12-01,['S&P600_小型'],RS: 99,56.66,30,,IS,✅ RS 換倉平倉,False,RS: 99,56.66
137.359,,9274.T,814.82,734.9,148.737,2022-11-01,🅱️ RS 核心,2022-12-01,['TOPIX_Small500_小型'],RS: 99,367.45,30,,IS,✅ RS 換倉平倉,False,RS: 99,367.45
,,AMR,159.7,159.01,,2022-11-01,🅱️ RS 核心,2022-12-01,['S&P600_小型'],RS: 99,79.5,30,,IS,✅ RS 換倉平倉,False,RS: 99,79.5
137.359,,3660.T,533.53,489.74,148.737,2022-11-01,🅱️ RS 核心,2022-12-01,['TOPIX_Small500_小型'],RS: 99,244.87,30,,IS,✅ RS 換倉平倉,False,RS: 99,244.87
,,FSLR,168.54,148.57,,2022-11-01,🅱️ RS 核心,2022-12-01,['S&P500_大盤'],RS: 99,74.29,30,,IS,✅ RS 換倉平倉,False,RS: 99,74.29
,,TPL,273.64,250.53,,2022-11-01,🅱️ RS 核心,2022-12-01,['S&P500_大盤'],RS: 99,125.27,30,,IS,✅ RS 換倉平倉,False,RS: 99,125.27
137.359,,3498.T,2399.89,2220.37,148.737,2022-11-01,🅱️ RS 核心,2022-12-01,['TOPIX_Small500_小型'],RS: 99,1110.18,30,,IS,✅ RS 換倉平倉,False,RS: 99,1110.18
137.359,,7014.T,438.75,508.91,148.737,2022-11-01,🅱️ RS 核心,2022-12-01,['TOPIX_Small500_小型'],RS: 97,254.46,30,,IS,✅ RS 換倉平倉,False,RS: 99,254.46
,,CNR,69.34,59.23,,2022-11-01,🅱️ RS 核心,2022-12-01,['S&P600_小型'],RS: 99,29.62,30,,IS,✅ RS 換倉平倉,False,RS: 99,29.62
137.359,,2353.T,212.72,231.41,148.737,2022-11-01,🅱️ RS 核心,2022-12-01,['TOPIX_Small500_小型'],RS: 98,115.71,30,,IS,✅ RS 換倉平倉,False,RS: 99,115.71
,,LNTH,61.25,72.72,,2022-11-01,🅱️ RS 核心,2022-12-01,['S&P400_中型'],RS: 96,36.36,30,,IS,✅ RS 換倉平倉,False,RS: 99,36.36
137.359,,7148.T,972.11,937.18,148.737,2022-11-01,🅱️ RS 核心,2022-12-01,['TOPIX_Small500_小型'],RS: 98,468.59,30,,IS,✅ RS 換倉平倉,False,RS: 99,468.59
,,HRB,38.52,36.68,,2022-11-01,🅱️ RS 核心,2022-12-01,['S&P400_中型'],RS: 97,18.34,30,,IS,✅ RS 換倉平倉,False,RS: 99,18.34
137.359,,6036.T,3923.88,3793.7,148.737,2022-11-01,🅱️ RS 核心,2022-12-01,['TOPIX_Small500_小型'],RS: 97,1896.85,30,,IS,✅ RS 換倉平倉,False,RS: 98,1896.85
,,CELH,37.79,30.19,,2022-11-01,🅱️ RS 核心,2022-12-01,['S&P400_中型'],RS: 98,15.09,30,,IS,✅ RS 換倉平倉,False,RS: 98,15.09
,,ELF,55.4,43.7,,2022-11-01,🅱️ RS 核心,2022-12-01,['S&P400_中型'],RS: 99,21.85,30,,IS,✅ RS 換倉平倉,False,RS: 98,21.85
137.359,,1662.T,710.97,656.47,148.737,2022-11-01,🅱️ RS 核心,2022-12-01,['TOPIX_Small500_小型'],RS: 97,328.24,30,,IS,✅ RS 換倉平倉,False,RS: 98,328.24
,,LNTH,72.72,74.52,,2022-10-03,🅱️ RS 核心,2022-11-01,['S&P400_中型'],RS: 99,37.26,29,,IS,✅ RS 換倉平倉,False,RS: 100,37.26
148.737,,5726.T,3613.66,2745.25,144.816,2022-10-03,🅱️ RS 核心,2022-11-01,['TOPIX_Small500_小型'],RS: 100,1372.63,29,,IS,✅ RS 換倉平倉,False,RS: 100,1372.63
,,CNR,59.23,64.43,,2022-10-03,🅱️ RS 核心,2022-11-01,['S&P600_小型'],RS: 99,32.21,29,,IS,✅ RS 換倉平倉,False,RS: 99,32.21
148.737,,2767.T,935.74,711.16,144.816,2022-10-03,🅱️ RS 核心,2022-11-01,['TOPIX_Small500_小型'],RS: 99,355.58,29,,IS,✅ RS 換倉平倉,False,RS: 99,355.58
148.737,,9274.T,734.9,622.84,144.816,2022-10-03,🅱️ RS 核心,2022-11-01,['TOPIX_Small500_小型'],RS: 99,311.42,29,,IS,✅ RS 換倉平倉,False,RS: 99,311.42
,,PBF,41.58,32.61,,2022-10-03,🅱️ RS 核心,2022-11-01,['S&P400_中型'],RS: 99,16.31,29,,IS,✅ RS 換倉平倉,False,RS: 99,16.31
148.737,,7014.T,508.91,575.33,144.816,2022-10-03,🅱️ RS 核心,2022-11-01,['TOPIX_Small500_小型'],RS: 99,287.67,29,,IS,✅ RS 換倉平倉,False,RS: 99,287.67
,,AMR,159.01,137.03,,2022-10-03,🅱️ RS 核心,2022-11-01,['S&P600_小型'],RS: 99,68.51,29,,IS,✅ RS 換倉平倉,False,RS: 99,68.51
,,PI,113.32,84.6,,2022-10-03,🅱️ RS 核心,2022-11-01,['S&P600_小型'],RS: 99,42.3,29,,IS,✅ RS 換倉平倉,False,RS: 99,42.3
148.737,,3660.T,489.74,476.8,144.816,2022-10-03,🅱️ RS 核心,2022-11-01,['TOPIX_Small500_小型'],RS: 99,238.4,29,,IS,✅ RS 換倉平倉,False,RS: 99,238.4
148.737,,1518.T,416.14,515.57,144.816,2022-10-03,🅱️ RS 核心,2022-11-01,['TOPIX_Small500_小型'],RS: 97,257.79,29,,IS,✅ RS 換倉平倉,False,RS: 99,257.79
,,SMCI,7.19,5.71,,2022-10-03,🅱️ RS 核心,2022-11-01,['S&P500_大盤'],RS: 97,2.85,29,,IS,✅ RS 換倉平倉,False,RS: 99,2.85
,,HRB,36.68,35.71,,2022-10-03,🅱️ RS 核心,2022-11-01,['S&P400_中型'],RS: 99,17.86,29,,IS,✅ RS 換倉平倉,False,RS: 99,17.86
148.737,,7381.T,402.05,421.33,144.816,2022-10-03,🅱️ RS 核心,2022-11-01,['TOPIX_Small500_小型'],RS: 97,210.66,29,,IS,✅ RS 換倉平倉,False,RS: 99,210.66
148.737,,5192.T,2673.21,2522.84,144.816,2022-10-03,🅱️ RS 核心,2022-11-01,['TOPIX_Small500_小型'],RS: 98,1261.42,29,,IS,✅ RS 換倉平倉,False,RS: 99,1261.42
,,FSLR,148.57,136.62,,2022-10-03,🅱️ RS 核心,2022-11-01,['S&P500_大盤'],RS: 99,68.31,29,,IS,✅ RS 換倉平倉,False,RS: 99,68.31
,,ENPH,299.48,286.61,,2022-10-03,🅱️ RS 核心,2022-11-01,['S&P600_小型'],RS: 98,143.3,29,,IS,✅ RS 換倉平倉,False,RS: 99,143.3
148.737,,7211.T,460.11,487.5,144.816,2022-10-03,🅱️ RS 核心,2022-11-01,"['NK225', 'TOPIX_Mid400_中型']",RS: 96,243.75,29,,IS,✅ RS 換倉平倉,False,RS: 99,243.75
,,CRK,17.72,17.13,,2022-10-03,🅱️ RS 核心,2022-11-01,['S&P600_小型'],RS: 97,8.56,29,,IS,✅ RS 換倉平倉,False,RS: 99,8.56
148.737,,3661.T,714.22,735.86,144.816,2022-10-03,🅱️ RS 核心,2022-11-01,['TOPIX_Small500_小型'],RS: 98,367.93,29,,IS,✅ RS 換倉平倉,False,RS: 99,367.93
144.816,,5726.T,2745.25,2875.57,139.296,2022-09-01,🅱️ RS 核心,2022-10-03,['TOPIX_Small500_小型'],RS: 100,1437.79,32,,IS,✅ RS 換倉平倉,False,RS: 100,1437.79
,,TMDX,42.23,51.91,,2022-09-01,🅱️ RS 核心,2022-10-03,['S&P600_小型'],RS: 99,25.95,32,,IS,✅ RS 換倉平倉,False,RS: 99,25.95
144.816,,7014.T,575.33,580.01,139.296,2022-09-01,🅱️ RS 核心,2022-10-03,['TOPIX_Small500_小型'],RS: 99,290.01,32,,IS,✅ RS 換倉平倉,False,RS: 99,290.01
,,CNR,64.43,64.89,,2022-09-01,🅱️ RS 核心,2022-10-03,['S&P600_小型'],RS: 99,32.44,32,,IS,✅ RS 換倉平倉,False,RS: 99,32.44
,,LNTH,74.52,78.7,,2022-09-01,🅱️ RS 核心,2022-10-03,['S&P400_中型'],RS: 100,39.35,32,,IS,✅ RS 換倉平倉,False,RS: 99,39.35
144.816,,9274.T,622.84,624.17,139.296,2022-09-01,🅱️ RS 核心,2022-10-03,['TOPIX_Small500_小型'],RS: 99,312.09,32,,IS,✅ RS 換倉平倉,False,RS: 99,312.09
,,PBF,32.61,28.41,,2022-09-01,🅱️ RS 核心,2022-10-03,['S&P400_中型'],RS: 99,14.2,32,,IS,✅ RS 換倉平倉,False,RS: 99,14.2
144.816,,2767.T,711.16,601.1,139.296,2022-09-01,🅱️ RS 核心,2022-10-03,['TOPIX_Small500_小型'],RS: 99,300.55,32,,IS,✅ RS 換倉平倉,False,RS: 99,300.55
,,EQT,39.37,43.68,,2022-09-01,🅱️ RS 核心,2022-10-03,['S&P500_大盤'],RS: 98,21.84,32,,IS,✅ RS 換倉平倉,False,RS: 99,21.84
144.816,,3660.T,476.8,495.71,139.296,2022-09-01,🅱️ RS 核心,2022-10-03,['TOPIX_Small500_小型'],RS: 99,247.85,32,,IS,✅ RS 換倉平倉,False,RS: 99,247.85
,,CRK,17.13,17.91,,2022-09-01,🅱️ RS 核心,2022-10-03,['S&P600_小型'],RS: 99,8.95,32,,IS,✅ RS 換倉平倉,False,RS: 99,8.95
144.816,,1518.T,515.57,579.03,139.296,2022-09-01,🅱️ RS 核心,2022-10-03,['TOPIX_Small500_小型'],RS: 99,289.52,32,,IS,✅ RS 換倉平倉,False,RS: 99,289.52
,,AMR,137.03,142.36,,2022-09-01,🅱️ RS 核心,2022-10-03,['S&P600_小型'],RS: 99,71.18,32,,IS,✅ RS 換倉平倉,False,RS: 99,71.18
,,HRB,35.71,39.68,,2022-09-01,🅱️ RS 核心,2022-10-03,['S&P400_中型'],RS: 99,19.84,32,,IS,✅ RS 換倉平倉,False,RS: 99,19.84
144.816,,7211.T,487.5,517.63,139.296,2022-09-01,🅱️ RS 核心,2022-10-03,"['NK225', 'TOPIX_Mid400_中型']",RS: 99,258.81,32,,IS,✅ RS 換倉平倉,False,RS: 99,258.81
,,AR,31.09,38.87,,2022-09-01,🅱️ RS 核心,2022-10-03,['S&P400_中型'],RS: 95,19.43,32,,IS,✅ RS 換倉平倉,False,RS: 99,19.43
,,MUSA,277.9,285.12,,2022-09-01,🅱️ RS 核心,2022-10-03,['S&P400_中型'],RS: 98,142.56,32,,IS,✅ RS 換倉平倉,False,RS: 99,142.56
144.816,,5803.T,135.52,148.82,139.296,2022-09-01,🅱️ RS 核心,2022-10-03,['NK225'],RS: 98,74.41,32,,IS,✅ RS 換倉平倉,False,RS: 99,74.41
,,OXY,60.26,64.22,,2022-09-01,🅱️ RS 核心,2022-10-03,['S&P500_大盤'],RS: 98,32.11,32,,IS,✅ RS 換倉平倉,False,RS: 99,32.11
,,DVN,55.92,57.03,,2022-09-01,🅱️ RS 核心,2022-10-03,['S&P500_大盤'],RS: 98,28.52,32,,IS,✅ RS 換倉平倉,False,RS: 99,28.52
139.296,,5726.T,2875.57,2724.77,133.407,2022-08-01,🅱️ RS 核心,2022-09-01,['TOPIX_Small500_小型'],RS: 100,1362.38,31,,IS,✅ RS 換倉平倉,False,RS: 100,1362.38
,,LNTH,78.7,75.59,,2022-08-01,🅱️ RS 核心,2022-09-01,['S&P400_中型'],RS: 99,37.79,31,,IS,✅ RS 換倉平倉,False,RS: 99,37.79
139.296,,1518.T,579.03,523.58,133.407,2022-08-01,🅱️ RS 核心,2022-09-01,['TOPIX_Small500_小型'],RS: 99,261.79,31,,IS,✅ RS 換倉平倉,False,RS: 99,261.79
,,AMR,142.36,128.88,,2022-08-01,🅱️ RS 核心,2022-09-01,['S&P600_小型'],RS: 99,64.44,31,,IS,✅ RS 換倉平倉,False,RS: 99,64.44
,,CNR,64.89,55.46,,2022-08-01,🅱️ RS 核心,2022-09-01,['S&P600_小型'],RS: 99,27.73,31,,IS,✅ RS 換倉平倉,False,RS: 99,27.73
,,PBF,28.41,29.04,,2022-08-01,🅱️ RS 核心,2022-09-01,['S&P400_中型'],RS: 99,14.52,31,,IS,✅ RS 換倉平倉,False,RS: 99,14.52
139.296,,3661.T,664.34,742.45,133.407,2022-08-01,🅱️ RS 核心,2022-09-01,['TOPIX_Small500_小型'],RS: 98,371.22,31,,IS,✅ RS 換倉平倉,False,RS: 99,371.22
,,AR,38.87,39.29,,2022-08-01,🅱️ RS 核心,2022-09-01,['S&P400_中型'],RS: 99,19.65,31,,IS,✅ RS 換倉平倉,False,RS: 99,19.65
,,CRK,17.91,14.9,,2022-08-01,🅱️ RS 核心,2022-09-01,['S&P600_小型'],RS: 99,7.45,31,,IS,✅ RS 換倉平倉,False,RS: 99,7.45
139.296,,7014.T,580.01,409.75,133.407,2022-08-01,🅱️ RS 核心,2022-09-01,['TOPIX_Small500_小型'],RS: 99,204.88,31,,IS,✅ RS 換倉平倉,False,RS: 99,204.88
139.296,,9107.T,724.29,849.78,133.407,2022-08-01,🅱️ RS 核心,2022-09-01,"['NK225', 'TOPIX_Mid400_中型']",RS: 89,424.89,31,,IS,✅ RS 換倉平倉,False,RS: 99,424.89
,,EQT,43.68,39.76,,2022-08-01,🅱️ RS 核心,2022-09-01,['S&P500_大盤'],RS: 99,19.88,31,,IS,✅ RS 換倉平倉,False,RS: 99,19.88
139.296,,5192.T,2562.85,2619.09,133.407,2022-08-01,🅱️ RS 核心,2022-09-01,['TOPIX_Small500_小型'],RS: 98,1309.54,31,,IS,✅ RS 換倉平倉,False,RS: 99,1309.54
,,OXY,64.22,61.24,,2022-08-01,🅱️ RS 核心,2022-09-01,['S&P500_大盤'],RS: 99,30.62,31,,IS,✅ RS 換倉平倉,False,RS: 99,30.62
139.296,,5021.T,1682.95,1691.37,133.407,2022-08-01,🅱️ RS 核心,2022-09-01,['TOPIX_Mid400_中型'],RS: 97,845.69,31,,IS,✅ RS 換倉平倉,False,RS: 99,845.69
,,RRC,30.67,30.92,,2022-08-01,🅱️ RS 核心,2022-09-01,['S&P400_中型'],RS: 97,15.46,31,,IS,✅ RS 換倉平倉,False,RS: 99,15.46
,,ENPH,281.86,280.89,,2022-08-01,🅱️ RS 核心,2022-09-01,['S&P600_小型'],RS: 98,140.45,31,,IS,✅ RS 換倉平倉,False,RS: 99,140.45
139.296,,7011.T,493.9,475.75,133.407,2022-08-01,🅱️ RS 核心,2022-09-01,['NK225'],RS: 98,237.87,31,,IS,✅ RS 換倉平倉,False,RS: 99,237.87
,,PTEN,12.47,14.28,,2022-08-01,🅱️ RS 核心,2022-09-01,['S&P600_小型'],RS: 93,7.14,31,,IS,✅ RS 換倉平倉,False,RS: 99,7.14
,,CELH,33.06,32.96,,2022-08-01,🅱️ RS 核心,2022-09-01,['S&P400_中型'],RS: 98,16.48,31,,IS,✅ RS 換倉平倉,False,RS: 99,16.48
,,AMR,128.88,118.84,,2022-07-01,🅱️ RS 核心,2022-08-01,['S&P600_小型'],RS: 99,59.42,31,,IS,✅ RS 換倉平倉,False,RS: 100,59.42
133.407,,5726.T,2724.77,2482.17,135.786,2022-07-01,🅱️ RS 核心,2022-08-01,['TOPIX_Small500_小型'],RS: 100,1241.09,31,,IS,✅ RS 換倉平倉,False,RS: 100,1241.09
,,LNTH,75.59,63.5,,2022-07-01,🅱️ RS 核心,2022-08-01,['S&P400_中型'],RS: 99,31.75,31,,IS,✅ RS 換倉平倉,False,RS: 99,31.75
,,PBF,29.04,27.38,,2022-07-01,🅱️ RS 核心,2022-08-01,['S&P400_中型'],RS: 99,13.69,31,,IS,✅ RS 換倉平倉,False,RS: 99,13.69
,,CNR,55.46,44.32,,2022-07-01,🅱️ RS 核心,2022-08-01,['S&P600_小型'],RS: 99,22.16,31,,IS,✅ RS 換倉平倉,False,RS: 99,22.16
133.407,,7013.T,470.18,483.43,135.786,2022-07-01,🅱️ RS 核心,2022-08-01,"['NK225', 'TOPIX_Mid400_中型']",RS: 97,241.71,31,,IS,✅ RS 換倉平倉,False,RS: 99,241.71
,,OXY,61.24,56.74,,2022-07-01,🅱️ RS 核心,2022-08-01,['S&P500_大盤'],RS: 99,28.37,31,,IS,✅ RS 換倉平倉,False,RS: 99,28.37
133.407,,3661.T,742.45,566.95,135.786,2022-07-01,🅱️ RS 核心,2022-08-01,['TOPIX_Small500_小型'],RS: 99,283.47,31,,IS,✅ RS 換倉平倉,False,RS: 99,283.47
,,CVI,23.68,24.14,,2022-07-01,🅱️ RS 核心,2022-08-01,['S&P600_小型'],RS: 99,12.07,31,,IS,✅ RS 換倉平倉,False,RS: 99,12.07
,,BTU,18.57,20.06,,2022-07-01,🅱️ RS 核心,2022-08-01,['S&P600_小型'],RS: 97,10.03,31,,IS,✅ RS 換倉平倉,False,RS: 99,10.03
133.407,,7731.T,1346.79,1342.35,135.786,2022-07-01,🅱️ RS 核心,2022-08-01,"['NK225', 'TOPIX_Mid400_中型']",RS: 91,671.17,31,,IS,✅ RS 換倉平倉,False,RS: 99,671.17
,,AR,39.29,30.74,,2022-07-01,🅱️ RS 核心,2022-08-01,['S&P400_中型'],RS: 99,15.37,31,,IS,✅ RS 換倉平倉,False,RS: 99,15.37
,,CRK,14.9,12.1,,2022-07-01,🅱️ RS 核心,2022-08-01,['S&P600_小型'],RS: 99,6.05,31,,IS,✅ RS 換倉平倉,False,RS: 99,6.05
,,PTEN,14.28,13.17,,2022-07-01,🅱️ RS 核心,2022-08-01,['S&P600_小型'],RS: 99,6.59,31,,IS,✅ RS 換倉平倉,False,RS: 99,6.59
133.407,,9041.T,4299.3,3991.87,135.786,2022-07-01,🅱️ RS 核心,2022-08-01,['TOPIX_Mid400_中型'],RS: 93,1995.93,31,,IS,✅ RS 換倉平倉,False,RS: 99,1995.93
,,EQT,39.76,32.21,,2022-07-01,🅱️ RS 核心,2022-08-01,['S&P500_大盤'],RS: 99,16.1,31,,IS,✅ RS 換倉平倉,False,RS: 99,16.1
133.407,,8060.T,1393.78,1240.6,135.786,2022-07-01,🅱️ RS 核心,2022-08-01,['TOPIX_Mid400_中型'],RS: 92,620.3,31,,IS,✅ RS 換倉平倉,False,RS: 99,620.3
,,AMPH,36.99,35.35,,2022-07-01,🅱️ RS 核心,2022-08-01,['S&P600_小型'],RS: 99,17.67,31,,IS,✅ RS 換倉平倉,False,RS: 99,17.67
,,HRB,34.84,32.38,,2022-07-01,🅱️ RS 核心,2022-08-01,['S&P400_中型'],RS: 98,16.19,31,,IS,✅ RS 換倉平倉,False,RS: 99,16.19
133.407,,5563.T,317.34,292.33,135.786,2022-07-01,🅱️ RS 核心,2022-08-01,['TOPIX_Small500_小型'],RS: 91,146.16,31,,IS,✅ RS 換倉平倉,False,RS: 99,146.16
,,AMR,118.84,118.84,,2022-07-01,🅱️ RS 核心,2022-07-01,['S&P600_小型'],RS: 100,59.42,0,,IS,✅ RS 換倉平倉,False,RS: 100,59.42
135.786,,5726.T,2482.17,2482.17,135.786,2022-07-01,🅱️ RS 核心,2022-07-01,['TOPIX_Small500_小型'],RS: 100,1241.09,0,,IS,✅ RS 換倉平倉,False,RS: 100,1241.09
,,LNTH,63.5,63.5,,2022-07-01,🅱️ RS 核心,2022-07-01,['S&P400_中型'],RS: 99,31.75,0,,IS,✅ RS 換倉平倉,False,RS: 99,31.75
,,PBF,27.38,27.38,,2022-07-01,🅱️ RS 核心,2022-07-01,['S&P400_中型'],RS: 99,13.69,0,,IS,✅ RS 換倉平倉,False,RS: 99,13.69
,,CNR,44.32,44.32,,2022-07-01,🅱️ RS 核心,2022-07-01,['S&P600_小型'],RS: 99,22.16,0,,IS,✅ RS 換倉平倉,False,RS: 99,22.16
135.786,,7013.T,483.43,483.43,135.786,2022-07-01,🅱️ RS 核心,2022-07-01,"['NK225', 'TOPIX_Mid400_中型']",RS: 99,241.71,0,,IS,✅ RS 換倉平倉,False,RS: 99,241.71
,,OXY,56.74,56.74,,2022-07-01,🅱️ RS 核心,2022-07-01,['S&P500_大盤'],RS: 99,28.37,0,,IS,✅ RS 換倉平倉,False,RS: 99,28.37
135.786,,3661.T,566.95,566.95,135.786,2022-07-01,🅱️ RS 核心,2022-07-01,['TOPIX_Small500_小型'],RS: 99,283.47,0,,IS,✅ RS 換倉平倉,False,RS: 99,283.47
,,CVI,24.14,24.14,,2022-07-01,🅱️ RS 核心,2022-07-01,['S&P600_小型'],RS: 99,12.07,0,,IS,✅ RS 換倉平倉,False,RS: 99,12.07
,,BTU,20.06,20.06,,2022-07-01,🅱️ RS 核心,2022-07-01,['S&P600_小型'],RS: 99,10.03,0,,IS,✅ RS 換倉平倉,False,RS: 99,10.03
135.786,,7731.T,1342.35,1342.35,135.786,2022-07-01,🅱️ RS 核心,2022-07-01,"['NK225', 'TOPIX_Mid400_中型']",RS: 99,671.17,0,,IS,✅ RS 換倉平倉,False,RS: 99,671.17
,,AR,30.74,30.74,,2022-07-01,🅱️ RS 核心,2022-07-01,['S&P400_中型'],RS: 99,15.37,0,,IS,✅ RS 換倉平倉,False,RS: 99,15.37
,,CRK,12.1,12.1,,2022-07-01,🅱️ RS 核心,2022-07-01,['S&P600_小型'],RS: 99,6.05,0,,IS,✅ RS 換倉平倉,False,RS: 99,6.05
,,PTEN,13.17,13.17,,2022-07-01,🅱️ RS 核心,2022-07-01,['S&P600_小型'],RS: 99,6.59,0,,IS,✅ RS 換倉平倉,False,RS: 99,6.59
135.786,,9041.T,3991.87,3991.87,135.786,2022-07-01,🅱️ RS 核心,2022-07-01,['TOPIX_Mid400_中型'],RS: 99,1995.93,0,,IS,✅ RS 換倉平倉,False,RS: 99,1995.93
,,EQT,32.21,32.21,,2022-07-01,🅱️ RS 核心,2022-07-01,['S&P500_大盤'],RS: 99,16.1,0,,IS,✅ RS 換倉平倉,False,RS: 99,16.1
135.786,,8060.T,1240.6,1240.6,135.786,2022-07-01,🅱️ RS 核心,2022-07-01,['TOPIX_Mid400_中型'],RS: 99,620.3,0,,IS,✅ RS 換倉平倉,False,RS: 99,620.3
,,AMPH,35.35,35.35,,2022-07-01,🅱️ RS 核心,2022-07-01,['S&P600_小型'],RS: 99,17.67,0,,IS,✅ RS 換倉平倉,False,RS: 99,17.67
,,HRB,32.38,32.38,,2022-07-01,🅱️ RS 核心,2022-07-01,['S&P400_中型'],RS: 99,16.19,0,,IS,✅ RS 換倉平倉,False,RS: 99,16.19
135.786,,5563.T,292.33,292.33,135.786,2022-07-01,🅱️ RS 核心,2022-07-01,['TOPIX_Small500_小型'],RS: 99,146.16,0,,IS,✅ RS 換倉平倉,False,RS: 99,146.16
,,AMR,118.84,118.84,,2022-07-01,🅱️ RS 核心,2022-07-01,['S&P600_小型'],RS: 100,59.42,0,,IS,✅ RS 換倉平倉,False,RS: 100,59.42
135.786,,5726.T,2482.17,2482.17,135.786,2022-07-01,🅱️ RS 核心,2022-07-01,['TOPIX_Small500_小型'],RS: 100,1241.09,0,,IS,✅ RS 換倉平倉,False,RS: 100,1241.09
,,LNTH,63.5,63.5,,2022-07-01,🅱️ RS 核心,2022-07-01,['S&P400_中型'],RS: 99,31.75,0,,IS,✅ RS 換倉平倉,False,RS: 99,31.75
,,PBF,27.38,27.38,,2022-07-01,🅱️ RS 核心,2022-07-01,['S&P400_中型'],RS: 99,13.69,0,,IS,✅ RS 換倉平倉,False,RS: 99,13.69
,,CNR,44.32,44.32,,2022-07-01,🅱️ RS 核心,2022-07-01,['S&P600_小型'],RS: 99,22.16,0,,IS,✅ RS 換倉平倉,False,RS: 99,22.16
135.786,,7013.T,483.43,483.43,135.786,2022-07-01,🅱️ RS 核心,2022-07-01,"['NK225', 'TOPIX_Mid400_中型']",RS: 99,241.71,0,,IS,✅ RS 換倉平倉,False,RS: 99,241.71
,,OXY,56.74,56.74,,2022-07-01,🅱️ RS 核心,2022-07-01,['S&P500_大盤'],RS: 99,28.37,0,,IS,✅ RS 換倉平倉,False,RS: 99,28.37
135.786,,3661.T,566.95,566.95,135.786,2022-07-01,🅱️ RS 核心,2022-07-01,['TOPIX_Small500_小型'],RS: 99,283.47,0,,IS,✅ RS 換倉平倉,False,RS: 99,283.47
,,CVI,24.14,24.14,,2022-07-01,🅱️ RS 核心,2022-07-01,['S&P600_小型'],RS: 99,12.07,0,,IS,✅ RS 換倉平倉,False,RS: 99,12.07
,,BTU,20.06,20.06,,2022-07-01,🅱️ RS 核心,2022-07-01,['S&P600_小型'],RS: 99,10.03,0,,IS,✅ RS 換倉平倉,False,RS: 99,10.03
135.786,,7731.T,1342.35,1342.35,135.786,2022-07-01,🅱️ RS 核心,2022-07-01,"['NK225', 'TOPIX_Mid400_中型']",RS: 99,671.17,0,,IS,✅ RS 換倉平倉,False,RS: 99,671.17
,,AR,30.74,30.74,,2022-07-01,🅱️ RS 核心,2022-07-01,['S&P400_中型'],RS: 99,15.37,0,,IS,✅ RS 換倉平倉,False,RS: 99,15.37
,,CRK,12.1,12.1,,2022-07-01,🅱️ RS 核心,2022-07-01,['S&P600_小型'],RS: 99,6.05,0,,IS,✅ RS 換倉平倉,False,RS: 99,6.05
,,PTEN,13.17,13.17,,2022-07-01,🅱️ RS 核心,2022-07-01,['S&P600_小型'],RS: 99,6.59,0,,IS,✅ RS 換倉平倉,False,RS: 99,6.59
135.786,,9041.T,3991.87,3991.87,135.786,2022-07-01,🅱️ RS 核心,2022-07-01,['TOPIX_Mid400_中型'],RS: 99,1995.93,0,,IS,✅ RS 換倉平倉,False,RS: 99,1995.93
,,EQT,32.21,32.21,,2022-07-01,🅱️ RS 核心,2022-07-01,['S&P500_大盤'],RS: 99,16.1,0,,IS,✅ RS 換倉平倉,False,RS: 99,16.1
135.786,,8060.T,1240.6,1240.6,135.786,2022-07-01,🅱️ RS 核心,2022-07-01,['TOPIX_Mid400_中型'],RS: 99,620.3,0,,IS,✅ RS 換倉平倉,False,RS: 99,620.3
,,AMPH,35.35,35.35,,2022-07-01,🅱️ RS 核心,2022-07-01,['S&P600_小型'],RS: 99,17.67,0,,IS,✅ RS 換倉平倉,False,RS: 99,17.67
,,HRB,32.38,32.38,,2022-07-01,🅱️ RS 核心,2022-07-01,['S&P400_中型'],RS: 99,16.19,0,,IS,✅ RS 換倉平倉,False,RS: 99,16.19
135.786,,5563.T,292.33,292.33,135.786,2022-07-01,🅱️ RS 核心,2022-07-01,['TOPIX_Small500_小型'],RS: 99,146.16,0,,IS,✅ RS 換倉平倉,False,RS: 99,146.16
,,AMR,118.84,160.92,,2022-06-01,🅱️ RS 核心,2022-07-01,['S&P600_小型'],RS: 100,80.46,30,,IS,✅ RS 換倉平倉,False,RS: 100,80.46
135.786,,5726.T,2482.17,1791.85,128.736,2022-06-01,🅱️ RS 核心,2022-07-01,['TOPIX_Small500_小型'],RS: 100,895.92,30,,IS,✅ RS 換倉平倉,False,RS: 100,895.92
,,AR,30.74,44.49,,2022-06-01,🅱️ RS 核心,2022-07-01,['S&P400_中型'],RS: 99,22.25,30,,IS,✅ RS 換倉平倉,False,RS: 99,22.25
135.786,,7013.T,483.43,515.22,128.736,2022-06-01,🅱️ RS 核心,2022-07-01,"['NK225', 'TOPIX_Mid400_中型']",RS: 99,257.61,30,,IS,✅ RS 換倉平倉,False,RS: 99,257.61
,,CRK,12.1,19.35,,2022-06-01,🅱️ RS 核心,2022-07-01,['S&P600_小型'],RS: 99,9.67,30,,IS,✅ RS 換倉平倉,False,RS: 99,9.67
,,CNR,44.32,49.6,,2022-06-01,🅱️ RS 核心,2022-07-01,['S&P600_小型'],RS: 99,24.8,30,,IS,✅ RS 換倉平倉,False,RS: 99,24.8
135.786,,7731.T,1342.35,1465.75,128.736,2022-06-01,🅱️ RS 核心,2022-07-01,"['NK225', 'TOPIX_Mid400_中型']",RS: 99,732.88,30,,IS,✅ RS 換倉平倉,False,RS: 99,732.88
,,BTU,20.06,24.03,,2022-06-01,🅱️ RS 核心,2022-07-01,['S&P600_小型'],RS: 99,12.02,30,,IS,✅ RS 換倉平倉,False,RS: 99,12.02
135.786,,8058.T,1124.19,1316.36,128.736,2022-06-01,🅱️ RS 核心,2022-07-01,['NK225'],RS: 98,658.18,30,,IS,✅ RS 換倉平倉,False,RS: 99,658.18
,,LNTH,63.5,68.76,,2022-06-01,🅱️ RS 核心,2022-07-01,['S&P400_中型'],RS: 99,34.38,30,,IS,✅ RS 換倉平倉,False,RS: 99,34.38
,,EQT,32.21,46.8,,2022-06-01,🅱️ RS 核心,2022-07-01,['S&P500_大盤'],RS: 99,23.4,30,,IS,✅ RS 換倉平倉,False,RS: 99,23.4
135.786,,3661.T,566.95,587.18,128.736,2022-06-01,🅱️ RS 核心,2022-07-01,['TOPIX_Small500_小型'],RS: 99,293.59,30,,IS,✅ RS 換倉平倉,False,RS: 99,293.59
,,OXY,56.74,65.99,,2022-06-01,🅱️ RS 核心,2022-07-01,['S&P500_大盤'],RS: 99,32.99,30,,IS,✅ RS 換倉平倉,False,RS: 99,32.99
,,PBF,27.38,30.74,,2022-06-01,🅱️ RS 核心,2022-07-01,['S&P400_中型'],RS: 99,15.37,30,,IS,✅ RS 換倉平倉,False,RS: 99,15.37
,,DVN,46.11,62.95,,2022-06-01,🅱️ RS 核心,2022-07-01,['S&P500_大盤'],RS: 99,31.48,30,,IS,✅ RS 換倉平倉,False,RS: 99,31.48
135.786,,8060.T,1240.6,1319.76,128.736,2022-06-01,🅱️ RS 核心,2022-07-01,['TOPIX_Mid400_中型'],RS: 99,659.88,30,,IS,✅ RS 換倉平倉,False,RS: 99,659.88
,,PTEN,13.17,16.45,,2022-06-01,🅱️ RS 核心,2022-07-01,['S&P600_小型'],RS: 99,8.22,30,,IS,✅ RS 換倉平倉,False,RS: 99,8.22
135.786,,5563.T,292.33,306.07,128.736,2022-06-01,🅱️ RS 核心,2022-07-01,['TOPIX_Small500_小型'],RS: 99,153.03,30,,IS,✅ RS 換倉平倉,False,RS: 99,153.03
,,VAL,42.85,61.82,,2022-06-01,🅱️ RS 核心,2022-07-01,['S&P400_中型'],RS: 95,30.91,30,,IS,✅ RS 換倉平倉,False,RS: 99,30.91
135.786,,8418.T,646.84,645.96,128.736,2022-06-01,🅱️ RS 核心,2022-07-01,['TOPIX_Mid400_中型'],RS: 98,322.98,30,,IS,✅ RS 換倉平倉,False,RS: 99,322.98
,,AMR,160.92,140.72,,2022-05-02,🅱️ RS 核心,2022-06-01,['S&P600_小型'],RS: 100,70.36,30,,IS,✅ RS 換倉平倉,False,RS: 100,70.36
128.736,,5726.T,1791.85,1249.52,130.011,2022-05-02,🅱️ RS 核心,2022-06-01,['TOPIX_Small500_小型'],RS: 100,624.76,30,,IS,✅ RS 換倉平倉,False,RS: 100,624.76
,,LNTH,68.76,65.96,,2022-05-02,🅱️ RS 核心,2022-06-01,['S&P400_中型'],RS: 99,32.98,30,,IS,✅ RS 換倉平倉,False,RS: 99,32.98
128.736,,8058.T,1316.36,1293.99,130.011,2022-05-02,🅱️ RS 核心,2022-06-01,['NK225'],RS: 99,647.0,30,,IS,✅ RS 換倉平倉,False,RS: 99,647.0
,,CNR,49.6,42.73,,2022-05-02,🅱️ RS 核心,2022-06-01,['S&P600_小型'],RS: 99,21.36,30,,IS,✅ RS 換倉平倉,False,RS: 99,21.36
,,BTU,24.03,20.43,,2022-05-02,🅱️ RS 核心,2022-06-01,['S&P600_小型'],RS: 99,10.21,30,,IS,✅ RS 換倉平倉,False,RS: 99,10.21
128.736,,4722.T,1470.58,1650.6,130.011,2022-05-02,🅱️ RS 核心,2022-06-01,['TOPIX_Small500_小型'],RS: 99,825.3,30,,IS,✅ RS 換倉平倉,False,RS: 99,825.3
,,CRK,19.35,16.23,,2022-05-02,🅱️ RS 核心,2022-06-01,['S&P600_小型'],RS: 99,8.11,30,,IS,✅ RS 換倉平倉,False,RS: 99,8.11
128.736,,7731.T,1465.75,1297.07,130.011,2022-05-02,🅱️ RS 核心,2022-06-01,"['NK225', 'TOPIX_Mid400_中型']",RS: 99,648.54,30,,IS,✅ RS 換倉平倉,False,RS: 99,648.54
,,AR,44.49,35.16,,2022-05-02,🅱️ RS 核心,2022-06-01,['S&P400_中型'],RS: 99,17.58,30,,IS,✅ RS 換倉平倉,False,RS: 99,17.58
,,OXY,65.99,54.63,,2022-05-02,🅱️ RS 核心,2022-06-01,['S&P500_大盤'],RS: 99,27.32,30,,IS,✅ RS 換倉平倉,False,RS: 99,27.32
,,CAR,178.05,266.56,,2022-05-02,🅱️ RS 核心,2022-06-01,['S&P400_中型'],RS: 93,133.28,30,,IS,✅ RS 換倉平倉,False,RS: 99,133.28
,,PBF,30.74,26.21,,2022-05-02,🅱️ RS 核心,2022-06-01,['S&P400_中型'],RS: 99,13.1,30,,IS,✅ RS 換倉平倉,False,RS: 99,13.1
,,EQT,46.8,36.95,,2022-05-02,🅱️ RS 核心,2022-06-01,['S&P500_大盤'],RS: 99,18.47,30,,IS,✅ RS 換倉平倉,False,RS: 99,18.47
128.736,,7013.T,515.22,393.36,130.011,2022-05-02,🅱️ RS 核心,2022-06-01,"['NK225', 'TOPIX_Mid400_中型']",RS: 99,196.68,30,,IS,✅ RS 換倉平倉,False,RS: 99,196.68
128.736,,8060.T,1319.76,1256.52,130.011,2022-05-02,🅱️ RS 核心,2022-06-01,['TOPIX_Mid400_中型'],RS: 99,628.26,30,,IS,✅ RS 換倉平倉,False,RS: 99,628.26
,,PTEN,16.45,14.11,,2022-05-02,🅱️ RS 核心,2022-06-01,['S&P600_小型'],RS: 99,7.05,30,,IS,✅ RS 換倉平倉,False,RS: 99,7.05
,,VAL,61.82,51.9,,2022-05-02,🅱️ RS 核心,2022-06-01,['S&P400_中型'],RS: 99,25.95,30,,IS,✅ RS 換倉平倉,False,RS: 99,25.95
128.736,,8418.T,645.96,627.61,130.011,2022-05-02,🅱️ RS 核心,2022-06-01,['TOPIX_Mid400_中型'],RS: 99,313.8,30,,IS,✅ RS 換倉平倉,False,RS: 99,313.8
,,DVN,62.95,48.03,,2022-05-02,🅱️ RS 核心,2022-06-01,['S&P500_大盤'],RS: 99,24.01,30,,IS,✅ RS 換倉平倉,False,RS: 99,24.01
,,AMR,140.72,128.0,,2022-04-01,🅱️ RS 核心,2022-05-02,['S&P600_小型'],RS: 100,64.0,31,,IS,✅ RS 換倉平倉,False,RS: 100,64.0
130.011,,5726.T,1249.52,1405.94,121.756,2022-04-01,🅱️ RS 核心,2022-05-02,['TOPIX_Small500_小型'],RS: 100,702.97,31,,IS,✅ RS 換倉平倉,False,RS: 100,702.97
,,BTU,20.43,24.81,,2022-04-01,🅱️ RS 核心,2022-05-02,['S&P600_小型'],RS: 99,12.41,31,,IS,✅ RS 換倉平倉,False,RS: 99,12.41
130.011,,4722.T,1650.6,1548.5,121.756,2022-04-01,🅱️ RS 核心,2022-05-02,['TOPIX_Small500_小型'],RS: 99,774.25,31,,IS,✅ RS 換倉平倉,False,RS: 99,774.25
,,CAR,266.56,247.58,,2022-04-01,🅱️ RS 核心,2022-05-02,['S&P400_中型'],RS: 99,123.79,31,,IS,✅ RS 換倉平倉,False,RS: 99,123.79
130.011,,8058.T,1293.99,1344.61,121.756,2022-04-01,🅱️ RS 核心,2022-05-02,['NK225'],RS: 99,672.3,31,,IS,✅ RS 換倉平倉,False,RS: 99,672.3
,,LNTH,65.96,58.36,,2022-04-01,🅱️ RS 核心,2022-05-02,['S&P400_中型'],RS: 99,29.18,31,,IS,✅ RS 換倉平倉,False,RS: 99,29.18
130.011,,7826.T,2737.88,2973.8,121.756,2022-04-01,🅱️ RS 核心,2022-05-02,['TOPIX_Small500_小型'],RS: 98,1486.9,31,,IS,✅ RS 換倉平倉,False,RS: 99,1486.9
,,AA,63.08,86.39,,2022-04-01,🅱️ RS 核心,2022-05-02,['S&P400_中型'],RS: 97,43.2,31,,IS,✅ RS 換倉平倉,False,RS: 99,43.2
130.011,,3661.T,486.49,497.32,121.756,2022-04-01,🅱️ RS 核心,2022-05-02,['TOPIX_Small500_小型'],RS: 99,248.66,31,,IS,✅ RS 換倉平倉,False,RS: 99,248.66
,,AR,35.16,31.07,,2022-04-01,🅱️ RS 核心,2022-05-02,['S&P400_中型'],RS: 99,15.53,31,,IS,✅ RS 換倉平倉,False,RS: 99,15.53
,,RRC,28.64,30.28,,2022-04-01,🅱️ RS 核心,2022-05-02,['S&P400_中型'],RS: 99,15.14,31,,IS,✅ RS 換倉平倉,False,RS: 99,15.14
130.011,,7013.T,393.36,388.6,121.756,2022-04-01,🅱️ RS 核心,2022-05-02,"['NK225', 'TOPIX_Mid400_中型']",RS: 99,194.3,31,,IS,✅ RS 換倉平倉,False,RS: 99,194.3
,,DVN,48.03,49.68,,2022-04-01,🅱️ RS 核心,2022-05-02,['S&P500_大盤'],RS: 99,24.84,31,,IS,✅ RS 換倉平倉,False,RS: 99,24.84
130.011,,7731.T,1297.07,1151.47,121.756,2022-04-01,🅱️ RS 核心,2022-05-02,"['NK225', 'TOPIX_Mid400_中型']",RS: 99,575.74,31,,IS,✅ RS 換倉平倉,False,RS: 99,575.74
,,APA,35.22,36.51,,2022-04-01,🅱️ RS 核心,2022-05-02,['S&P500_大盤'],RS: 98,18.26,31,,IS,✅ RS 換倉平倉,False,RS: 99,18.26
130.011,,7912.T,1282.44,1336.75,121.756,2022-04-01,🅱️ RS 核心,2022-05-02,"['NK225', 'TOPIX_Mid400_中型']",RS: 98,668.38,31,,IS,✅ RS 換倉平倉,False,RS: 99,668.38
130.011,,9793.T,4294.55,4248.47,121.756,2022-04-01,🅱️ RS 核心,2022-05-02,['TOPIX_Small500_小型'],RS: 98,2124.23,31,,IS,✅ RS 換倉平倉,False,RS: 99,2124.23
,,OXY,54.63,54.45,,2022-04-01,🅱️ RS 核心,2022-05-02,['S&P500_大盤'],RS: 99,27.23,31,,IS,✅ RS 換倉平倉,False,RS: 99,27.23
130.011,,3762.T,1864.01,1963.34,121.756,2022-04-01,🅱️ RS 核心,2022-05-02,['TOPIX_Small500_小型'],RS: 98,981.67,31,,IS,✅ RS 換倉平倉,False,RS: 98,981.67
,,AMR,128.0,128.0,,2022-04-01,🅱️ RS 核心,2022-04-01,['S&P600_小型'],RS: 100,64.0,0,,IS,✅ RS 換倉平倉,False,RS: 100,64.0
121.756,,5726.T,1405.94,1405.94,121.756,2022-04-01,🅱️ RS 核心,2022-04-01,['TOPIX_Small500_小型'],RS: 100,702.97,0,,IS,✅ RS 換倉平倉,False,RS: 100,702.97
,,BTU,24.81,24.81,,2022-04-01,🅱️ RS 核心,2022-04-01,['S&P600_小型'],RS: 99,12.41,0,,IS,✅ RS 換倉平倉,False,RS: 99,12.41
121.756,,4722.T,1548.5,1548.5,121.756,2022-04-01,🅱️ RS 核心,2022-04-01,['TOPIX_Small500_小型'],RS: 99,774.25,0,,IS,✅ RS 換倉平倉,False,RS: 99,774.25
,,CAR,247.58,247.58,,2022-04-01,🅱️ RS 核心,2022-04-01,['S&P400_中型'],RS: 99,123.79,0,,IS,✅ RS 換倉平倉,False,RS: 99,123.79
121.756,,8058.T,1344.61,1344.61,121.756,2022-04-01,🅱️ RS 核心,2022-04-01,['NK225'],RS: 99,672.3,0,,IS,✅ RS 換倉平倉,False,RS: 99,672.3
,,LNTH,58.36,58.36,,2022-04-01,🅱️ RS 核心,2022-04-01,['S&P400_中型'],RS: 99,29.18,0,,IS,✅ RS 換倉平倉,False,RS: 99,29.18
121.756,,7826.T,2973.8,2973.8,121.756,2022-04-01,🅱️ RS 核心,2022-04-01,['TOPIX_Small500_小型'],RS: 99,1486.9,0,,IS,✅ RS 換倉平倉,False,RS: 99,1486.9
,,AA,86.39,86.39,,2022-04-01,🅱️ RS 核心,2022-04-01,['S&P400_中型'],RS: 99,43.2,0,,IS,✅ RS 換倉平倉,False,RS: 99,43.2
121.756,,3661.T,497.32,497.32,121.756,2022-04-01,🅱️ RS 核心,2022-04-01,['TOPIX_Small500_小型'],RS: 99,248.66,0,,IS,✅ RS 換倉平倉,False,RS: 99,248.66
,,AR,31.07,31.07,,2022-04-01,🅱️ RS 核心,2022-04-01,['S&P400_中型'],RS: 99,15.53,0,,IS,✅ RS 換倉平倉,False,RS: 99,15.53
,,RRC,30.28,30.28,,2022-04-01,🅱️ RS 核心,2022-04-01,['S&P400_中型'],RS: 99,15.14,0,,IS,✅ RS 換倉平倉,False,RS: 99,15.14
121.756,,7013.T,388.6,388.6,121.756,2022-04-01,🅱️ RS 核心,2022-04-01,"['NK225', 'TOPIX_Mid400_中型']",RS: 99,194.3,0,,IS,✅ RS 換倉平倉,False,RS: 99,194.3
,,DVN,49.68,49.68,,2022-04-01,🅱️ RS 核心,2022-04-01,['S&P500_大盤'],RS: 99,24.84,0,,IS,✅ RS 換倉平倉,False,RS: 99,24.84
121.756,,7731.T,1151.47,1151.47,121.756,2022-04-01,🅱️ RS 核心,2022-04-01,"['NK225', 'TOPIX_Mid400_中型']",RS: 99,575.74,0,,IS,✅ RS 換倉平倉,False,RS: 99,575.74
,,APA,36.51,36.51,,2022-04-01,🅱️ RS 核心,2022-04-01,['S&P500_大盤'],RS: 99,18.26,0,,IS,✅ RS 換倉平倉,False,RS: 99,18.26
121.756,,7912.T,1336.75,1336.75,121.756,2022-04-01,🅱️ RS 核心,2022-04-01,"['NK225', 'TOPIX_Mid400_中型']",RS: 99,668.38,0,,IS,✅ RS 換倉平倉,False,RS: 99,668.38
121.756,,9793.T,4248.47,4248.47,121.756,2022-04-01,🅱️ RS 核心,2022-04-01,['TOPIX_Small500_小型'],RS: 99,2124.23,0,,IS,✅ RS 換倉平倉,False,RS: 99,2124.23
,,OXY,54.45,54.45,,2022-04-01,🅱️ RS 核心,2022-04-01,['S&P500_大盤'],RS: 99,27.23,0,,IS,✅ RS 換倉平倉,False,RS: 99,27.23
121.756,,3762.T,1963.34,1963.34,121.756,2022-04-01,🅱️ RS 核心,2022-04-01,['TOPIX_Small500_小型'],RS: 98,981.67,0,,IS,✅ RS 換倉平倉,False,RS: 98,981.67
,,AMR,128.0,128.0,,2022-04-01,🅱️ RS 核心,2022-04-01,['S&P600_小型'],RS: 100,64.0,0,,IS,✅ RS 換倉平倉,False,RS: 100,64.0
121.756,,5726.T,1405.94,1405.94,121.756,2022-04-01,🅱️ RS 核心,2022-04-01,['TOPIX_Small500_小型'],RS: 100,702.97,0,,IS,✅ RS 換倉平倉,False,RS: 100,702.97
,,BTU,24.81,24.81,,2022-04-01,🅱️ RS 核心,2022-04-01,['S&P600_小型'],RS: 99,12.41,0,,IS,✅ RS 換倉平倉,False,RS: 99,12.41
121.756,,4722.T,1548.5,1548.5,121.756,2022-04-01,🅱️ RS 核心,2022-04-01,['TOPIX_Small500_小型'],RS: 99,774.25,0,,IS,✅ RS 換倉平倉,False,RS: 99,774.25
,,CAR,247.58,247.58,,2022-04-01,🅱️ RS 核心,2022-04-01,['S&P400_中型'],RS: 99,123.79,0,,IS,✅ RS 換倉平倉,False,RS: 99,123.79
121.756,,8058.T,1344.61,1344.61,121.756,2022-04-01,🅱️ RS 核心,2022-04-01,['NK225'],RS: 99,672.3,0,,IS,✅ RS 換倉平倉,False,RS: 99,672.3
,,LNTH,58.36,58.36,,2022-04-01,🅱️ RS 核心,2022-04-01,['S&P400_中型'],RS: 99,29.18,0,,IS,✅ RS 換倉平倉,False,RS: 99,29.18
121.756,,7826.T,2973.8,2973.8,121.756,2022-04-01,🅱️ RS 核心,2022-04-01,['TOPIX_Small500_小型'],RS: 99,1486.9,0,,IS,✅ RS 換倉平倉,False,RS: 99,1486.9
,,AA,86.39,86.39,,2022-04-01,🅱️ RS 核心,2022-04-01,['S&P400_中型'],RS: 99,43.2,0,,IS,✅ RS 換倉平倉,False,RS: 99,43.2
121.756,,3661.T,497.32,497.32,121.756,2022-04-01,🅱️ RS 核心,2022-04-01,['TOPIX_Small500_小型'],RS: 99,248.66,0,,IS,✅ RS 換倉平倉,False,RS: 99,248.66
,,AR,31.07,31.07,,2022-04-01,🅱️ RS 核心,2022-04-01,['S&P400_中型'],RS: 99,15.53,0,,IS,✅ RS 換倉平倉,False,RS: 99,15.53
,,RRC,30.28,30.28,,2022-04-01,🅱️ RS 核心,2022-04-01,['S&P400_中型'],RS: 99,15.14,0,,IS,✅ RS 換倉平倉,False,RS: 99,15.14
121.756,,7013.T,388.6,388.6,121.756,2022-04-01,🅱️ RS 核心,2022-04-01,"['NK225', 'TOPIX_Mid400_中型']",RS: 99,194.3,0,,IS,✅ RS 換倉平倉,False,RS: 99,194.3
,,DVN,49.68,49.68,,2022-04-01,🅱️ RS 核心,2022-04-01,['S&P500_大盤'],RS: 99,24.84,0,,IS,✅ RS 換倉平倉,False,RS: 99,24.84
121.756,,7731.T,1151.47,1151.47,121.756,2022-04-01,🅱️ RS 核心,2022-04-01,"['NK225', 'TOPIX_Mid400_中型']",RS: 99,575.74,0,,IS,✅ RS 換倉平倉,False,RS: 99,575.74
,,APA,36.51,36.51,,2022-04-01,🅱️ RS 核心,2022-04-01,['S&P500_大盤'],RS: 99,18.26,0,,IS,✅ RS 換倉平倉,False,RS: 99,18.26
121.756,,7912.T,1336.75,1336.75,121.756,2022-04-01,🅱️ RS 核心,2022-04-01,"['NK225', 'TOPIX_Mid400_中型']",RS: 99,668.38,0,,IS,✅ RS 換倉平倉,False,RS: 99,668.38
121.756,,9793.T,4248.47,4248.47,121.756,2022-04-01,🅱️ RS 核心,2022-04-01,['TOPIX_Small500_小型'],RS: 99,2124.23,0,,IS,✅ RS 換倉平倉,False,RS: 99,2124.23
,,OXY,54.45,54.45,,2022-04-01,🅱️ RS 核心,2022-04-01,['S&P500_大盤'],RS: 99,27.23,0,,IS,✅ RS 換倉平倉,False,RS: 99,27.23
121.756,,3762.T,1963.34,1963.34,121.756,2022-04-01,🅱️ RS 核心,2022-04-01,['TOPIX_Small500_小型'],RS: 98,981.67,0,,IS,✅ RS 換倉平倉,False,RS: 98,981.67
121.756,,5726.T,1405.94,1139.93,115.078,2022-03-01,🅱️ RS 核心,2022-04-01,['TOPIX_Small500_小型'],RS: 100,569.96,31,,IS,✅ RS 換倉平倉,False,RS: 100,569.96
,,AMR,128.0,92.22,,2022-03-01,🅱️ RS 核心,2022-04-01,['S&P600_小型'],RS: 100,46.11,31,,IS,✅ RS 換倉平倉,False,RS: 99,46.11
,,BTU,24.81,17.89,,2022-03-01,🅱️ RS 核心,2022-04-01,['S&P600_小型'],RS: 99,8.95,31,,IS,✅ RS 換倉平倉,False,RS: 99,8.95
121.756,,4722.T,1548.5,1298.62,115.078,2022-03-01,🅱️ RS 核心,2022-04-01,['TOPIX_Small500_小型'],RS: 99,649.31,31,,IS,✅ RS 換倉平倉,False,RS: 99,649.31
,,DVN,49.68,47.97,,2022-03-01,🅱️ RS 核心,2022-04-01,['S&P500_大盤'],RS: 99,23.98,31,,IS,✅ RS 換倉平倉,False,RS: 99,23.98
121.756,,3661.T,497.32,447.25,115.078,2022-03-01,🅱️ RS 核心,2022-04-01,['TOPIX_Small500_小型'],RS: 99,223.63,31,,IS,✅ RS 換倉平倉,False,RS: 99,223.63
,,CAR,247.58,171.3,,2022-03-01,🅱️ RS 核心,2022-04-01,['S&P400_中型'],RS: 99,85.65,31,,IS,✅ RS 換倉平倉,False,RS: 99,85.65
,,LNTH,58.36,49.15,,2022-03-01,🅱️ RS 核心,2022-04-01,['S&P400_中型'],RS: 99,24.58,31,,IS,✅ RS 換倉平倉,False,RS: 99,24.58
121.756,,9793.T,4248.47,4280.72,115.078,2022-03-01,🅱️ RS 核心,2022-04-01,['TOPIX_Small500_小型'],RS: 99,2140.36,31,,IS,✅ RS 換倉平倉,False,RS: 99,2140.36
121.756,,7912.T,1336.75,1373.86,115.078,2022-03-01,🅱️ RS 核心,2022-04-01,"['NK225', 'TOPIX_Mid400_中型']",RS: 99,686.93,31,,IS,✅ RS 換倉平倉,False,RS: 99,686.93
,,AA,86.39,75.98,,2022-03-01,🅱️ RS 核心,2022-04-01,['S&P400_中型'],RS: 99,37.99,31,,IS,✅ RS 換倉平倉,False,RS: 99,37.99
,,SM,37.29,34.12,,2022-03-01,🅱️ RS 核心,2022-04-01,['S&P600_小型'],RS: 98,17.06,31,,IS,✅ RS 換倉平倉,False,RS: 99,17.06
121.756,,8058.T,1344.61,1120.97,115.078,2022-03-01,🅱️ RS 核心,2022-04-01,['NK225'],RS: 99,560.49,31,,IS,✅ RS 換倉平倉,False,RS: 99,560.49
121.756,,7826.T,2973.8,2563.12,115.078,2022-03-01,🅱️ RS 核心,2022-04-01,['TOPIX_Small500_小型'],RS: 99,1281.56,31,,IS,✅ RS 換倉平倉,False,RS: 99,1281.56
,,MTDR,51.36,46.76,,2022-03-01,🅱️ RS 核心,2022-04-01,['S&P400_中型'],RS: 98,23.38,31,,IS,✅ RS 換倉平倉,False,RS: 99,23.38
121.756,,7013.T,388.6,360.05,115.078,2022-03-01,🅱️ RS 核心,2022-04-01,"['NK225', 'TOPIX_Mid400_中型']",RS: 99,180.02,31,,IS,✅ RS 換倉平倉,False,RS: 99,180.02
,,APA,36.51,32.25,,2022-03-01,🅱️ RS 核心,2022-04-01,['S&P500_大盤'],RS: 99,16.12,31,,IS,✅ RS 換倉平倉,False,RS: 99,16.12
,,CENX,26.84,26.35,,2022-03-01,🅱️ RS 核心,2022-04-01,['S&P600_小型'],RS: 98,13.18,31,,IS,✅ RS 換倉平倉,False,RS: 99,13.18
121.756,,5563.T,280.77,291.74,115.078,2022-03-01,🅱️ RS 核心,2022-04-01,['TOPIX_Small500_小型'],RS: 98,145.87,31,,IS,✅ RS 換倉平倉,False,RS: 99,145.87
,,AR,31.07,23.89,,2022-03-01,🅱️ RS 核心,2022-04-01,['S&P400_中型'],RS: 99,11.94,31,,IS,✅ RS 換倉平倉,False,RS: 99,11.94
115.078,,7826.T,2563.12,2880.6,115.121,2022-02-01,🅱️ RS 核心,2022-03-01,['TOPIX_Small500_小型'],RS: 99,1440.3,28,,IS,✅ RS 換倉平倉,False,RS: 100,1440.3
115.078,,4722.T,1298.62,1320.12,115.121,2022-02-01,🅱️ RS 核心,2022-03-01,['TOPIX_Small500_小型'],RS: 99,660.06,28,,IS,✅ RS 換倉平倉,False,RS: 99,660.06
,,CAR,171.3,170.06,,2022-02-01,🅱️ RS 核心,2022-03-01,['S&P400_中型'],RS: 99,85.03,28,,IS,✅ RS 換倉平倉,False,RS: 99,85.03
,,DVN,47.97,42.55,,2022-02-01,🅱️ RS 核心,2022-03-01,['S&P500_大盤'],RS: 99,21.27,28,,IS,✅ RS 換倉平倉,False,RS: 99,21.27
115.078,,8058.T,1120.97,1115.76,115.121,2022-02-01,🅱️ RS 核心,2022-03-01,['NK225'],RS: 99,557.88,28,,IS,✅ RS 換倉平倉,False,RS: 99,557.88
,,SM,34.12,31.85,,2022-02-01,🅱️ RS 核心,2022-03-01,['S&P600_小型'],RS: 99,15.92,28,,IS,✅ RS 換倉平倉,False,RS: 99,15.92
115.078,,9793.T,4280.72,4099.56,115.121,2022-02-01,🅱️ RS 核心,2022-03-01,['TOPIX_Small500_小型'],RS: 99,2049.78,28,,IS,✅ RS 換倉平倉,False,RS: 99,2049.78
115.078,,4680.T,404.3,415.11,115.121,2022-02-01,🅱️ RS 核心,2022-03-01,['TOPIX_Mid400_中型'],RS: 98,207.56,28,,IS,✅ RS 換倉平倉,False,RS: 99,207.56
,,PR,7.49,7.23,,2022-02-01,🅱️ RS 核心,2022-03-01,['S&P400_中型'],RS: 97,3.61,28,,IS,✅ RS 換倉平倉,False,RS: 99,3.61
,,APA,32.25,30.02,,2022-02-01,🅱️ RS 核心,2022-03-01,['S&P500_大盤'],RS: 99,15.01,28,,IS,✅ RS 換倉平倉,False,RS: 99,15.01
115.078,,7912.T,1373.86,1253.43,115.121,2022-02-01,🅱️ RS 核心,2022-03-01,"['NK225', 'TOPIX_Mid400_中型']",RS: 99,626.72,28,,IS,✅ RS 換倉平倉,False,RS: 99,626.72
,,AA,75.98,55.4,,2022-02-01,🅱️ RS 核心,2022-03-01,['S&P400_中型'],RS: 99,27.7,28,,IS,✅ RS 換倉平倉,False,RS: 99,27.7
115.078,,7731.T,1055.95,1073.43,115.121,2022-02-01,🅱️ RS 核心,2022-03-01,"['NK225', 'TOPIX_Mid400_中型']",RS: 98,536.71,28,,IS,✅ RS 換倉平倉,False,RS: 99,536.71
,,MTDR,46.76,42.16,,2022-02-01,🅱️ RS 核心,2022-03-01,['S&P400_中型'],RS: 99,21.08,28,,IS,✅ RS 換倉平倉,False,RS: 99,21.08
,,MGY,20.46,20.32,,2022-02-01,🅱️ RS 核心,2022-03-01,['S&P600_小型'],RS: 97,10.16,28,,IS,✅ RS 換倉平倉,False,RS: 99,10.16
115.078,,3661.T,447.25,375.28,115.121,2022-02-01,🅱️ RS 核心,2022-03-01,['TOPIX_Small500_小型'],RS: 99,187.64,28,,IS,✅ RS 換倉平倉,False,RS: 99,187.64
,,MUR,30.1,27.94,,2022-02-01,🅱️ RS 核心,2022-03-01,['S&P400_中型'],RS: 98,13.97,28,,IS,✅ RS 換倉平倉,False,RS: 99,13.97
,,PBF,14.6,15.63,,2022-02-01,🅱️ RS 核心,2022-03-01,['S&P400_中型'],RS: 95,7.81,28,,IS,✅ RS 換倉平倉,False,RS: 99,7.81
115.078,,8418.T,597.5,607.79,115.121,2022-02-01,🅱️ RS 核心,2022-03-01,['TOPIX_Mid400_中型'],RS: 98,303.89,28,,IS,✅ RS 換倉平倉,False,RS: 99,303.89
,,EOG,95.19,92.55,,2022-02-01,🅱️ RS 核心,2022-03-01,['S&P500_大盤'],RS: 98,46.27,28,,IS,✅ RS 換倉平倉,False,RS: 98,46.27
,,CAR,170.06,192.13,,2022-01-03,🅱️ RS 核心,2022-02-01,['S&P400_中型'],RS: 99,96.07,29,,IS,✅ RS 換倉平倉,False,RS: 100,96.07
115.121,,4722.T,1320.12,1569.99,115.142,2022-01-03,🅱️ RS 核心,2022-02-01,['TOPIX_Small500_小型'],RS: 99,785.0,29,,IS,✅ RS 換倉平倉,False,RS: 100,785.0
115.121,,7826.T,2880.6,3515.55,115.142,2022-01-03,🅱️ RS 核心,2022-02-01,['TOPIX_Small500_小型'],RS: 100,1757.78,29,,IS,✅ RS 換倉平倉,False,RS: 99,1757.78
,,SITM,236.25,294.94,,2022-01-03,🅱️ RS 核心,2022-02-01,['S&P400_中型'],RS: 95,147.47,29,,IS,✅ RS 換倉平倉,False,RS: 99,147.47
115.121,,9793.T,4099.56,4676.06,115.142,2022-01-03,🅱️ RS 核心,2022-02-01,['TOPIX_Small500_小型'],RS: 99,2338.03,29,,IS,✅ RS 換倉平倉,False,RS: 99,2338.03
,,CYTK,33.57,46.0,,2022-01-03,🅱️ RS 核心,2022-02-01,['S&P400_中型'],RS: 85,23.0,29,,IS,✅ RS 換倉平倉,False,RS: 99,23.0
115.121,,3661.T,375.28,481.37,115.142,2022-01-03,🅱️ RS 核心,2022-02-01,['TOPIX_Small500_小型'],RS: 99,240.68,29,,IS,✅ RS 換倉平倉,False,RS: 99,240.68
,,IVT,22.97,24.04,,2022-01-03,🅱️ RS 核心,2022-02-01,['S&P600_小型'],RS: 99,12.02,29,,IS,✅ RS 換倉平倉,False,RS: 99,12.02
,,SYNA,214.37,288.57,,2022-01-03,🅱️ RS 核心,2022-02-01,['S&P400_中型'],RS: 95,144.29,29,,IS,✅ RS 換倉平倉,False,RS: 99,144.29
115.121,,7912.T,1253.43,1340.05,115.142,2022-01-03,🅱️ RS 核心,2022-02-01,"['NK225', 'TOPIX_Mid400_中型']",RS: 99,670.02,29,,IS,✅ RS 換倉平倉,False,RS: 99,670.02
,,SM,31.85,28.78,,2022-01-03,🅱️ RS 核心,2022-02-01,['S&P600_小型'],RS: 99,14.39,29,,IS,✅ RS 換倉平倉,False,RS: 99,14.39
,,CUBI,58.66,67.0,,2022-01-03,🅱️ RS 核心,2022-02-01,['S&P600_小型'],RS: 98,33.5,29,,IS,✅ RS 換倉平倉,False,RS: 99,33.5
,,AOSL,46.83,62.21,,2022-01-03,🅱️ RS 核心,2022-02-01,['S&P600_小型'],RS: 96,31.1,29,,IS,✅ RS 換倉平倉,False,RS: 99,31.1
115.121,,7731.T,1073.43,1083.92,115.142,2022-01-03,🅱️ RS 核心,2022-02-01,"['NK225', 'TOPIX_Mid400_中型']",RS: 99,541.96,29,,IS,✅ RS 換倉平倉,False,RS: 99,541.96
115.121,,8058.T,1115.76,1056.74,115.142,2022-01-03,🅱️ RS 核心,2022-02-01,['NK225'],RS: 99,528.37,29,,IS,✅ RS 換倉平倉,False,RS: 99,528.37
,,ARCB,91.43,110.02,,2022-01-03,🅱️ RS 核心,2022-02-01,['S&P600_小型'],RS: 96,55.01,29,,IS,✅ RS 換倉平倉,False,RS: 99,55.01
,,ACLS,63.27,76.77,,2022-01-03,🅱️ RS 核心,2022-02-01,['S&P600_小型'],RS: 96,38.38,29,,IS,✅ RS 換倉平倉,False,RS: 99,38.38
115.121,,4680.T,415.11,421.6,115.142,2022-01-03,🅱️ RS 核心,2022-02-01,['TOPIX_Mid400_中型'],RS: 99,210.8,29,,IS,✅ RS 換倉平倉,False,RS: 99,210.8
,,CALX,52.06,77.7,,2022-01-03,🅱️ RS 核心,2022-02-01,['S&P600_小型'],RS: 85,38.85,29,,IS,✅ RS 換倉平倉,False,RS: 99,38.85
115.121,,6508.T,2292.44,2441.23,115.142,2022-01-03,🅱️ RS 核心,2022-02-01,['TOPIX_Small500_小型'],RS: 4,1220.61,29,,IS,✅ RS 換倉平倉,False,RS: 99,1220.61
,,GME,38.21,44.96,,2021-12-01,🅱️ RS 核心,2022-01-03,['S&P400_中型'],RS: 99,22.48,33,,IS,✅ RS 換倉平倉,False,RS: 100,22.48
115.142,,4722.T,1569.99,1752.76,113.299,2021-12-01,🅱️ RS 核心,2022-01-03,['TOPIX_Small500_小型'],RS: 100,876.38,33,,IS,✅ RS 換倉平倉,False,RS: 100,876.38
,,MARA,32.89,50.79,,2021-12-01,🅱️ RS 核心,2022-01-03,['S&P600_小型'],RS: 76,25.4,33,,IS,✅ RS 換倉平倉,False,RS: 99,25.4
115.142,,9793.T,4676.06,4712.67,113.299,2021-12-01,🅱️ RS 核心,2022-01-03,['TOPIX_Small500_小型'],RS: 99,2356.33,33,,IS,✅ RS 換倉平倉,False,RS: 99,2356.33
,,CAR,192.13,240.63,,2021-12-01,🅱️ RS 核心,2022-01-03,['S&P400_中型'],RS: 100,120.32,33,,IS,✅ RS 換倉平倉,False,RS: 99,120.32
,,ASTH,67.04,85.38,,2021-12-01,🅱️ RS 核心,2022-01-03,['S&P600_小型'],RS: 97,42.69,33,,IS,✅ RS 換倉平倉,False,RS: 99,42.69
115.142,,7826.T,3515.55,3058.27,113.299,2021-12-01,🅱️ RS 核心,2022-01-03,['TOPIX_Small500_小型'],RS: 99,1529.13,33,,IS,✅ RS 換倉平倉,False,RS: 99,1529.13
,,SITM,294.94,302.44,,2021-12-01,🅱️ RS 核心,2022-01-03,['S&P400_中型'],RS: 99,151.22,33,,IS,✅ RS 換倉平倉,False,RS: 99,151.22
115.142,,3661.T,481.37,476.69,113.299,2021-12-01,🅱️ RS 核心,2022-01-03,['TOPIX_Small500_小型'],RS: 99,238.35,33,,IS,✅ RS 換倉平倉,False,RS: 99,238.35
,,SYNA,288.57,286.95,,2021-12-01,🅱️ RS 核心,2022-01-03,['S&P400_中型'],RS: 99,143.48,33,,IS,✅ RS 換倉平倉,False,RS: 99,143.48
,,SM,28.78,24.72,,2021-12-01,🅱️ RS 核心,2022-01-03,['S&P600_小型'],RS: 99,12.36,33,,IS,✅ RS 換倉平倉,False,RS: 99,12.36
115.142,,7731.T,1083.92,1046.33,113.299,2021-12-01,🅱️ RS 核心,2022-01-03,"['NK225', 'TOPIX_Mid400_中型']",RS: 99,523.17,33,,IS,✅ RS 換倉平倉,False,RS: 99,523.17
,,BTU,10.81,9.04,,2021-12-01,🅱️ RS 核心,2022-01-03,['S&P600_小型'],RS: 97,4.52,33,,IS,✅ RS 換倉平倉,False,RS: 99,4.52
,,SIG,87.84,87.76,,2021-12-01,🅱️ RS 核心,2022-01-03,['S&P600_小型'],RS: 96,43.88,33,,IS,✅ RS 換倉平倉,False,RS: 99,43.88
115.142,,8058.T,1056.74,992.5,113.299,2021-12-01,🅱️ RS 核心,2022-01-03,['NK225'],RS: 99,496.25,33,,IS,✅ RS 換倉平倉,False,RS: 99,496.25
115.142,,7912.T,1340.05,1250.65,113.299,2021-12-01,🅱️ RS 核心,2022-01-03,"['NK225', 'TOPIX_Mid400_中型']",RS: 99,625.33,33,,IS,✅ RS 換倉平倉,False,RS: 99,625.33
,,BOOT,122.36,121.28,,2021-12-01,🅱️ RS 核心,2022-01-03,['S&P600_小型'],RS: 98,60.64,33,,IS,✅ RS 換倉平倉,False,RS: 99,60.64
,,DOCN,75.29,87.46,,2021-12-01,🅱️ RS 核心,2022-01-03,['S&P400_中型'],RS: 83,43.73,33,,IS,✅ RS 換倉平倉,False,RS: 99,43.73
115.142,,7701.T,4535.39,4474.67,113.299,2021-12-01,🅱️ RS 核心,2022-01-03,['TOPIX_Mid400_中型'],RS: 98,2237.33,33,,IS,✅ RS 換倉平倉,False,RS: 99,2237.33
,,CHRD,85.16,73.84,,2021-12-01,🅱️ RS 核心,2022-01-03,['S&P400_中型'],RS: 99,36.92,33,,IS,✅ RS 換倉平倉,False,RS: 99,36.92
113.299,,9793.T,4712.67,4932.29,114.236,2021-11-01,🅱️ RS 核心,2021-12-01,['TOPIX_Small500_小型'],RS: 99,2466.14,30,,IS,✅ RS 換倉平倉,False,RS: 100,2466.14
,,MARA,50.79,55.51,,2021-11-01,🅱️ RS 核心,2021-12-01,['S&P600_小型'],RS: 99,27.75,30,,IS,✅ RS 換倉平倉,False,RS: 99,27.75
113.299,,4722.T,1752.76,1559.49,114.236,2021-11-01,🅱️ RS 核心,2021-12-01,['TOPIX_Small500_小型'],RS: 100,779.75,30,,IS,✅ RS 換倉平倉,False,RS: 99,779.75
,,SM,24.72,33.32,,2021-11-01,🅱️ RS 核心,2021-12-01,['S&P600_小型'],RS: 99,16.66,30,,IS,✅ RS 換倉平倉,False,RS: 99,16.66
,,GME,44.96,50.02,,2021-11-01,🅱️ RS 核心,2021-12-01,['S&P400_中型'],RS: 100,25.01,30,,IS,✅ RS 換倉平倉,False,RS: 99,25.01
,,BTU,9.04,11.56,,2021-11-01,🅱️ RS 核心,2021-12-01,['S&P600_小型'],RS: 99,5.78,30,,IS,✅ RS 換倉平倉,False,RS: 99,5.78
113.299,,7013.T,285.95,357.43,114.236,2021-11-01,🅱️ RS 核心,2021-12-01,"['NK225', 'TOPIX_Mid400_中型']",RS: 3,178.72,30,,IS,✅ RS 換倉平倉,False,RS: 99,178.72
,,PR,4.98,6.5,,2021-11-01,🅱️ RS 核心,2021-12-01,['S&P400_中型'],RS: 98,3.25,30,,IS,✅ RS 換倉平倉,False,RS: 99,3.25
113.299,,7731.T,1046.33,1106.65,114.236,2021-11-01,🅱️ RS 核心,2021-12-01,"['NK225', 'TOPIX_Mid400_中型']",RS: 99,553.32,30,,IS,✅ RS 換倉平倉,False,RS: 99,553.32
,,AR,15.83,20.38,,2021-11-01,🅱️ RS 核心,2021-12-01,['S&P400_中型'],RS: 98,10.19,30,,IS,✅ RS 換倉平倉,False,RS: 99,10.19
113.299,,8058.T,992.5,1059.34,114.236,2021-11-01,🅱️ RS 核心,2021-12-01,['NK225'],RS: 99,529.67,30,,IS,✅ RS 換倉平倉,False,RS: 99,529.67
,,MTDR,32.49,40.13,,2021-11-01,🅱️ RS 核心,2021-12-01,['S&P400_中型'],RS: 97,20.06,30,,IS,✅ RS 換倉平倉,False,RS: 99,20.06
113.299,,7912.T,1250.65,1328.47,114.236,2021-11-01,🅱️ RS 核心,2021-12-01,"['NK225', 'TOPIX_Mid400_中型']",RS: 99,664.23,30,,IS,✅ RS 換倉平倉,False,RS: 99,664.23
,,CAR,240.63,162.91,,2021-11-01,🅱️ RS 核心,2021-12-01,['S&P400_中型'],RS: 99,81.45,30,,IS,✅ RS 換倉平倉,False,RS: 99,81.45
113.299,,4680.T,394.1,422.84,114.236,2021-11-01,🅱️ RS 核心,2021-12-01,['TOPIX_Mid400_中型'],RS: 98,211.42,30,,IS,✅ RS 換倉平倉,False,RS: 99,211.42
,,SITM,302.44,269.56,,2021-11-01,🅱️ RS 核心,2021-12-01,['S&P400_中型'],RS: 99,134.78,30,,IS,✅ RS 換倉平倉,False,RS: 99,134.78
,,ASTH,85.38,70.67,,2021-11-01,🅱️ RS 核心,2021-12-01,['S&P600_小型'],RS: 99,35.33,30,,IS,✅ RS 換倉平倉,False,RS: 99,35.33
113.299,,7701.T,4474.67,4385.92,114.236,2021-11-01,🅱️ RS 核心,2021-12-01,['TOPIX_Mid400_中型'],RS: 99,2192.96,30,,IS,✅ RS 換倉平倉,False,RS: 99,2192.96
,,MRNA,310.61,337.17,,2021-11-01,🅱️ RS 核心,2021-12-01,['S&P500_大盤'],RS: 96,168.59,30,,IS,✅ RS 換倉平倉,False,RS: 99,168.59
113.299,,5563.T,237.63,303.1,114.236,2021-11-01,🅱️ RS 核心,2021-12-01,['TOPIX_Small500_小型'],RS: 3,151.55,30,,IS,✅ RS 換倉平倉,False,RS: 98,151.55
114.236,,9793.T,4932.29,4291.73,111.461,2021-10-01,🅱️ RS 核心,2021-11-01,['TOPIX_Small500_小型'],RS: 100,2145.86,31,,IS,✅ RS 換倉平倉,False,RS: 100,2145.86
,,SM,33.32,25.33,,2021-10-01,🅱️ RS 核心,2021-11-01,['S&P600_小型'],RS: 99,12.66,31,,IS,✅ RS 換倉平倉,False,RS: 99,12.66
114.236,,7013.T,357.43,364.62,111.461,2021-10-01,🅱️ RS 核心,2021-11-01,"['NK225', 'TOPIX_Mid400_中型']",RS: 99,182.31,31,,IS,✅ RS 換倉平倉,False,RS: 99,182.31
,,GME,50.02,44.23,,2021-10-01,🅱️ RS 核心,2021-11-01,['S&P400_中型'],RS: 99,22.11,31,,IS,✅ RS 換倉平倉,False,RS: 99,22.11
,,BTU,11.56,14.92,,2021-10-01,🅱️ RS 核心,2021-11-01,['S&P600_小型'],RS: 99,7.46,31,,IS,✅ RS 換倉平倉,False,RS: 99,7.46
114.236,,8584.T,2466.37,2431.49,111.461,2021-10-01,🅱️ RS 核心,2021-11-01,['TOPIX_Small500_小型'],RS: 99,1215.74,31,,IS,✅ RS 換倉平倉,False,RS: 99,1215.74
,,MARA,55.51,33.17,,2021-10-01,🅱️ RS 核心,2021-11-01,['S&P600_小型'],RS: 99,16.58,31,,IS,✅ RS 換倉平倉,False,RS: 99,16.58
114.236,,7731.T,1106.65,1078.67,111.461,2021-10-01,🅱️ RS 核心,2021-11-01,"['NK225', 'TOPIX_Mid400_中型']",RS: 99,539.34,31,,IS,✅ RS 換倉平倉,False,RS: 99,539.34
,,PR,6.5,6.09,,2021-10-01,🅱️ RS 核心,2021-11-01,['S&P400_中型'],RS: 99,3.04,31,,IS,✅ RS 換倉平倉,False,RS: 99,3.04
114.236,,4680.T,422.84,465.81,111.461,2021-10-01,🅱️ RS 核心,2021-11-01,['TOPIX_Mid400_中型'],RS: 99,232.9,31,,IS,✅ RS 換倉平倉,False,RS: 99,232.9
,,ASTH,70.67,89.42,,2021-10-01,🅱️ RS 核心,2021-11-01,['S&P600_小型'],RS: 99,44.71,31,,IS,✅ RS 換倉平倉,False,RS: 99,44.71
114.236,,7701.T,4385.92,4498.02,111.461,2021-10-01,🅱️ RS 核心,2021-11-01,['TOPIX_Mid400_中型'],RS: 99,2249.01,31,,IS,✅ RS 換倉平倉,False,RS: 99,2249.01
114.236,,4722.T,1559.49,1220.93,111.461,2021-10-01,🅱️ RS 核心,2021-11-01,['TOPIX_Small500_小型'],RS: 99,610.47,31,,IS,✅ RS 換倉平倉,False,RS: 99,610.47
,,AR,20.38,19.18,,2021-10-01,🅱️ RS 核心,2021-11-01,['S&P400_中型'],RS: 99,9.59,31,,IS,✅ RS 換倉平倉,False,RS: 99,9.59
,,MRNA,337.17,341.09,,2021-10-01,🅱️ RS 核心,2021-11-01,['S&P500_大盤'],RS: 99,170.54,31,,IS,✅ RS 換倉平倉,False,RS: 99,170.54
114.236,,7826.T,2673.8,2461.18,111.461,2021-10-01,🅱️ RS 核心,2021-11-01,['TOPIX_Small500_小型'],RS: 98,1230.59,31,,IS,✅ RS 換倉平倉,False,RS: 99,1230.59
,,CELH,33.8,31.4,,2021-10-01,🅱️ RS 核心,2021-11-01,['S&P400_中型'],RS: 98,15.7,31,,IS,✅ RS 換倉平倉,False,RS: 99,15.7
,,MTDR,40.13,36.31,,2021-10-01,🅱️ RS 核心,2021-11-01,['S&P400_中型'],RS: 99,18.16,31,,IS,✅ RS 換倉平倉,False,RS: 99,18.16
114.236,,7912.T,1328.47,1248.8,111.461,2021-10-01,🅱️ RS 核心,2021-11-01,"['NK225', 'TOPIX_Mid400_中型']",RS: 99,624.4,31,,IS,✅ RS 換倉平倉,False,RS: 99,624.4
,,DVN,33.36,29.24,,2021-10-01,🅱️ RS 核心,2021-11-01,['S&P500_大盤'],RS: 98,14.62,31,,IS,✅ RS 換倉平倉,False,RS: 99,14.62
111.461,,9793.T,4291.73,4291.73,111.461,2021-10-01,🅱️ RS 核心,2021-10-01,['TOPIX_Small500_小型'],RS: 100,2145.86,0,,IS,✅ RS 換倉平倉,False,RS: 100,2145.86
,,SM,25.33,25.33,,2021-10-01,🅱️ RS 核心,2021-10-01,['S&P600_小型'],RS: 99,12.66,0,,IS,✅ RS 換倉平倉,False,RS: 99,12.66
111.461,,7013.T,364.62,364.62,111.461,2021-10-01,🅱️ RS 核心,2021-10-01,"['NK225', 'TOPIX_Mid400_中型']",RS: 99,182.31,0,,IS,✅ RS 換倉平倉,False,RS: 99,182.31
,,GME,44.23,44.23,,2021-10-01,🅱️ RS 核心,2021-10-01,['S&P400_中型'],RS: 99,22.11,0,,IS,✅ RS 換倉平倉,False,RS: 99,22.11
,,BTU,14.92,14.92,,2021-10-01,🅱️ RS 核心,2021-10-01,['S&P600_小型'],RS: 99,7.46,0,,IS,✅ RS 換倉平倉,False,RS: 99,7.46
111.461,,8584.T,2431.49,2431.49,111.461,2021-10-01,🅱️ RS 核心,2021-10-01,['TOPIX_Small500_小型'],RS: 99,1215.74,0,,IS,✅ RS 換倉平倉,False,RS: 99,1215.74
,,MARA,33.17,33.17,,2021-10-01,🅱️ RS 核心,2021-10-01,['S&P600_小型'],RS: 99,16.58,0,,IS,✅ RS 換倉平倉,False,RS: 99,16.58
111.461,,7731.T,1078.67,1078.67,111.461,2021-10-01,🅱️ RS 核心,2021-10-01,"['NK225', 'TOPIX_Mid400_中型']",RS: 99,539.34,0,,IS,✅ RS 換倉平倉,False,RS: 99,539.34
,,PR,6.09,6.09,,2021-10-01,🅱️ RS 核心,2021-10-01,['S&P400_中型'],RS: 99,3.04,0,,IS,✅ RS 換倉平倉,False,RS: 99,3.04
111.461,,4680.T,465.81,465.81,111.461,2021-10-01,🅱️ RS 核心,2021-10-01,['TOPIX_Mid400_中型'],RS: 99,232.9,0,,IS,✅ RS 換倉平倉,False,RS: 99,232.9
,,ASTH,89.42,89.42,,2021-10-01,🅱️ RS 核心,2021-10-01,['S&P600_小型'],RS: 99,44.71,0,,IS,✅ RS 換倉平倉,False,RS: 99,44.71
111.461,,7701.T,4498.02,4498.02,111.461,2021-10-01,🅱️ RS 核心,2021-10-01,['TOPIX_Mid400_中型'],RS: 99,2249.01,0,,IS,✅ RS 換倉平倉,False,RS: 99,2249.01
111.461,,4722.T,1220.93,1220.93,111.461,2021-10-01,🅱️ RS 核心,2021-10-01,['TOPIX_Small500_小型'],RS: 99,610.47,0,,IS,✅ RS 換倉平倉,False,RS: 99,610.47
,,AR,19.18,19.18,,2021-10-01,🅱️ RS 核心,2021-10-01,['S&P400_中型'],RS: 99,9.59,0,,IS,✅ RS 換倉平倉,False,RS: 99,9.59
,,MRNA,341.09,341.09,,2021-10-01,🅱️ RS 核心,2021-10-01,['S&P500_大盤'],RS: 99,170.54,0,,IS,✅ RS 換倉平倉,False,RS: 99,170.54
111.461,,7826.T,2461.18,2461.18,111.461,2021-10-01,🅱️ RS 核心,2021-10-01,['TOPIX_Small500_小型'],RS: 99,1230.59,0,,IS,✅ RS 換倉平倉,False,RS: 99,1230.59
,,CELH,31.4,31.4,,2021-10-01,🅱️ RS 核心,2021-10-01,['S&P400_中型'],RS: 99,15.7,0,,IS,✅ RS 換倉平倉,False,RS: 99,15.7
,,MTDR,36.31,36.31,,2021-10-01,🅱️ RS 核心,2021-10-01,['S&P400_中型'],RS: 99,18.16,0,,IS,✅ RS 換倉平倉,False,RS: 99,18.16
111.461,,7912.T,1248.8,1248.8,111.461,2021-10-01,🅱️ RS 核心,2021-10-01,"['NK225', 'TOPIX_Mid400_中型']",RS: 99,624.4,0,,IS,✅ RS 換倉平倉,False,RS: 99,624.4
,,DVN,29.24,29.24,,2021-10-01,🅱️ RS 核心,2021-10-01,['S&P500_大盤'],RS: 99,14.62,0,,IS,✅ RS 換倉平倉,False,RS: 99,14.62
111.461,,9793.T,4291.73,4291.73,111.461,2021-10-01,🅱️ RS 核心,2021-10-01,['TOPIX_Small500_小型'],RS: 100,2145.86,0,,IS,✅ RS 換倉平倉,False,RS: 100,2145.86
,,SM,25.33,25.33,,2021-10-01,🅱️ RS 核心,2021-10-01,['S&P600_小型'],RS: 99,12.66,0,,IS,✅ RS 換倉平倉,False,RS: 99,12.66
111.461,,7013.T,364.62,364.62,111.461,2021-10-01,🅱️ RS 核心,2021-10-01,"['NK225', 'TOPIX_Mid400_中型']",RS: 99,182.31,0,,IS,✅ RS 換倉平倉,False,RS: 99,182.31
,,GME,44.23,44.23,,2021-10-01,🅱️ RS 核心,2021-10-01,['S&P400_中型'],RS: 99,22.11,0,,IS,✅ RS 換倉平倉,False,RS: 99,22.11
,,BTU,14.92,14.92,,2021-10-01,🅱️ RS 核心,2021-10-01,['S&P600_小型'],RS: 99,7.46,0,,IS,✅ RS 換倉平倉,False,RS: 99,7.46
111.461,,8584.T,2431.49,2431.49,111.461,2021-10-01,🅱️ RS 核心,2021-10-01,['TOPIX_Small500_小型'],RS: 99,1215.74,0,,IS,✅ RS 換倉平倉,False,RS: 99,1215.74
,,MARA,33.17,33.17,,2021-10-01,🅱️ RS 核心,2021-10-01,['S&P600_小型'],RS: 99,16.58,0,,IS,✅ RS 換倉平倉,False,RS: 99,16.58
111.461,,7731.T,1078.67,1078.67,111.461,2021-10-01,🅱️ RS 核心,2021-10-01,"['NK225', 'TOPIX_Mid400_中型']",RS: 99,539.34,0,,IS,✅ RS 換倉平倉,False,RS: 99,539.34
,,PR,6.09,6.09,,2021-10-01,🅱️ RS 核心,2021-10-01,['S&P400_中型'],RS: 99,3.04,0,,IS,✅ RS 換倉平倉,False,RS: 99,3.04
111.461,,4680.T,465.81,465.81,111.461,2021-10-01,🅱️ RS 核心,2021-10-01,['TOPIX_Mid400_中型'],RS: 99,232.9,0,,IS,✅ RS 換倉平倉,False,RS: 99,232.9
,,ASTH,89.42,89.42,,2021-10-01,🅱️ RS 核心,2021-10-01,['S&P600_小型'],RS: 99,44.71,0,,IS,✅ RS 換倉平倉,False,RS: 99,44.71
111.461,,7701.T,4498.02,4498.02,111.461,2021-10-01,🅱️ RS 核心,2021-10-01,['TOPIX_Mid400_中型'],RS: 99,2249.01,0,,IS,✅ RS 換倉平倉,False,RS: 99,2249.01
111.461,,4722.T,1220.93,1220.93,111.461,2021-10-01,🅱️ RS 核心,2021-10-01,['TOPIX_Small500_小型'],RS: 99,610.47,0,,IS,✅ RS 換倉平倉,False,RS: 99,610.47
,,AR,19.18,19.18,,2021-10-01,🅱️ RS 核心,2021-10-01,['S&P400_中型'],RS: 99,9.59,0,,IS,✅ RS 換倉平倉,False,RS: 99,9.59
,,MRNA,341.09,341.09,,2021-10-01,🅱️ RS 核心,2021-10-01,['S&P500_大盤'],RS: 99,170.54,0,,IS,✅ RS 換倉平倉,False,RS: 99,170.54
111.461,,7826.T,2461.18,2461.18,111.461,2021-10-01,🅱️ RS 核心,2021-10-01,['TOPIX_Small500_小型'],RS: 99,1230.59,0,,IS,✅ RS 換倉平倉,False,RS: 99,1230.59
,,CELH,31.4,31.4,,2021-10-01,🅱️ RS 核心,2021-10-01,['S&P400_中型'],RS: 99,15.7,0,,IS,✅ RS 換倉平倉,False,RS: 99,15.7
,,MTDR,36.31,36.31,,2021-10-01,🅱️ RS 核心,2021-10-01,['S&P400_中型'],RS: 99,18.16,0,,IS,✅ RS 換倉平倉,False,RS: 99,18.16
111.461,,7912.T,1248.8,1248.8,111.461,2021-10-01,🅱️ RS 核心,2021-10-01,"['NK225', 'TOPIX_Mid400_中型']",RS: 99,624.4,0,,IS,✅ RS 換倉平倉,False,RS: 99,624.4
,,DVN,29.24,29.24,,2021-10-01,🅱️ RS 核心,2021-10-01,['S&P500_大盤'],RS: 99,14.62,0,,IS,✅ RS 換倉平倉,False,RS: 99,14.62
111.461,,9793.T,4291.73,4177.34,110.056,2021-09-01,🅱️ RS 核心,2021-10-01,['TOPIX_Small500_小型'],RS: 100,2088.67,30,,IS,✅ RS 換倉平倉,False,RS: 100,2088.67
,,GME,44.23,53.24,,2021-09-01,🅱️ RS 核心,2021-10-01,['S&P400_中型'],RS: 99,26.62,30,,IS,✅ RS 換倉平倉,False,RS: 99,26.62
111.461,,8584.T,2431.49,2200.85,110.056,2021-09-01,🅱️ RS 核心,2021-10-01,['TOPIX_Small500_小型'],RS: 99,1100.43,30,,IS,✅ RS 換倉平倉,False,RS: 99,1100.43
,,MARA,33.17,41.18,,2021-09-01,🅱️ RS 核心,2021-10-01,['S&P600_小型'],RS: 99,20.59,30,,IS,✅ RS 換倉平倉,False,RS: 99,20.59
,,BTU,14.92,16.37,,2021-09-01,🅱️ RS 核心,2021-10-01,['S&P600_小型'],RS: 99,8.19,30,,IS,✅ RS 換倉平倉,False,RS: 99,8.19
111.461,,7731.T,1078.67,1039.74,110.056,2021-09-01,🅱️ RS 核心,2021-10-01,"['NK225', 'TOPIX_Mid400_中型']",RS: 99,519.87,30,,IS,✅ RS 換倉平倉,False,RS: 99,519.87
,,SM,25.33,17.14,,2021-09-01,🅱️ RS 核心,2021-10-01,['S&P600_小型'],RS: 99,8.57,30,,IS,✅ RS 換倉平倉,False,RS: 99,8.57
111.461,,7701.T,4498.02,4633.59,110.056,2021-09-01,🅱️ RS 核心,2021-10-01,['TOPIX_Mid400_中型'],RS: 99,2316.79,30,,IS,✅ RS 換倉平倉,False,RS: 99,2316.79
,,MRNA,341.09,389.94,,2021-09-01,🅱️ RS 核心,2021-10-01,['S&P500_大盤'],RS: 99,194.97,30,,IS,✅ RS 換倉平倉,False,RS: 99,194.97
,,PR,6.09,4.37,,2021-09-01,🅱️ RS 核心,2021-10-01,['S&P400_中型'],RS: 99,2.18,30,,IS,✅ RS 換倉平倉,False,RS: 99,2.18
111.461,,6367.T,22035.32,25801.57,110.056,2021-09-01,🅱️ RS 核心,2021-10-01,['NK225'],RS: 98,12900.78,30,,IS,✅ RS 換倉平倉,False,RS: 99,12900.78
,,ASTH,89.42,76.86,,2021-09-01,🅱️ RS 核心,2021-10-01,['S&P600_小型'],RS: 99,38.43,30,,IS,✅ RS 換倉平倉,False,RS: 99,38.43
111.461,,4722.T,1220.93,1086.76,110.056,2021-09-01,🅱️ RS 核心,2021-10-01,['TOPIX_Small500_小型'],RS: 99,543.38,30,,IS,✅ RS 換倉平倉,False,RS: 99,543.38
111.461,,4680.T,465.81,418.2,110.056,2021-09-01,🅱️ RS 核心,2021-10-01,['TOPIX_Mid400_中型'],RS: 99,209.1,30,,IS,✅ RS 換倉平倉,False,RS: 99,209.1
,,AR,19.18,14.68,,2021-09-01,🅱️ RS 核心,2021-10-01,['S&P400_中型'],RS: 99,7.34,30,,IS,✅ RS 換倉平倉,False,RS: 99,7.34
111.461,,7826.T,2461.18,2434.97,110.056,2021-09-01,🅱️ RS 核心,2021-10-01,['TOPIX_Small500_小型'],RS: 99,1217.48,30,,IS,✅ RS 換倉平倉,False,RS: 99,1217.48
,,OLN,44.12,46.51,,2021-09-01,🅱️ RS 核心,2021-10-01,['S&P400_中型'],RS: 96,23.26,30,,IS,✅ RS 換倉平倉,False,RS: 99,23.26
,,SIG,76.84,76.01,,2021-09-01,🅱️ RS 核心,2021-10-01,['S&P600_小型'],RS: 98,38.0,30,,IS,✅ RS 換倉平倉,False,RS: 99,38.0
111.461,,5563.T,251.37,261.88,110.056,2021-09-01,🅱️ RS 核心,2021-10-01,['TOPIX_Small500_小型'],RS: 97,130.94,30,,IS,✅ RS 換倉平倉,False,RS: 99,130.94
,,MSTR,61.25,70.25,,2021-09-01,🅱️ RS 核心,2021-10-01,['NDX100_科技'],RS: 97,35.12,30,,IS,✅ RS 換倉平倉,False,RS: 99,35.12
110.056,,9793.T,4177.34,3951.87,109.706,2021-08-02,🅱️ RS 核心,2021-09-01,['TOPIX_Small500_小型'],RS: 100,1975.93,30,,IS,✅ RS 換倉平倉,False,RS: 100,1975.93
,,GME,53.24,39.41,,2021-08-02,🅱️ RS 核心,2021-09-01,['S&P400_中型'],RS: 99,19.71,30,,IS,✅ RS 換倉平倉,False,RS: 99,19.71
110.056,,7013.T,322.5,328.7,109.706,2021-08-02,🅱️ RS 核心,2021-09-01,"['NK225', 'TOPIX_Mid400_中型']",RS: 99,164.35,30,,IS,✅ RS 換倉平倉,False,RS: 99,164.35
,,ASTH,76.86,89.16,,2021-08-02,🅱️ RS 核心,2021-09-01,['S&P600_小型'],RS: 99,44.58,30,,IS,✅ RS 換倉平倉,False,RS: 99,44.58
,,MARA,41.18,28.23,,2021-08-02,🅱️ RS 核心,2021-09-01,['S&P600_小型'],RS: 99,14.11,30,,IS,✅ RS 換倉平倉,False,RS: 99,14.11
,,BTU,16.37,11.16,,2021-08-02,🅱️ RS 核心,2021-09-01,['S&P600_小型'],RS: 99,5.58,30,,IS,✅ RS 換倉平倉,False,RS: 99,5.58
110.056,,4118.T,3894.24,3847.11,109.706,2021-08-02,🅱️ RS 核心,2021-09-01,['TOPIX_Mid400_中型'],RS: 98,1923.56,30,,IS,✅ RS 換倉平倉,False,RS: 99,1923.56
,,SM,17.14,17.02,,2021-08-02,🅱️ RS 核心,2021-09-01,['S&P600_小型'],RS: 99,8.51,30,,IS,✅ RS 換倉平倉,False,RS: 99,8.51
,,MRNA,389.94,346.61,,2021-08-02,🅱️ RS 核心,2021-09-01,['S&P500_大盤'],RS: 99,173.3,30,,IS,✅ RS 換倉平倉,False,RS: 99,173.3
,,PR,4.37,4.38,,2021-08-02,🅱️ RS 核心,2021-09-01,['S&P400_中型'],RS: 99,2.19,30,,IS,✅ RS 換倉平倉,False,RS: 99,2.19
,,SIG,76.01,61.63,,2021-08-02,🅱️ RS 核心,2021-09-01,['S&P600_小型'],RS: 99,30.81,30,,IS,✅ RS 換倉平倉,False,RS: 99,30.81
110.056,,8058.T,945.08,894.88,109.706,2021-08-02,🅱️ RS 核心,2021-09-01,['NK225'],RS: 98,447.44,30,,IS,✅ RS 換倉平倉,False,RS: 99,447.44
,,OLN,46.51,41.37,,2021-08-02,🅱️ RS 核心,2021-09-01,['S&P400_中型'],RS: 99,20.68,30,,IS,✅ RS 換倉平倉,False,RS: 99,20.68
110.056,,7912.T,1221.69,1195.13,109.706,2021-08-02,🅱️ RS 核心,2021-09-01,"['NK225', 'TOPIX_Mid400_中型']",RS: 98,597.57,30,,IS,✅ RS 換倉平倉,False,RS: 99,597.57
,,CROX,143.36,136.64,,2021-08-02,🅱️ RS 核心,2021-09-01,['S&P400_中型'],RS: 98,68.32,30,,IS,✅ RS 換倉平倉,False,RS: 99,68.32
,,CLF,24.03,23.94,,2021-08-02,🅱️ RS 核心,2021-09-01,['S&P400_中型'],RS: 99,11.97,30,,IS,✅ RS 換倉平倉,False,RS: 99,11.97
110.056,,7701.T,4633.59,4196.28,109.706,2021-08-02,🅱️ RS 核心,2021-09-01,['TOPIX_Mid400_中型'],RS: 99,2098.14,30,,IS,✅ RS 換倉平倉,False,RS: 99,2098.14
,,AR,14.68,13.05,,2021-08-02,🅱️ RS 核心,2021-09-01,['S&P400_中型'],RS: 99,6.53,30,,IS,✅ RS 換倉平倉,False,RS: 98,6.53
,,MSTR,70.25,63.78,,2021-08-02,🅱️ RS 核心,2021-09-01,['NDX100_科技'],RS: 99,31.89,30,,IS,✅ RS 換倉平倉,False,RS: 98,31.89
,,XPEL,77.0,92.95,,2021-08-02,🅱️ RS 核心,2021-09-01,['S&P600_小型'],RS: 97,46.47,30,,IS,✅ RS 換倉平倉,False,RS: 98,46.47
,,CHRD,56.42,65.62,,2021-07-01,🅱️ RS 核心,2021-08-02,['S&P400_中型'],RS: 100,32.81,32,,IS,✅ RS 換倉平倉,False,RS: 100,32.81
109.706,,4680.T,326.7,420.96,111.124,2021-07-01,🅱️ RS 核心,2021-08-02,['TOPIX_Mid400_中型'],RS: 98,210.48,32,,IS,✅ RS 換倉平倉,False,RS: 100,210.48
,,GME,39.41,51.09,,2021-07-01,🅱️ RS 核心,2021-08-02,['S&P400_中型'],RS: 99,25.55,32,,IS,✅ RS 換倉平倉,False,RS: 99,25.55
109.706,,9793.T,3951.87,3561.23,111.124,2021-07-01,🅱️ RS 核心,2021-08-02,['TOPIX_Small500_小型'],RS: 100,1780.62,32,,IS,✅ RS 換倉平倉,False,RS: 99,1780.62
,,MARA,28.23,30.69,,2021-07-01,🅱️ RS 核心,2021-08-02,['S&P600_小型'],RS: 99,15.35,32,,IS,✅ RS 換倉平倉,False,RS: 99,15.35
,,PR,4.38,6.24,,2021-07-01,🅱️ RS 核心,2021-08-02,['S&P400_中型'],RS: 99,3.12,32,,IS,✅ RS 換倉平倉,False,RS: 99,3.12
109.706,,7731.T,891.7,1033.71,111.124,2021-07-01,🅱️ RS 核心,2021-08-02,"['NK225', 'TOPIX_Mid400_中型']",RS: 98,516.86,32,,IS,✅ RS 換倉平倉,False,RS: 99,516.86
,,SM,17.02,23.19,,2021-07-01,🅱️ RS 核心,2021-08-02,['S&P600_小型'],RS: 99,11.6,32,,IS,✅ RS 換倉平倉,False,RS: 99,11.6
,,SIG,61.63,74.99,,2021-07-01,🅱️ RS 核心,2021-08-02,['S&P600_小型'],RS: 99,37.49,32,,IS,✅ RS 換倉平倉,False,RS: 99,37.49
,,AR,13.05,15.06,,2021-07-01,🅱️ RS 核心,2021-08-02,['S&P400_中型'],RS: 98,7.53,32,,IS,✅ RS 換倉平倉,False,RS: 99,7.53
109.706,,4118.T,3847.11,3795.7,111.124,2021-07-01,🅱️ RS 核心,2021-08-02,['TOPIX_Mid400_中型'],RS: 99,1897.85,32,,IS,✅ RS 換倉平倉,False,RS: 99,1897.85
,,ASTH,89.16,65.48,,2021-07-01,🅱️ RS 核心,2021-08-02,['S&P600_小型'],RS: 99,32.74,32,,IS,✅ RS 換倉平倉,False,RS: 99,32.74
109.706,,7013.T,328.7,339.82,111.124,2021-07-01,🅱️ RS 核心,2021-08-02,"['NK225', 'TOPIX_Mid400_中型']",RS: 99,169.91,32,,IS,✅ RS 換倉平倉,False,RS: 99,169.91
109.706,,3661.T,376.21,390.23,111.124,2021-07-01,🅱️ RS 核心,2021-08-02,['TOPIX_Small500_小型'],RS: 99,195.12,32,,IS,✅ RS 換倉平倉,False,RS: 99,195.12
,,MTDR,27.35,33.69,,2021-07-01,🅱️ RS 核心,2021-08-02,['S&P400_中型'],RS: 98,16.85,32,,IS,✅ RS 換倉平倉,False,RS: 99,16.85
,,ANF,37.53,46.29,,2021-07-01,🅱️ RS 核心,2021-08-02,['S&P400_中型'],RS: 98,23.15,32,,IS,✅ RS 換倉平倉,False,RS: 99,23.15
109.706,,3289.T,527.3,563.08,111.124,2021-07-01,🅱️ RS 核心,2021-08-02,"['NK225', 'TOPIX_Mid400_中型']",RS: 97,281.54,32,,IS,✅ RS 換倉平倉,False,RS: 99,281.54
,,MSTR,63.78,65.09,,2021-07-01,🅱️ RS 核心,2021-08-02,['NDX100_科技'],RS: 98,32.54,32,,IS,✅ RS 換倉平倉,False,RS: 99,32.54
,,CELH,23.09,24.24,,2021-07-01,🅱️ RS 核心,2021-08-02,['S&P400_中型'],RS: 97,12.12,32,,IS,✅ RS 換倉平倉,False,RS: 99,12.12
109.706,,1766.T,8830.01,8821.28,111.124,2021-07-01,🅱️ RS 核心,2021-08-02,['TOPIX_Small500_小型'],RS: 99,4410.64,32,,IS,✅ RS 換倉平倉,False,RS: 99,4410.64
111.124,,4680.T,420.96,468.25,109.493,2021-06-01,🅱️ RS 核心,2021-07-01,['TOPIX_Mid400_中型'],RS: 100,234.12,30,,IS,✅ RS 換倉平倉,False,RS: 100,234.12
,,GME,51.09,62.26,,2021-06-01,🅱️ RS 核心,2021-07-01,['S&P400_中型'],RS: 99,31.13,30,,IS,✅ RS 換倉平倉,False,RS: 99,31.13
111.124,,7013.T,339.82,364.12,109.493,2021-06-01,🅱️ RS 核心,2021-07-01,"['NK225', 'TOPIX_Mid400_中型']",RS: 99,182.06,30,,IS,✅ RS 換倉平倉,False,RS: 99,182.06
,,MARA,30.69,25.2,,2021-06-01,🅱️ RS 核心,2021-07-01,['S&P600_小型'],RS: 99,12.6,30,,IS,✅ RS 換倉平倉,False,RS: 99,12.6
,,SM,23.19,20.44,,2021-06-01,🅱️ RS 核心,2021-07-01,['S&P600_小型'],RS: 99,10.22,30,,IS,✅ RS 換倉平倉,False,RS: 99,10.22
111.124,,5563.T,244.91,256.87,109.493,2021-06-01,🅱️ RS 核心,2021-07-01,['TOPIX_Small500_小型'],RS: 99,128.44,30,,IS,✅ RS 換倉平倉,False,RS: 99,128.44
,,BTU,7.81,7.07,,2021-06-01,🅱️ RS 核心,2021-07-01,['S&P600_小型'],RS: 98,3.53,30,,IS,✅ RS 換倉平倉,False,RS: 99,3.53
111.124,,7731.T,1033.71,951.09,109.493,2021-06-01,🅱️ RS 核心,2021-07-01,"['NK225', 'TOPIX_Mid400_中型']",RS: 99,475.54,30,,IS,✅ RS 換倉平倉,False,RS: 99,475.54
,,PR,6.24,5.06,,2021-06-01,🅱️ RS 核心,2021-07-01,['S&P400_中型'],RS: 99,2.53,30,,IS,✅ RS 換倉平倉,False,RS: 99,2.53
,,CLSK,16.23,16.81,,2021-06-01,🅱️ RS 核心,2021-07-01,['S&P600_小型'],RS: 96,8.4,30,,IS,✅ RS 換倉平倉,False,RS: 99,8.4
111.124,,9793.T,3561.23,3151.63,109.493,2021-06-01,🅱️ RS 核心,2021-07-01,['TOPIX_Small500_小型'],RS: 99,1575.82,30,,IS,✅ RS 換倉平倉,False,RS: 99,1575.82
,,CELH,24.24,22.16,,2021-06-01,🅱️ RS 核心,2021-07-01,['S&P400_中型'],RS: 99,11.08,30,,IS,✅ RS 換倉平倉,False,RS: 99,11.08
111.124,,4118.T,3795.7,3757.14,109.493,2021-06-01,🅱️ RS 核心,2021-07-01,['TOPIX_Mid400_中型'],RS: 99,1878.57,30,,IS,✅ RS 換倉平倉,False,RS: 99,1878.57
,,AR,15.06,13.45,,2021-06-01,🅱️ RS 核心,2021-07-01,['S&P400_中型'],RS: 99,6.72,30,,IS,✅ RS 換倉平倉,False,RS: 99,6.72
,,SIG,74.99,59.24,,2021-06-01,🅱️ RS 核心,2021-07-01,['S&P600_小型'],RS: 99,29.62,30,,IS,✅ RS 換倉平倉,False,RS: 99,29.62
111.124,,8584.T,2065.43,1988.61,109.493,2021-06-01,🅱️ RS 核心,2021-07-01,['TOPIX_Small500_小型'],RS: 99,994.3,30,,IS,✅ RS 換倉平倉,False,RS: 99,994.3
111.124,,7826.T,2065.06,2231.75,109.493,2021-06-01,🅱️ RS 核心,2021-07-01,['TOPIX_Small500_小型'],RS: 97,1115.87,30,,IS,✅ RS 換倉平倉,False,RS: 99,1115.87
,,MTDR,33.69,29.72,,2021-06-01,🅱️ RS 核心,2021-07-01,['S&P400_中型'],RS: 99,14.86,30,,IS,✅ RS 換倉平倉,False,RS: 99,14.86
,,OLN,41.42,45.38,,2021-06-01,🅱️ RS 核心,2021-07-01,['S&P400_中型'],RS: 98,22.69,30,,IS,✅ RS 換倉平倉,False,RS: 99,22.69
,,AGNT,36.11,30.16,,2021-06-01,🅱️ RS 核心,2021-07-01,['S&P600_小型'],RS: 98,15.08,30,,IS,✅ RS 換倉平倉,False,RS: 98,15.08
109.493,,5563.T,256.87,294.37,109.283,2021-05-03,🅱️ RS 核心,2021-06-01,['TOPIX_Small500_小型'],RS: 99,147.18,29,,IS,✅ RS 換倉平倉,False,RS: 100,147.18
,,MARA,25.2,36.22,,2021-05-03,🅱️ RS 核心,2021-06-01,['S&P600_小型'],RS: 99,18.11,29,,IS,✅ RS 換倉平倉,False,RS: 99,18.11
109.493,,7013.T,364.12,283.85,109.283,2021-05-03,🅱️ RS 核心,2021-06-01,"['NK225', 'TOPIX_Mid400_中型']",RS: 99,141.93,29,,IS,✅ RS 換倉平倉,False,RS: 99,141.93
,,GME,62.26,40.55,,2021-05-03,🅱️ RS 核心,2021-06-01,['S&P400_中型'],RS: 99,20.27,29,,IS,✅ RS 換倉平倉,False,RS: 99,20.27
,,SM,20.44,15.02,,2021-05-03,🅱️ RS 核心,2021-06-01,['S&P600_小型'],RS: 99,7.51,29,,IS,✅ RS 換倉平倉,False,RS: 99,7.51
109.493,,7513.T,722.28,794.78,109.283,2021-05-03,🅱️ RS 核心,2021-06-01,['TOPIX_Small500_小型'],RS: 99,397.39,29,,IS,✅ RS 換倉平倉,False,RS: 99,397.39
,,PR,5.06,3.78,,2021-05-03,🅱️ RS 核心,2021-06-01,['S&P400_中型'],RS: 99,1.89,29,,IS,✅ RS 換倉平倉,False,RS: 99,1.89
109.493,,7826.T,2231.75,2713.67,109.283,2021-05-03,🅱️ RS 核心,2021-06-01,['TOPIX_Small500_小型'],RS: 99,1356.83,29,,IS,✅ RS 換倉平倉,False,RS: 99,1356.83
,,CLSK,16.81,20.75,,2021-05-03,🅱️ RS 核心,2021-06-01,['S&P600_小型'],RS: 99,10.38,29,,IS,✅ RS 換倉平倉,False,RS: 99,10.38
,,CELH,22.16,18.81,,2021-05-03,🅱️ RS 核心,2021-06-01,['S&P400_中型'],RS: 99,9.41,29,,IS,✅ RS 換倉平倉,False,RS: 99,9.41
109.493,,9793.T,3151.63,3117.5,109.283,2021-05-03,🅱️ RS 核心,2021-06-01,['TOPIX_Small500_小型'],RS: 99,1558.75,29,,IS,✅ RS 換倉平倉,False,RS: 99,1558.75
,,CAR,85.04,84.57,,2021-05-03,🅱️ RS 核心,2021-06-01,['S&P400_中型'],RS: 98,42.28,29,,IS,✅ RS 換倉平倉,False,RS: 99,42.28
109.493,,4118.T,3757.14,3645.76,109.283,2021-05-03,🅱️ RS 核心,2021-06-01,['TOPIX_Mid400_中型'],RS: 99,1822.88,29,,IS,✅ RS 換倉平倉,False,RS: 99,1822.88
,,SIG,59.24,59.15,,2021-05-03,🅱️ RS 核心,2021-06-01,['S&P600_小型'],RS: 99,29.58,29,,IS,✅ RS 換倉平倉,False,RS: 99,29.58
,,MSTR,47.78,63.56,,2021-05-03,🅱️ RS 核心,2021-06-01,['NDX100_科技'],RS: 97,31.78,29,,IS,✅ RS 換倉平倉,False,RS: 99,31.78
109.493,,3861.T,553.68,586.9,109.283,2021-05-03,🅱️ RS 核心,2021-06-01,"['NK225', 'TOPIX_Mid400_中型']",RS: 98,293.45,29,,IS,✅ RS 換倉平倉,False,RS: 99,293.45
,,AGNT,30.16,30.14,,2021-05-03,🅱️ RS 核心,2021-06-01,['S&P600_小型'],RS: 98,15.07,29,,IS,✅ RS 換倉平倉,False,RS: 99,15.07
,,MTDR,29.72,24.01,,2021-05-03,🅱️ RS 核心,2021-06-01,['S&P400_中型'],RS: 99,12.01,29,,IS,✅ RS 換倉平倉,False,RS: 99,12.01
109.493,,4680.T,468.25,370.91,109.283,2021-05-03,🅱️ RS 核心,2021-06-01,['TOPIX_Mid400_中型'],RS: 100,185.46,29,,IS,✅ RS 換倉平倉,False,RS: 99,185.46
,,BBWI,50.17,47.93,,2021-05-03,🅱️ RS 核心,2021-06-01,['S&P400_中型'],RS: 98,23.97,29,,IS,✅ RS 換倉平倉,False,RS: 99,23.97
109.283,,5563.T,294.37,269.64,110.75,2021-04-01,🅱️ RS 核心,2021-05-03,['TOPIX_Small500_小型'],RS: 100,134.82,32,,IS,✅ RS 換倉平倉,False,RS: 100,134.82
,,MARA,36.22,48.85,,2021-04-01,🅱️ RS 核心,2021-05-03,['S&P600_小型'],RS: 99,24.42,32,,IS,✅ RS 換倉平倉,False,RS: 99,24.42
109.283,,9793.T,3117.5,3049.23,110.75,2021-04-01,🅱️ RS 核心,2021-05-03,['TOPIX_Small500_小型'],RS: 99,1524.62,32,,IS,✅ RS 換倉平倉,False,RS: 99,1524.62
,,GME,40.55,47.86,,2021-04-01,🅱️ RS 核心,2021-05-03,['S&P400_中型'],RS: 99,23.93,32,,IS,✅ RS 換倉平倉,False,RS: 99,23.93
,,SM,15.02,17.2,,2021-04-01,🅱️ RS 核心,2021-05-03,['S&P600_小型'],RS: 99,8.6,32,,IS,✅ RS 換倉平倉,False,RS: 99,8.6
109.283,,7013.T,283.85,280.62,110.75,2021-04-01,🅱️ RS 核心,2021-05-03,"['NK225', 'TOPIX_Mid400_中型']",RS: 99,140.31,32,,IS,✅ RS 換倉平倉,False,RS: 99,140.31
,,PR,3.78,3.88,,2021-04-01,🅱️ RS 核心,2021-05-03,['S&P400_中型'],RS: 99,1.94,32,,IS,✅ RS 換倉平倉,False,RS: 99,1.94
109.283,,4118.T,3645.76,3881.38,110.75,2021-04-01,🅱️ RS 核心,2021-05-03,['TOPIX_Mid400_中型'],RS: 99,1940.69,32,,IS,✅ RS 換倉平倉,False,RS: 99,1940.69
,,CLSK,20.75,22.98,,2021-04-01,🅱️ RS 核心,2021-05-03,['S&P600_小型'],RS: 99,11.49,32,,IS,✅ RS 換倉平倉,False,RS: 99,11.49
,,CELH,18.81,16.52,,2021-04-01,🅱️ RS 核心,2021-05-03,['S&P400_中型'],RS: 99,8.26,32,,IS,✅ RS 換倉平倉,False,RS: 99,8.26
109.283,,6508.T,2046.89,2155.41,110.75,2021-04-01,🅱️ RS 核心,2021-05-03,['TOPIX_Small500_小型'],RS: 99,1077.7,32,,IS,✅ RS 換倉平倉,False,RS: 99,1077.7
,,AGNT,30.14,41.32,,2021-04-01,🅱️ RS 核心,2021-05-03,['S&P600_小型'],RS: 99,20.66,32,,IS,✅ RS 換倉平倉,False,RS: 99,20.66
,,AR,9.79,10.86,,2021-04-01,🅱️ RS 核心,2021-05-03,['S&P400_中型'],RS: 98,5.43,32,,IS,✅ RS 換倉平倉,False,RS: 99,5.43
,,MSTR,63.56,70.36,,2021-04-01,🅱️ RS 核心,2021-05-03,['NDX100_科技'],RS: 99,35.18,32,,IS,✅ RS 換倉平倉,False,RS: 99,35.18
109.283,,5929.T,1201.25,1229.38,110.75,2021-04-01,🅱️ RS 核心,2021-05-03,['TOPIX_Mid400_中型'],RS: 98,614.69,32,,IS,✅ RS 換倉平倉,False,RS: 99,614.69
,,MTDR,24.01,23.56,,2021-04-01,🅱️ RS 核心,2021-05-03,['S&P400_中型'],RS: 99,11.78,32,,IS,✅ RS 換倉平倉,False,RS: 99,11.78
109.283,,1893.T,716.54,734.2,110.75,2021-04-01,🅱️ RS 核心,2021-05-03,['TOPIX_Mid400_中型'],RS: 99,367.1,32,,IS,✅ RS 換倉平倉,False,RS: 99,367.1
,,SIG,59.15,53.86,,2021-04-01,🅱️ RS 核心,2021-05-03,['S&P600_小型'],RS: 99,26.93,32,,IS,✅ RS 換倉平倉,False,RS: 99,26.93
109.283,,4680.T,370.91,363.85,110.75,2021-04-01,🅱️ RS 核心,2021-05-03,['TOPIX_Mid400_中型'],RS: 99,181.93,32,,IS,✅ RS 換倉平倉,False,RS: 99,181.93
,,OVV,21.98,21.93,,2021-04-01,🅱️ RS 核心,2021-05-03,['S&P400_中型'],RS: 98,10.96,32,,IS,✅ RS 換倉平倉,False,RS: 99,10.96
110.75,,5563.T,269.64,226.56,106.503,2021-03-01,🅱️ RS 核心,2021-04-01,['TOPIX_Small500_小型'],RS: 100,113.28,31,,IS,✅ RS 換倉平倉,False,RS: 100,113.28
,,MARA,48.85,38.5,,2021-03-01,🅱️ RS 核心,2021-04-01,['S&P600_小型'],RS: 99,19.25,31,,IS,✅ RS 換倉平倉,False,RS: 99,19.25
110.75,,4118.T,3881.38,3606.85,106.503,2021-03-01,🅱️ RS 核心,2021-04-01,['TOPIX_Mid400_中型'],RS: 99,1803.42,31,,IS,✅ RS 換倉平倉,False,RS: 99,1803.42
,,GME,47.86,30.1,,2021-03-01,🅱️ RS 核心,2021-04-01,['S&P400_中型'],RS: 99,15.05,31,,IS,✅ RS 換倉平倉,False,RS: 99,15.05
,,CLSK,22.98,28.46,,2021-03-01,🅱️ RS 核心,2021-04-01,['S&P600_小型'],RS: 99,14.23,31,,IS,✅ RS 換倉平倉,False,RS: 99,14.23
110.75,,4680.T,363.85,351.46,106.503,2021-03-01,🅱️ RS 核心,2021-04-01,['TOPIX_Mid400_中型'],RS: 99,175.73,31,,IS,✅ RS 換倉平倉,False,RS: 99,175.73
,,AGNT,41.32,59.79,,2021-03-01,🅱️ RS 核心,2021-04-01,['S&P600_小型'],RS: 99,29.89,31,,IS,✅ RS 換倉平倉,False,RS: 99,29.89
110.75,,3861.T,601.38,589.01,106.503,2021-03-01,🅱️ RS 核心,2021-04-01,"['NK225', 'TOPIX_Mid400_中型']",RS: 98,294.51,31,,IS,✅ RS 換倉平倉,False,RS: 99,294.51
,,CELH,16.52,21.81,,2021-03-01,🅱️ RS 核心,2021-04-01,['S&P400_中型'],RS: 99,10.9,31,,IS,✅ RS 換倉平倉,False,RS: 99,10.9
,,SM,17.2,12.96,,2021-03-01,🅱️ RS 核心,2021-04-01,['S&P600_小型'],RS: 99,6.48,31,,IS,✅ RS 換倉平倉,False,RS: 99,6.48
110.75,,6508.T,2155.41,2046.43,106.503,2021-03-01,🅱️ RS 核心,2021-04-01,['TOPIX_Small500_小型'],RS: 99,1023.21,31,,IS,✅ RS 換倉平倉,False,RS: 99,1023.21
,,PR,3.88,3.52,,2021-03-01,🅱️ RS 核心,2021-04-01,['S&P400_中型'],RS: 99,1.76,31,,IS,✅ RS 換倉平倉,False,RS: 99,1.76
110.75,,6383.T,3447.7,3206.73,106.503,2021-03-01,🅱️ RS 核心,2021-04-01,['TOPIX_Mid400_中型'],RS: 97,1603.37,31,,IS,✅ RS 換倉平倉,False,RS: 99,1603.37
,,MSTR,70.36,78.24,,2021-03-01,🅱️ RS 核心,2021-04-01,['NDX100_科技'],RS: 99,39.12,31,,IS,✅ RS 換倉平倉,False,RS: 99,39.12
,,MTDR,23.56,20.2,,2021-03-01,🅱️ RS 核心,2021-04-01,['S&P400_中型'],RS: 99,10.1,31,,IS,✅ RS 換倉平倉,False,RS: 99,10.1
,,AR,10.86,9.8,,2021-03-01,🅱️ RS 核心,2021-04-01,['S&P400_中型'],RS: 99,4.9,31,,IS,✅ RS 換倉平倉,False,RS: 99,4.9
,,UPWK,46.53,55.56,,2021-03-01,🅱️ RS 核心,2021-04-01,['S&P600_小型'],RS: 99,27.78,31,,IS,✅ RS 換倉平倉,False,RS: 99,27.78
,,OVV,21.93,21.54,,2021-03-01,🅱️ RS 核心,2021-04-01,['S&P400_中型'],RS: 99,10.77,31,,IS,✅ RS 換倉平倉,False,RS: 99,10.77
110.75,,1893.T,734.2,662.57,106.503,2021-03-01,🅱️ RS 核心,2021-04-01,['TOPIX_Mid400_中型'],RS: 99,331.28,31,,IS,✅ RS 換倉平倉,False,RS: 99,331.28
,,PENN,107.52,126.26,,2021-03-01,🅱️ RS 核心,2021-04-01,['S&P600_小型'],RS: 99,63.13,31,,IS,✅ RS 換倉平倉,False,RS: 99,63.13
,,GME,30.1,56.25,,2021-02-01,🅱️ RS 核心,2021-03-01,['S&P400_中型'],RS: 99,28.12,28,,IS,✅ RS 換倉平倉,False,RS: 100,28.12
106.503,,5563.T,226.56,213.8,104.686,2021-02-01,🅱️ RS 核心,2021-03-01,['TOPIX_Small500_小型'],RS: 100,106.9,28,,IS,✅ RS 換倉平倉,False,RS: 100,106.9
106.503,,6383.T,3206.73,3805.12,104.686,2021-02-01,🅱️ RS 核心,2021-03-01,['TOPIX_Mid400_中型'],RS: 99,1902.56,28,,IS,✅ RS 換倉平倉,False,RS: 99,1902.56
,,MARA,38.5,20.74,,2021-02-01,🅱️ RS 核心,2021-03-01,['S&P600_小型'],RS: 99,10.37,28,,IS,✅ RS 換倉平倉,False,RS: 99,10.37
,,AGNT,59.79,52.46,,2021-02-01,🅱️ RS 核心,2021-03-01,['S&P600_小型'],RS: 99,26.23,28,,IS,✅ RS 換倉平倉,False,RS: 99,26.23
106.503,,6508.T,2046.43,2101.36,104.686,2021-02-01,🅱️ RS 核心,2021-03-01,['TOPIX_Small500_小型'],RS: 99,1050.68,28,,IS,✅ RS 換倉平倉,False,RS: 99,1050.68
,,CELH,21.81,18.63,,2021-02-01,🅱️ RS 核心,2021-03-01,['S&P400_中型'],RS: 99,9.32,28,,IS,✅ RS 換倉平倉,False,RS: 99,9.32
106.503,,1893.T,662.57,714.1,104.686,2021-02-01,🅱️ RS 核心,2021-03-01,['TOPIX_Mid400_中型'],RS: 99,357.05,28,,IS,✅ RS 換倉平倉,False,RS: 99,357.05
,,MSTR,78.24,63.46,,2021-02-01,🅱️ RS 核心,2021-03-01,['NDX100_科技'],RS: 99,31.73,28,,IS,✅ RS 換倉平倉,False,RS: 99,31.73
,,MRNA,157.4,157.48,,2021-02-01,🅱️ RS 核心,2021-03-01,['S&P500_大盤'],RS: 99,78.74,28,,IS,✅ RS 換倉平倉,False,RS: 99,78.74
106.503,,4118.T,3606.85,3191.49,104.686,2021-02-01,🅱️ RS 核心,2021-03-01,['TOPIX_Mid400_中型'],RS: 99,1595.74,28,,IS,✅ RS 換倉平倉,False,RS: 99,1595.74
,,CLSK,28.46,25.08,,2021-02-01,🅱️ RS 核心,2021-03-01,['S&P600_小型'],RS: 99,12.54,28,,IS,✅ RS 換倉平倉,False,RS: 99,12.54
106.503,,9793.T,2613.09,2531.39,104.686,2021-02-01,🅱️ RS 核心,2021-03-01,['TOPIX_Small500_小型'],RS: 99,1265.69,28,,IS,✅ RS 換倉平倉,False,RS: 99,1265.69
,,UPWK,55.56,45.11,,2021-02-01,🅱️ RS 核心,2021-03-01,['S&P600_小型'],RS: 99,22.56,28,,IS,✅ RS 換倉平倉,False,RS: 99,22.56
106.503,,5947.T,3299.44,3437.8,104.686,2021-02-01,🅱️ RS 核心,2021-03-01,['TOPIX_Mid400_中型'],RS: 98,1718.9,28,,IS,✅ RS 換倉平倉,False,RS: 99,1718.9
,,ENPH,186.45,186.34,,2021-02-01,🅱️ RS 核心,2021-03-01,['S&P600_小型'],RS: 98,93.17,28,,IS,✅ RS 換倉平倉,False,RS: 99,93.17
106.503,,7701.T,3626.48,3723.87,104.686,2021-02-01,🅱️ RS 核心,2021-03-01,['TOPIX_Mid400_中型'],RS: 98,1861.94,28,,IS,✅ RS 換倉平倉,False,RS: 99,1861.94
,,PTON,123.81,146.79,,2021-02-01,🅱️ RS 核心,2021-03-01,['S&P600_小型'],RS: 98,73.39,28,,IS,✅ RS 換倉平倉,False,RS: 99,73.39
106.503,,3861.T,589.01,542.6,104.686,2021-02-01,🅱️ RS 核心,2021-03-01,"['NK225', 'TOPIX_Mid400_中型']",RS: 99,271.3,28,,IS,✅ RS 換倉平倉,False,RS: 99,271.3
,,PDD,186.15,173.96,,2021-02-01,🅱️ RS 核心,2021-03-01,['NDX100_科技'],RS: 98,86.98,28,,IS,✅ RS 換倉平倉,False,RS: 99,86.98
104.686,,5563.T,213.8,238.53,103.226,2021-01-01,🅱️ RS 核心,2021-02-01,['TOPIX_Small500_小型'],RS: 100,119.26,31,,IS,✅ RS 換倉平倉,False,RS: 100,119.26
,,MARA,20.74,10.44,,2021-01-01,🅱️ RS 核心,2021-02-01,['S&P600_小型'],RS: 99,5.22,31,,IS,✅ RS 換倉平倉,False,RS: 99,5.22
104.686,,1893.T,714.1,725.55,103.226,2021-01-01,🅱️ RS 核心,2021-02-01,['TOPIX_Mid400_中型'],RS: 99,362.78,31,,IS,✅ RS 換倉平倉,False,RS: 99,362.78
,,CLSK,25.08,29.05,,2021-01-01,🅱️ RS 核心,2021-02-01,['S&P600_小型'],RS: 99,14.52,31,,IS,✅ RS 換倉平倉,False,RS: 99,14.52
,,CELH,18.63,16.77,,2021-01-01,🅱️ RS 核心,2021-02-01,['S&P400_中型'],RS: 99,8.39,31,,IS,✅ RS 換倉平倉,False,RS: 99,8.39
104.686,,6383.T,3805.12,3915.59,103.226,2021-01-01,🅱️ RS 核心,2021-02-01,['TOPIX_Mid400_中型'],RS: 99,1957.79,31,,IS,✅ RS 換倉平倉,False,RS: 99,1957.79
,,AGNT,52.46,28.78,,2021-01-01,🅱️ RS 核心,2021-02-01,['S&P600_小型'],RS: 99,14.39,31,,IS,✅ RS 換倉平倉,False,RS: 99,14.39
104.686,,5947.T,3437.8,3603.22,103.226,2021-01-01,🅱️ RS 核心,2021-02-01,['TOPIX_Mid400_中型'],RS: 99,1801.61,31,,IS,✅ RS 換倉平倉,False,RS: 99,1801.61
,,GME,56.25,4.71,,2021-01-01,🅱️ RS 核心,2021-02-01,['S&P400_中型'],RS: 100,2.36,31,,IS,✅ RS 換倉平倉,False,RS: 99,2.36
,,ENPH,186.34,175.47,,2021-01-01,🅱️ RS 核心,2021-02-01,['S&P600_小型'],RS: 99,87.74,31,,IS,✅ RS 換倉平倉,False,RS: 99,87.74
104.686,,3762.T,1871.89,1961.42,103.226,2021-01-01,🅱️ RS 核心,2021-02-01,['TOPIX_Small500_小型'],RS: 98,980.71,31,,IS,✅ RS 換倉平倉,False,RS: 99,980.71
104.686,,6367.T,20741.95,21361.74,103.226,2021-01-01,🅱️ RS 核心,2021-02-01,['NK225'],RS: 99,10680.87,31,,IS,✅ RS 換倉平倉,False,RS: 99,10680.87
,,PTON,146.79,151.72,,2021-01-01,🅱️ RS 核心,2021-02-01,['S&P600_小型'],RS: 99,75.86,31,,IS,✅ RS 換倉平倉,False,RS: 99,75.86
,,RUN,69.88,69.38,,2021-01-01,🅱️ RS 核心,2021-02-01,['S&P600_小型'],RS: 97,34.69,31,,IS,✅ RS 換倉平倉,False,RS: 99,34.69
104.686,,7701.T,3723.87,3719.23,103.226,2021-01-01,🅱️ RS 核心,2021-02-01,['TOPIX_Mid400_中型'],RS: 99,1859.62,31,,IS,✅ RS 換倉平倉,False,RS: 99,1859.62
,,MP,30.93,32.17,,2021-01-01,🅱️ RS 核心,2021-02-01,['S&P400_中型'],RS: 98,16.08,31,,IS,✅ RS 換倉平倉,False,RS: 99,16.08
,,TRUP,113.22,119.71,,2021-01-01,🅱️ RS 核心,2021-02-01,['S&P600_小型'],RS: 97,59.85,31,,IS,✅ RS 換倉平倉,False,RS: 99,59.85
104.686,,6508.T,2101.36,2024.63,103.226,2021-01-01,🅱️ RS 核心,2021-02-01,['TOPIX_Small500_小型'],RS: 99,1012.32,31,,IS,✅ RS 換倉平倉,False,RS: 99,1012.32
,,MSTR,63.46,38.85,,2021-01-01,🅱️ RS 核心,2021-02-01,['NDX100_科技'],RS: 99,19.43,31,,IS,✅ RS 換倉平倉,False,RS: 99,19.43
,,PENN,103.98,86.37,,2021-01-01,🅱️ RS 核心,2021-02-01,['S&P600_小型'],RS: 98,43.19,31,,IS,✅ RS 換倉平倉,False,RS: 99,43.19
103.226,,5563.T,238.53,238.53,103.226,2021-01-01,🅱️ RS 核心,2021-01-01,['TOPIX_Small500_小型'],RS: 100,119.26,0,,IS,✅ RS 換倉平倉,False,RS: 100,119.26
,,MARA,10.44,10.44,,2021-01-01,🅱️ RS 核心,2021-01-01,['S&P600_小型'],RS: 99,5.22,0,,IS,✅ RS 換倉平倉,False,RS: 99,5.22
103.226,,1893.T,725.55,725.55,103.226,2021-01-01,🅱️ RS 核心,2021-01-01,['TOPIX_Mid400_中型'],RS: 99,362.78,0,,IS,✅ RS 換倉平倉,False,RS: 99,362.78
,,CLSK,29.05,29.05,,2021-01-01,🅱️ RS 核心,2021-01-01,['S&P600_小型'],RS: 99,14.52,0,,IS,✅ RS 換倉平倉,False,RS: 99,14.52
,,CELH,16.77,16.77,,2021-01-01,🅱️ RS 核心,2021-01-01,['S&P400_中型'],RS: 99,8.39,0,,IS,✅ RS 換倉平倉,False,RS: 99,8.39
103.226,,6383.T,3915.59,3915.59,103.226,2021-01-01,🅱️ RS 核心,2021-01-01,['TOPIX_Mid400_中型'],RS: 99,1957.79,0,,IS,✅ RS 換倉平倉,False,RS: 99,1957.79
,,AGNT,28.78,28.78,,2021-01-01,🅱️ RS 核心,2021-01-01,['S&P600_小型'],RS: 99,14.39,0,,IS,✅ RS 換倉平倉,False,RS: 99,14.39
103.226,,5947.T,3603.22,3603.22,103.226,2021-01-01,🅱️ RS 核心,2021-01-01,['TOPIX_Mid400_中型'],RS: 99,1801.61,0,,IS,✅ RS 換倉平倉,False,RS: 99,1801.61
,,GME,4.71,4.71,,2021-01-01,🅱️ RS 核心,2021-01-01,['S&P400_中型'],RS: 99,2.36,0,,IS,✅ RS 換倉平倉,False,RS: 99,2.36
,,ENPH,175.47,175.47,,2021-01-01,🅱️ RS 核心,2021-01-01,['S&P600_小型'],RS: 99,87.74,0,,IS,✅ RS 換倉平倉,False,RS: 99,87.74
103.226,,3762.T,1961.42,1961.42,103.226,2021-01-01,🅱️ RS 核心,2021-01-01,['TOPIX_Small500_小型'],RS: 99,980.71,0,,IS,✅ RS 換倉平倉,False,RS: 99,980.71
103.226,,6367.T,21361.74,21361.74,103.226,2021-01-01,🅱️ RS 核心,2021-01-01,['NK225'],RS: 99,10680.87,0,,IS,✅ RS 換倉平倉,False,RS: 99,10680.87
,,PTON,151.72,151.72,,2021-01-01,🅱️ RS 核心,2021-01-01,['S&P600_小型'],RS: 99,75.86,0,,IS,✅ RS 換倉平倉,False,RS: 99,75.86
,,RUN,69.38,69.38,,2021-01-01,🅱️ RS 核心,2021-01-01,['S&P600_小型'],RS: 99,34.69,0,,IS,✅ RS 換倉平倉,False,RS: 99,34.69
103.226,,7701.T,3719.23,3719.23,103.226,2021-01-01,🅱️ RS 核心,2021-01-01,['TOPIX_Mid400_中型'],RS: 99,1859.62,0,,IS,✅ RS 換倉平倉,False,RS: 99,1859.62
,,MP,32.17,32.17,,2021-01-01,🅱️ RS 核心,2021-01-01,['S&P400_中型'],RS: 99,16.08,0,,IS,✅ RS 換倉平倉,False,RS: 99,16.08
,,TRUP,119.71,119.71,,2021-01-01,🅱️ RS 核心,2021-01-01,['S&P600_小型'],RS: 99,59.85,0,,IS,✅ RS 換倉平倉,False,RS: 99,59.85
103.226,,6508.T,2024.63,2024.63,103.226,2021-01-01,🅱️ RS 核心,2021-01-01,['TOPIX_Small500_小型'],RS: 99,1012.32,0,,IS,✅ RS 換倉平倉,False,RS: 99,1012.32
,,MSTR,38.85,38.85,,2021-01-01,🅱️ RS 核心,2021-01-01,['NDX100_科技'],RS: 99,19.43,0,,IS,✅ RS 換倉平倉,False,RS: 99,19.43
,,PENN,86.37,86.37,,2021-01-01,🅱️ RS 核心,2021-01-01,['S&P600_小型'],RS: 99,43.19,0,,IS,✅ RS 換倉平倉,False,RS: 99,43.19
103.226,,5563.T,238.53,238.53,103.226,2021-01-01,🅱️ RS 核心,2021-01-01,['TOPIX_Small500_小型'],RS: 100,119.26,0,,IS,✅ RS 換倉平倉,False,RS: 100,119.26
,,MARA,10.44,10.44,,2021-01-01,🅱️ RS 核心,2021-01-01,['S&P600_小型'],RS: 99,5.22,0,,IS,✅ RS 換倉平倉,False,RS: 99,5.22
103.226,,1893.T,725.55,725.55,103.226,2021-01-01,🅱️ RS 核心,2021-01-01,['TOPIX_Mid400_中型'],RS: 99,362.78,0,,IS,✅ RS 換倉平倉,False,RS: 99,362.78
,,CLSK,29.05,29.05,,2021-01-01,🅱️ RS 核心,2021-01-01,['S&P600_小型'],RS: 99,14.52,0,,IS,✅ RS 換倉平倉,False,RS: 99,14.52
,,CELH,16.77,16.77,,2021-01-01,🅱️ RS 核心,2021-01-01,['S&P400_中型'],RS: 99,8.39,0,,IS,✅ RS 換倉平倉,False,RS: 99,8.39
103.226,,6383.T,3915.59,3915.59,103.226,2021-01-01,🅱️ RS 核心,2021-01-01,['TOPIX_Mid400_中型'],RS: 99,1957.79,0,,IS,✅ RS 換倉平倉,False,RS: 99,1957.79
,,AGNT,28.78,28.78,,2021-01-01,🅱️ RS 核心,2021-01-01,['S&P600_小型'],RS: 99,14.39,0,,IS,✅ RS 換倉平倉,False,RS: 99,14.39
103.226,,5947.T,3603.22,3603.22,103.226,2021-01-01,🅱️ RS 核心,2021-01-01,['TOPIX_Mid400_中型'],RS: 99,1801.61,0,,IS,✅ RS 換倉平倉,False,RS: 99,1801.61
,,GME,4.71,4.71,,2021-01-01,🅱️ RS 核心,2021-01-01,['S&P400_中型'],RS: 99,2.36,0,,IS,✅ RS 換倉平倉,False,RS: 99,2.36
,,ENPH,175.47,175.47,,2021-01-01,🅱️ RS 核心,2021-01-01,['S&P600_小型'],RS: 99,87.74,0,,IS,✅ RS 換倉平倉,False,RS: 99,87.74
103.226,,3762.T,1961.42,1961.42,103.226,2021-01-01,🅱️ RS 核心,2021-01-01,['TOPIX_Small500_小型'],RS: 99,980.71,0,,IS,✅ RS 換倉平倉,False,RS: 99,980.71
103.226,,6367.T,21361.74,21361.74,103.226,2021-01-01,🅱️ RS 核心,2021-01-01,['NK225'],RS: 99,10680.87,0,,IS,✅ RS 換倉平倉,False,RS: 99,10680.87
,,PTON,151.72,151.72,,2021-01-01,🅱️ RS 核心,2021-01-01,['S&P600_小型'],RS: 99,75.86,0,,IS,✅ RS 換倉平倉,False,RS: 99,75.86
,,RUN,69.38,69.38,,2021-01-01,🅱️ RS 核心,2021-01-01,['S&P600_小型'],RS: 99,34.69,0,,IS,✅ RS 換倉平倉,False,RS: 99,34.69
103.226,,7701.T,3719.23,3719.23,103.226,2021-01-01,🅱️ RS 核心,2021-01-01,['TOPIX_Mid400_中型'],RS: 99,1859.62,0,,IS,✅ RS 換倉平倉,False,RS: 99,1859.62
,,MP,32.17,32.17,,2021-01-01,🅱️ RS 核心,2021-01-01,['S&P400_中型'],RS: 99,16.08,0,,IS,✅ RS 換倉平倉,False,RS: 99,16.08
,,TRUP,119.71,119.71,,2021-01-01,🅱️ RS 核心,2021-01-01,['S&P600_小型'],RS: 99,59.85,0,,IS,✅ RS 換倉平倉,False,RS: 99,59.85
103.226,,6508.T,2024.63,2024.63,103.226,2021-01-01,🅱️ RS 核心,2021-01-01,['TOPIX_Small500_小型'],RS: 99,1012.32,0,,IS,✅ RS 換倉平倉,False,RS: 99,1012.32
,,MSTR,38.85,38.85,,2021-01-01,🅱️ RS 核心,2021-01-01,['NDX100_科技'],RS: 99,19.43,0,,IS,✅ RS 換倉平倉,False,RS: 99,19.43
,,PENN,86.37,86.37,,2021-01-01,🅱️ RS 核心,2021-01-01,['S&P600_小型'],RS: 99,43.19,0,,IS,✅ RS 換倉平倉,False,RS: 99,43.19
103.226,,6383.T,3915.59,3805.12,104.299,2020-12-01,🅱️ RS 核心,2021-01-01,['TOPIX_Mid400_中型'],RS: 99,1902.56,31,,IS,✅ RS 換倉平倉,False,RS: 100,1902.56
,,MARA,10.44,6.19,,2020-12-01,🅱️ RS 核心,2021-01-01,['S&P600_小型'],RS: 99,3.1,31,,IS,✅ RS 換倉平倉,False,RS: 99,3.1
103.226,,3762.T,1961.42,2064.65,104.299,2020-12-01,🅱️ RS 核心,2021-01-01,['TOPIX_Small500_小型'],RS: 99,1032.33,31,,IS,✅ RS 換倉平倉,False,RS: 99,1032.33
,,CELH,16.77,11.58,,2020-12-01,🅱️ RS 核心,2021-01-01,['S&P400_中型'],RS: 99,5.79,31,,IS,✅ RS 換倉平倉,False,RS: 99,5.79
,,AGNT,28.78,24.59,,2020-12-01,🅱️ RS 核心,2021-01-01,['S&P600_小型'],RS: 99,12.3,31,,IS,✅ RS 換倉平倉,False,RS: 99,12.3
103.226,,6367.T,21361.74,22666.56,104.299,2020-12-01,🅱️ RS 核心,2021-01-01,['NK225'],RS: 99,11333.28,31,,IS,✅ RS 換倉平倉,False,RS: 99,11333.28
,,MRNA,104.47,141.01,,2020-12-01,🅱️ RS 核心,2021-01-01,['S&P500_大盤'],RS: 99,70.5,31,,IS,✅ RS 換倉平倉,False,RS: 99,70.5
,,RUN,69.38,62.49,,2020-12-01,🅱️ RS 核心,2021-01-01,['S&P600_小型'],RS: 99,31.25,31,,IS,✅ RS 換倉平倉,False,RS: 99,31.25
103.226,,5947.T,3603.22,3675.4,104.299,2020-12-01,🅱️ RS 核心,2021-01-01,['TOPIX_Mid400_中型'],RS: 99,1837.7,31,,IS,✅ RS 換倉平倉,False,RS: 99,1837.7
,,ENPH,175.47,128.85,,2020-12-01,🅱️ RS 核心,2021-01-01,['S&P600_小型'],RS: 99,64.43,31,,IS,✅ RS 換倉平倉,False,RS: 99,64.43
103.226,,1893.T,725.55,659.29,104.299,2020-12-01,🅱️ RS 核心,2021-01-01,['TOPIX_Mid400_中型'],RS: 99,329.65,31,,IS,✅ RS 換倉平倉,False,RS: 99,329.65
,,PINS,65.9,68.21,,2020-12-01,🅱️ RS 核心,2021-01-01,['S&P400_中型'],RS: 98,34.1,31,,IS,✅ RS 換倉平倉,False,RS: 99,34.1
,,GME,4.71,3.95,,2020-12-01,🅱️ RS 核心,2021-01-01,['S&P400_中型'],RS: 99,1.98,31,,IS,✅ RS 換倉平倉,False,RS: 99,1.98
103.226,,7701.T,3719.23,3482.72,104.299,2020-12-01,🅱️ RS 核心,2021-01-01,['TOPIX_Mid400_中型'],RS: 99,1741.36,31,,IS,✅ RS 換倉平倉,False,RS: 99,1741.36
,,PTON,151.72,112.03,,2020-12-01,🅱️ RS 核心,2021-01-01,['S&P600_小型'],RS: 99,56.01,31,,IS,✅ RS 換倉平倉,False,RS: 99,56.01
,,TTD,80.1,89.01,,2020-12-01,🅱️ RS 核心,2021-01-01,['S&P500_大盤'],RS: 97,44.51,31,,IS,✅ RS 換倉平倉,False,RS: 99,44.51
,,ACMR,27.08,27.96,,2020-12-01,🅱️ RS 核心,2021-01-01,['S&P600_小型'],RS: 99,13.98,31,,IS,✅ RS 換倉平倉,False,RS: 99,13.98
,,UPWK,34.52,31.86,,2020-12-01,🅱️ RS 核心,2021-01-01,['S&P600_小型'],RS: 98,15.93,31,,IS,✅ RS 換倉平倉,False,RS: 99,15.93
103.226,,5929.T,1013.39,1081.68,104.299,2020-12-01,🅱️ RS 核心,2021-01-01,['TOPIX_Mid400_中型'],RS: 98,540.84,31,,IS,✅ RS 換倉平倉,False,RS: 99,540.84
,,PDD,177.67,136.54,,2020-12-01,🅱️ RS 核心,2021-01-01,['NDX100_科技'],RS: 98,68.27,31,,IS,✅ RS 換倉平倉,False,RS: 99,68.27
,,CELH,11.58,6.8,,2020-11-02,🅱️ RS 核心,2020-12-01,['S&P400_中型'],RS: 99,3.4,29,,IS,✅ RS 換倉平倉,False,RS: 100,3.4
104.299,,7513.T,666.79,590.72,104.58,2020-11-02,🅱️ RS 核心,2020-12-01,['TOPIX_Small500_小型'],RS: 100,295.36,29,,IS,✅ RS 換倉平倉,False,RS: 100,295.36
,,AGNT,24.59,18.93,,2020-11-02,🅱️ RS 核心,2020-12-01,['S&P600_小型'],RS: 99,9.47,29,,IS,✅ RS 換倉平倉,False,RS: 99,9.47
104.299,,6383.T,3805.12,3369.37,104.58,2020-11-02,🅱️ RS 核心,2020-12-01,['TOPIX_Mid400_中型'],RS: 100,1684.69,29,,IS,✅ RS 換倉平倉,False,RS: 99,1684.69
,,RUN,62.49,54.18,,2020-11-02,🅱️ RS 核心,2020-12-01,['S&P600_小型'],RS: 99,27.09,29,,IS,✅ RS 換倉平倉,False,RS: 99,27.09
,,PTON,112.03,113.44,,2020-11-02,🅱️ RS 核心,2020-12-01,['S&P600_小型'],RS: 99,56.72,29,,IS,✅ RS 換倉平倉,False,RS: 99,56.72
,,ENPH,128.85,103.83,,2020-11-02,🅱️ RS 核心,2020-12-01,['S&P600_小型'],RS: 99,51.92,29,,IS,✅ RS 換倉平倉,False,RS: 99,51.92
104.299,,3762.T,2064.65,1669.08,104.58,2020-11-02,🅱️ RS 核心,2020-12-01,['TOPIX_Small500_小型'],RS: 99,834.54,29,,IS,✅ RS 換倉平倉,False,RS: 99,834.54
,,ACMR,27.96,25.04,,2020-11-02,🅱️ RS 核心,2020-12-01,['S&P600_小型'],RS: 99,12.52,29,,IS,✅ RS 換倉平倉,False,RS: 99,12.52
104.299,,6367.T,22666.56,18607.64,104.58,2020-11-02,🅱️ RS 核心,2020-12-01,['NK225'],RS: 99,9303.82,29,,IS,✅ RS 換倉平倉,False,RS: 99,9303.82
,,PINS,68.21,58.38,,2020-11-02,🅱️ RS 核心,2020-12-01,['S&P400_中型'],RS: 99,29.19,29,,IS,✅ RS 換倉平倉,False,RS: 99,29.19
104.299,,5929.T,1081.68,1058.92,104.58,2020-11-02,🅱️ RS 核心,2020-12-01,['TOPIX_Mid400_中型'],RS: 99,529.46,29,,IS,✅ RS 換倉平倉,False,RS: 99,529.46
,,CLSK,11.6,7.73,,2020-11-02,🅱️ RS 核心,2020-12-01,['S&P600_小型'],RS: 99,3.87,29,,IS,✅ RS 換倉平倉,False,RS: 99,3.87
,,SEDG,274.07,267.72,,2020-11-02,🅱️ RS 核心,2020-12-01,['S&P600_小型'],RS: 98,133.86,29,,IS,✅ RS 換倉平倉,False,RS: 99,133.86
104.299,,5947.T,3675.4,3203.2,104.58,2020-11-02,🅱️ RS 核心,2020-12-01,['TOPIX_Mid400_中型'],RS: 99,1601.6,29,,IS,✅ RS 換倉平倉,False,RS: 99,1601.6
,,PENN,70.03,53.03,,2020-11-02,🅱️ RS 核心,2020-12-01,['S&P600_小型'],RS: 98,26.51,29,,IS,✅ RS 換倉平倉,False,RS: 99,26.51
104.299,,2607.T,2524.78,3002.28,104.58,2020-11-02,🅱️ RS 核心,2020-12-01,['TOPIX_Mid400_中型'],RS: 3,1501.14,29,,IS,✅ RS 換倉平倉,False,RS: 99,1501.14
,,TRUP,96.52,78.21,,2020-11-02,🅱️ RS 核心,2020-12-01,['S&P600_小型'],RS: 98,39.1,29,,IS,✅ RS 換倉平倉,False,RS: 99,39.1
,,QDEL,188.95,248.41,,2020-11-02,🅱️ RS 核心,2020-12-01,['S&P600_小型'],RS: 95,124.21,29,,IS,✅ RS 換倉平倉,False,RS: 99,124.21
104.299,,3778.T,725.92,720.02,104.58,2020-11-02,🅱️ RS 核心,2020-12-01,['TOPIX_Small500_小型'],RS: 98,360.01,29,,IS,✅ RS 換倉平倉,False,RS: 99,360.01
,,CLSK,7.73,12.43,,2020-10-01,🅱️ RS 核心,2020-11-02,['S&P600_小型'],RS: 99,6.22,32,,IS,✅ RS 換倉平倉,False,RS: 100,6.22
104.58,,3762.T,1669.08,2087.49,105.451,2020-10-01,🅱️ RS 核心,2020-11-02,['TOPIX_Small500_小型'],RS: 99,1043.75,32,,IS,✅ RS 換倉平倉,False,RS: 100,1043.75
,,RUN,54.18,79.97,,2020-10-01,🅱️ RS 核心,2020-11-02,['S&P600_小型'],RS: 99,39.99,32,,IS,✅ RS 換倉平倉,False,RS: 99,39.99
104.58,,6383.T,3369.37,3246.62,105.451,2020-10-01,🅱️ RS 核心,2020-11-02,['TOPIX_Mid400_中型'],RS: 99,1623.31,32,,IS,✅ RS 換倉平倉,False,RS: 99,1623.31
,,AGNT,18.93,20.81,,2020-10-01,🅱️ RS 核心,2020-11-02,['S&P600_小型'],RS: 99,10.4,32,,IS,✅ RS 換倉平倉,False,RS: 99,10.4
104.58,,3778.T,720.02,775.03,105.451,2020-10-01,🅱️ RS 核心,2020-11-02,['TOPIX_Small500_小型'],RS: 99,387.52,32,,IS,✅ RS 換倉平倉,False,RS: 99,387.52
,,PENN,53.03,74.07,,2020-10-01,🅱️ RS 核心,2020-11-02,['S&P600_小型'],RS: 99,37.03,32,,IS,✅ RS 換倉平倉,False,RS: 99,37.03
,,PTON,113.44,105.2,,2020-10-01,🅱️ RS 核心,2020-11-02,['S&P600_小型'],RS: 99,52.6,32,,IS,✅ RS 換倉平倉,False,RS: 99,52.6
104.58,,3661.T,291.38,354.23,105.451,2020-10-01,🅱️ RS 核心,2020-11-02,['TOPIX_Small500_小型'],RS: 98,177.11,32,,IS,✅ RS 換倉平倉,False,RS: 99,177.11
,,CVNA,37.0,47.62,,2020-10-01,🅱️ RS 核心,2020-11-02,['S&P500_大盤'],RS: 98,23.81,32,,IS,✅ RS 換倉平倉,False,RS: 99,23.81
,,TGTX,26.06,27.09,,2020-10-01,🅱️ RS 核心,2020-11-02,['S&P600_小型'],RS: 98,13.55,32,,IS,✅ RS 換倉平倉,False,RS: 99,13.55
,,ACMR,25.04,25.13,,2020-10-01,🅱️ RS 核心,2020-11-02,['S&P600_小型'],RS: 99,12.56,32,,IS,✅ RS 換倉平倉,False,RS: 99,12.56
104.58,,6367.T,18607.64,17987.85,105.451,2020-10-01,🅱️ RS 核心,2020-11-02,['NK225'],RS: 99,8993.93,32,,IS,✅ RS 換倉平倉,False,RS: 99,8993.93
,,MRNA,67.11,70.03,,2020-10-01,🅱️ RS 核心,2020-11-02,['S&P500_大盤'],RS: 98,35.01,32,,IS,✅ RS 換倉平倉,False,RS: 99,35.01
,,TRUP,78.21,81.16,,2020-10-01,🅱️ RS 核心,2020-11-02,['S&P600_小型'],RS: 99,40.58,32,,IS,✅ RS 換倉平倉,False,RS: 99,40.58
,,QDEL,248.41,225.54,,2020-10-01,🅱️ RS 核心,2020-11-02,['S&P600_小型'],RS: 99,112.77,32,,IS,✅ RS 換倉平倉,False,RS: 99,112.77
104.58,,5947.T,3203.2,3082.89,105.451,2020-10-01,🅱️ RS 核心,2020-11-02,['TOPIX_Mid400_中型'],RS: 99,1541.44,32,,IS,✅ RS 換倉平倉,False,RS: 99,1541.44
,,ENPH,103.83,89.51,,2020-10-01,🅱️ RS 核心,2020-11-02,['S&P600_小型'],RS: 99,44.76,32,,IS,✅ RS 換倉平倉,False,RS: 99,44.76
,,DDOG,88.33,103.51,,2020-10-01,🅱️ RS 核心,2020-11-02,"['S&P500_大盤', 'NDX100_科技']",RS: 97,51.76,32,,IS,✅ RS 換倉平倉,False,RS: 99,51.76
,,HL,4.72,5.07,,2020-10-01,🅱️ RS 核心,2020-11-02,['S&P400_中型'],RS: 97,2.53,32,,IS,✅ RS 換倉平倉,False,RS: 98,2.53
,,AGNT,20.81,20.73,,2020-09-01,🅱️ RS 核心,2020-10-01,['S&P600_小型'],RS: 99,10.36,30,,IS,✅ RS 換倉平倉,False,RS: 100,10.36
105.451,,3762.T,2087.49,2083.83,106.004,2020-09-01,🅱️ RS 核心,2020-10-01,['TOPIX_Small500_小型'],RS: 100,1041.91,30,,IS,✅ RS 換倉平倉,False,RS: 100,1041.91
,,ACMR,25.13,30.16,,2020-09-01,🅱️ RS 核心,2020-10-01,['S&P600_小型'],RS: 99,15.08,30,,IS,✅ RS 換倉平倉,False,RS: 99,15.08
105.451,,3661.T,354.23,433.65,106.004,2020-09-01,🅱️ RS 核心,2020-10-01,['TOPIX_Small500_小型'],RS: 99,216.83,30,,IS,✅ RS 換倉平倉,False,RS: 99,216.83
,,CELH,7.31,6.74,,2020-09-01,🅱️ RS 核心,2020-10-01,['S&P400_中型'],RS: 99,3.37,30,,IS,✅ RS 換倉平倉,False,RS: 99,3.37
,,DOCU,222.26,268.8,,2020-09-01,🅱️ RS 核心,2020-10-01,['S&P400_中型'],RS: 98,134.4,30,,IS,✅ RS 換倉平倉,False,RS: 99,134.4
105.451,,6383.T,3246.62,2876.18,106.004,2020-09-01,🅱️ RS 核心,2020-10-01,['TOPIX_Mid400_中型'],RS: 99,1438.09,30,,IS,✅ RS 換倉平倉,False,RS: 99,1438.09
,,CLSK,12.43,10.37,,2020-09-01,🅱️ RS 核心,2020-10-01,['S&P600_小型'],RS: 100,5.18,30,,IS,✅ RS 換倉平倉,False,RS: 99,5.18
,,PTON,105.2,83.67,,2020-09-01,🅱️ RS 核心,2020-10-01,['S&P600_小型'],RS: 99,41.83,30,,IS,✅ RS 換倉平倉,False,RS: 99,41.83
105.451,,6367.T,17987.85,18624.76,106.004,2020-09-01,🅱️ RS 核心,2020-10-01,['NK225'],RS: 99,9312.38,30,,IS,✅ RS 換倉平倉,False,RS: 99,9312.38
,,RUN,79.97,58.27,,2020-09-01,🅱️ RS 核心,2020-10-01,['S&P600_小型'],RS: 99,29.14,30,,IS,✅ RS 換倉平倉,False,RS: 99,29.14
105.451,,7513.T,492.26,497.63,106.004,2020-09-01,🅱️ RS 核心,2020-10-01,['TOPIX_Small500_小型'],RS: 99,248.82,30,,IS,✅ RS 換倉平倉,False,RS: 99,248.82
,,CVNA,47.62,45.44,,2020-09-01,🅱️ RS 核心,2020-10-01,['S&P500_大盤'],RS: 99,22.72,30,,IS,✅ RS 換倉平倉,False,RS: 99,22.72
,,OVV,6.46,9.66,,2020-09-01,🅱️ RS 核心,2020-10-01,['S&P400_中型'],RS: 71,4.83,30,,IS,✅ RS 換倉平倉,False,RS: 99,4.83
,,TGTX,27.09,25.86,,2020-09-01,🅱️ RS 核心,2020-10-01,['S&P600_小型'],RS: 99,12.93,30,,IS,✅ RS 換倉平倉,False,RS: 99,12.93
105.451,,5947.T,3082.89,2886.97,106.004,2020-09-01,🅱️ RS 核心,2020-10-01,['TOPIX_Mid400_中型'],RS: 99,1443.49,30,,IS,✅ RS 換倉平倉,False,RS: 99,1443.49
,,MRNA,70.03,63.32,,2020-09-01,🅱️ RS 核心,2020-10-01,['S&P500_大盤'],RS: 99,31.66,30,,IS,✅ RS 換倉平倉,False,RS: 99,31.66
105.451,,2897.T,3002.34,3188.52,106.004,2020-09-01,🅱️ RS 核心,2020-10-01,['TOPIX_Mid400_中型'],RS: 98,1594.26,30,,IS,✅ RS 換倉平倉,False,RS: 99,1594.26
,,CALX,18.18,21.84,,2020-09-01,🅱️ RS 核心,2020-10-01,['S&P600_小型'],RS: 98,10.92,30,,IS,✅ RS 換倉平倉,False,RS: 99,10.92
,,SHOP,105.44,113.43,,2020-09-01,🅱️ RS 核心,2020-10-01,['NDX100_科技'],RS: 98,56.72,30,,IS,✅ RS 換倉平倉,False,RS: 99,56.72
,,ACMR,30.16,35.85,,2020-08-03,🅱️ RS 核心,2020-09-01,['S&P600_小型'],RS: 99,17.92,29,,IS,✅ RS 換倉平倉,False,RS: 100,17.92
,,MRNA,63.32,77.98,,2020-08-03,🅱️ RS 核心,2020-09-01,['S&P500_大盤'],RS: 99,38.99,29,,IS,✅ RS 換倉平倉,False,RS: 99,38.99
106.004,,6383.T,2876.18,2915.96,105.866,2020-08-03,🅱️ RS 核心,2020-09-01,['TOPIX_Mid400_中型'],RS: 99,1457.98,29,,IS,✅ RS 換倉平倉,False,RS: 99,1457.98
,,QDEL,158.37,293.82,,2020-08-03,🅱️ RS 核心,2020-09-01,['S&P600_小型'],RS: 96,146.91,29,,IS,✅ RS 換倉平倉,False,RS: 99,146.91
106.004,,3762.T,2083.83,1806.96,105.866,2020-08-03,🅱️ RS 核心,2020-09-01,['TOPIX_Small500_小型'],RS: 100,903.48,29,,IS,✅ RS 換倉平倉,False,RS: 99,903.48
,,DOCU,268.8,226.28,,2020-08-03,🅱️ RS 核心,2020-09-01,['S&P400_中型'],RS: 99,113.14,29,,IS,✅ RS 換倉平倉,False,RS: 99,113.14
106.004,,6367.T,18624.76,17371.67,105.866,2020-08-03,🅱️ RS 核心,2020-09-01,['NK225'],RS: 99,8685.83,29,,IS,✅ RS 換倉平倉,False,RS: 99,8685.83
,,PDD,91.36,96.03,,2020-08-03,🅱️ RS 核心,2020-09-01,['NDX100_科技'],RS: 98,48.01,29,,IS,✅ RS 換倉平倉,False,RS: 99,48.01
,,CALX,21.84,21.66,,2020-08-03,🅱️ RS 核心,2020-09-01,['S&P600_小型'],RS: 99,10.83,29,,IS,✅ RS 換倉平倉,False,RS: 99,10.83
106.004,,5947.T,2886.97,2620.71,105.866,2020-08-03,🅱️ RS 核心,2020-09-01,['TOPIX_Mid400_中型'],RS: 99,1310.36,29,,IS,✅ RS 換倉平倉,False,RS: 99,1310.36
,,UNFI,19.01,20.32,,2020-08-03,🅱️ RS 核心,2020-09-01,['S&P600_小型'],RS: 99,10.16,29,,IS,✅ RS 換倉平倉,False,RS: 99,10.16
,,MARA,2.57,3.83,,2020-08-03,🅱️ RS 核心,2020-09-01,['S&P600_小型'],RS: 98,1.91,29,,IS,✅ RS 換倉平倉,False,RS: 99,1.91
106.004,,2897.T,3188.52,2874.8,105.866,2020-08-03,🅱️ RS 核心,2020-09-01,['TOPIX_Mid400_中型'],RS: 99,1437.4,29,,IS,✅ RS 換倉平倉,False,RS: 99,1437.4
,,PTON,83.67,72.68,,2020-08-03,🅱️ RS 核心,2020-09-01,['S&P600_小型'],RS: 99,36.34,29,,IS,✅ RS 換倉平倉,False,RS: 99,36.34
,,ADT,9.66,11.73,,2020-08-03,🅱️ RS 核心,2020-09-01,['S&P600_小型'],RS: 96,5.87,29,,IS,✅ RS 換倉平倉,False,RS: 99,5.87
106.004,,8604.T,413.55,382.1,105.866,2020-08-03,🅱️ RS 核心,2020-09-01,['NK225'],RS: 98,191.05,29,,IS,✅ RS 換倉平倉,False,RS: 99,191.05
,,SHOP,113.43,108.31,,2020-08-03,🅱️ RS 核心,2020-09-01,['NDX100_科技'],RS: 99,54.15,29,,IS,✅ RS 換倉平倉,False,RS: 99,54.15
,,HL,5.8,5.43,,2020-08-03,🅱️ RS 核心,2020-09-01,['S&P400_中型'],RS: 99,2.72,29,,IS,✅ RS 換倉平倉,False,RS: 99,2.72
106.004,,7956.T,3832.28,3288.77,105.866,2020-08-03,🅱️ RS 核心,2020-09-01,['TOPIX_Mid400_中型'],RS: 99,1644.39,29,,IS,✅ RS 換倉平倉,False,RS: 99,1644.39
,,ETSY,125.05,126.62,,2020-08-03,🅱️ RS 核心,2020-09-01,['S&P600_小型'],RS: 97,63.31,29,,IS,✅ RS 換倉平倉,False,RS: 99,63.31
,,MRNA,77.98,61.59,,2020-07-01,🅱️ RS 核心,2020-08-03,['S&P500_大盤'],RS: 99,30.8,33,,IS,✅ RS 換倉平倉,False,RS: 100,30.8
105.866,,3762.T,1806.96,1667.61,107.989,2020-07-01,🅱️ RS 核心,2020-08-03,['TOPIX_Small500_小型'],RS: 99,833.8,33,,IS,✅ RS 換倉平倉,False,RS: 100,833.8
,,QDEL,293.82,220.76,,2020-07-01,🅱️ RS 核心,2020-08-03,['S&P600_小型'],RS: 99,110.38,33,,IS,✅ RS 換倉平倉,False,RS: 99,110.38
105.866,,6383.T,2915.96,2909.84,107.989,2020-07-01,🅱️ RS 核心,2020-08-03,['TOPIX_Mid400_中型'],RS: 99,1454.92,33,,IS,✅ RS 換倉平倉,False,RS: 99,1454.92
,,VIR,49.52,39.6,,2020-07-01,🅱️ RS 核心,2020-08-03,['S&P600_小型'],RS: 98,19.8,33,,IS,✅ RS 換倉平倉,False,RS: 99,19.8
,,PDD,96.03,85.45,,2020-07-01,🅱️ RS 核心,2020-08-03,['NDX100_科技'],RS: 99,42.72,33,,IS,✅ RS 換倉平倉,False,RS: 99,42.72
,,ACMR,35.85,20.22,,2020-07-01,🅱️ RS 核心,2020-08-03,['S&P600_小型'],RS: 100,10.11,33,,IS,✅ RS 換倉平倉,False,RS: 99,10.11
105.866,,2897.T,2874.8,2823.52,107.989,2020-07-01,🅱️ RS 核心,2020-08-03,['TOPIX_Mid400_中型'],RS: 99,1411.76,33,,IS,✅ RS 換倉平倉,False,RS: 99,1411.76
,,DOCU,226.28,178.96,,2020-07-01,🅱️ RS 核心,2020-08-03,['S&P400_中型'],RS: 99,89.48,33,,IS,✅ RS 換倉平倉,False,RS: 99,89.48
,,SHOP,108.31,101.66,,2020-07-01,🅱️ RS 核心,2020-08-03,['NDX100_科技'],RS: 99,50.83,33,,IS,✅ RS 換倉平倉,False,RS: 99,50.83
105.866,,6367.T,17371.67,16267.08,107.989,2020-07-01,🅱️ RS 核心,2020-08-03,['NK225'],RS: 99,8133.54,33,,IS,✅ RS 換倉平倉,False,RS: 99,8133.54
,,BILL,96.82,89.91,,2020-07-01,🅱️ RS 核心,2020-08-03,['S&P400_中型'],RS: 96,44.96,33,,IS,✅ RS 換倉平倉,False,RS: 99,44.96
105.866,,5947.T,2620.71,2671.57,107.989,2020-07-01,🅱️ RS 核心,2020-08-03,['TOPIX_Mid400_中型'],RS: 99,1335.79,33,,IS,✅ RS 換倉平倉,False,RS: 99,1335.79
,,PLMR,96.89,87.66,,2020-07-01,🅱️ RS 核心,2020-08-03,['S&P600_小型'],RS: 98,43.83,33,,IS,✅ RS 換倉平倉,False,RS: 99,43.83
,,DDOG,95.67,89.38,,2020-07-01,🅱️ RS 核心,2020-08-03,"['S&P500_大盤', 'NDX100_科技']",RS: 97,44.69,33,,IS,✅ RS 換倉平倉,False,RS: 99,44.69
105.866,,7956.T,3288.77,3324.48,107.989,2020-07-01,🅱️ RS 核心,2020-08-03,['TOPIX_Mid400_中型'],RS: 99,1662.24,33,,IS,✅ RS 換倉平倉,False,RS: 99,1662.24
,,ETSY,126.62,111.21,,2020-07-01,🅱️ RS 核心,2020-08-03,['S&P600_小型'],RS: 99,55.6,33,,IS,✅ RS 換倉平倉,False,RS: 99,55.6
105.866,,8604.T,382.1,363.64,107.989,2020-07-01,🅱️ RS 核心,2020-08-03,['NK225'],RS: 99,181.82,33,,IS,✅ RS 換倉平倉,False,RS: 99,181.82
,,DXCM,110.92,100.05,,2020-07-01,🅱️ RS 核心,2020-08-03,"['S&P500_大盤', 'NDX100_科技']",RS: 98,50.03,33,,IS,✅ RS 換倉平倉,False,RS: 99,50.03
,,TGTX,20.81,20.31,,2020-07-01,🅱️ RS 核心,2020-08-03,['S&P600_小型'],RS: 98,10.15,33,,IS,✅ RS 換倉平倉,False,RS: 98,10.15
,,RCUS,23.38,33.04,,2020-06-01,🅱️ RS 核心,2020-07-01,['S&P600_小型'],RS: 99,16.52,30,,IS,✅ RS 換倉平倉,False,RS: 100,16.52
107.989,,3762.T,1667.61,1557.41,107.708,2020-06-01,🅱️ RS 核心,2020-07-01,['TOPIX_Small500_小型'],RS: 100,778.7,30,,IS,✅ RS 換倉平倉,False,RS: 100,778.7
,,ACMR,20.22,21.3,,2020-06-01,🅱️ RS 核心,2020-07-01,['S&P600_小型'],RS: 99,10.65,30,,IS,✅ RS 換倉平倉,False,RS: 99,10.65
107.989,,6383.T,2909.84,2628.34,107.708,2020-06-01,🅱️ RS 核心,2020-07-01,['TOPIX_Mid400_中型'],RS: 99,1314.17,30,,IS,✅ RS 換倉平倉,False,RS: 99,1314.17
,,MRNA,61.59,62.18,,2020-06-01,🅱️ RS 核心,2020-07-01,['S&P500_大盤'],RS: 100,31.09,30,,IS,✅ RS 換倉平倉,False,RS: 99,31.09
,,ENPH,49.06,59.68,,2020-06-01,🅱️ RS 核心,2020-07-01,['S&P600_小型'],RS: 98,29.84,30,,IS,✅ RS 換倉平倉,False,RS: 99,29.84
,,VIR,39.6,35.35,,2020-06-01,🅱️ RS 核心,2020-07-01,['S&P600_小型'],RS: 99,17.67,30,,IS,✅ RS 換倉平倉,False,RS: 99,17.67
107.989,,2897.T,2823.52,2705.87,107.708,2020-06-01,🅱️ RS 核心,2020-07-01,['TOPIX_Mid400_中型'],RS: 99,1352.94,30,,IS,✅ RS 換倉平倉,False,RS: 99,1352.94
,,QDEL,220.76,174.92,,2020-06-01,🅱️ RS 核心,2020-07-01,['S&P600_小型'],RS: 99,87.46,30,,IS,✅ RS 換倉平倉,False,RS: 99,87.46
,,TGTX,20.31,18.39,,2020-06-01,🅱️ RS 核心,2020-07-01,['S&P600_小型'],RS: 98,9.19,30,,IS,✅ RS 換倉平倉,False,RS: 99,9.19
107.989,,5947.T,2671.57,2737.39,107.708,2020-06-01,🅱️ RS 核心,2020-07-01,['TOPIX_Mid400_中型'],RS: 99,1368.69,30,,IS,✅ RS 換倉平倉,False,RS: 99,1368.69
,,DOCU,178.96,147.22,,2020-06-01,🅱️ RS 核心,2020-07-01,['S&P400_中型'],RS: 99,73.61,30,,IS,✅ RS 換倉平倉,False,RS: 99,73.61
107.989,,3778.T,634.56,671.89,107.708,2020-06-01,🅱️ RS 核心,2020-07-01,['TOPIX_Small500_小型'],RS: 5,335.94,30,,IS,✅ RS 換倉平倉,False,RS: 99,335.94
,,PDD,85.45,65.76,,2020-06-01,🅱️ RS 核心,2020-07-01,['NDX100_科技'],RS: 99,32.88,30,,IS,✅ RS 換倉平倉,False,RS: 99,32.88
,,SHOP,101.66,75.8,,2020-06-01,🅱️ RS 核心,2020-07-01,['NDX100_科技'],RS: 99,37.9,30,,IS,✅ RS 換倉平倉,False,RS: 99,37.9
,,CYTK,23.61,20.9,,2020-06-01,🅱️ RS 核心,2020-07-01,['S&P400_中型'],RS: 98,10.45,30,,IS,✅ RS 換倉平倉,False,RS: 99,10.45
107.989,,3661.T,269.82,305.76,107.708,2020-06-01,🅱️ RS 核心,2020-07-01,['TOPIX_Small500_小型'],RS: 3,152.88,30,,IS,✅ RS 換倉平倉,False,RS: 99,152.88
,,PLMR,87.66,76.15,,2020-06-01,🅱️ RS 核心,2020-07-01,['S&P600_小型'],RS: 99,38.08,30,,IS,✅ RS 換倉平倉,False,RS: 99,38.08
107.989,,6367.T,16267.08,14805.13,107.708,2020-06-01,🅱️ RS 核心,2020-07-01,['NK225'],RS: 99,7402.57,30,,IS,✅ RS 換倉平倉,False,RS: 99,7402.57
,,SEDG,141.39,150.7,,2020-06-01,🅱️ RS 核心,2020-07-01,['S&P600_小型'],RS: 98,75.35,30,,IS,✅ RS 換倉平倉,False,RS: 99,75.35
,,RCUS,33.04,26.22,,2020-05-01,🅱️ RS 核心,2020-06-01,['S&P600_小型'],RS: 100,13.11,31,,IS,✅ RS 換倉平倉,False,RS: 100,13.11
107.708,,3762.T,1557.41,1191.28,107.285,2020-05-01,🅱️ RS 核心,2020-06-01,['TOPIX_Small500_小型'],RS: 100,595.64,31,,IS,✅ RS 換倉平倉,False,RS: 100,595.64
,,ENPH,59.68,43.25,,2020-05-01,🅱️ RS 核心,2020-06-01,['S&P600_小型'],RS: 99,21.62,31,,IS,✅ RS 換倉平倉,False,RS: 99,21.62
107.708,,6383.T,2628.34,2248.93,107.285,2020-05-01,🅱️ RS 核心,2020-06-01,['TOPIX_Mid400_中型'],RS: 99,1124.46,31,,IS,✅ RS 換倉平倉,False,RS: 99,1124.46
,,MRNA,62.18,47.93,,2020-05-01,🅱️ RS 核心,2020-06-01,['S&P500_大盤'],RS: 99,23.97,31,,IS,✅ RS 換倉平倉,False,RS: 99,23.97
,,QDEL,174.92,139.24,,2020-05-01,🅱️ RS 核心,2020-06-01,['S&P600_小型'],RS: 99,69.62,31,,IS,✅ RS 換倉平倉,False,RS: 99,69.62
107.708,,3661.T,305.76,294.86,107.285,2020-05-01,🅱️ RS 核心,2020-06-01,['TOPIX_Small500_小型'],RS: 99,147.43,31,,IS,✅ RS 換倉平倉,False,RS: 99,147.43
,,SHOP,75.8,61.36,,2020-05-01,🅱️ RS 核心,2020-06-01,['NDX100_科技'],RS: 99,30.68,31,,IS,✅ RS 換倉平倉,False,RS: 99,30.68
107.708,,2897.T,2705.87,2717.94,107.285,2020-05-01,🅱️ RS 核心,2020-06-01,['TOPIX_Mid400_中型'],RS: 99,1358.97,31,,IS,✅ RS 換倉平倉,False,RS: 99,1358.97
,,DXCM,94.68,85.38,,2020-05-01,🅱️ RS 核心,2020-06-01,"['S&P500_大盤', 'NDX100_科技']",RS: 99,42.69,31,,IS,✅ RS 換倉平倉,False,RS: 99,42.69
,,VIR,35.35,27.89,,2020-05-01,🅱️ RS 核心,2020-06-01,['S&P600_小型'],RS: 99,13.94,31,,IS,✅ RS 換倉平倉,False,RS: 99,13.94
107.708,,1766.T,6237.45,6237.45,107.285,2020-05-01,🅱️ RS 核心,2020-06-01,['TOPIX_Small500_小型'],RS: 99,3118.73,31,,IS,✅ RS 換倉平倉,False,RS: 99,3118.73
,,NEM,50.68,51.1,,2020-05-01,🅱️ RS 核心,2020-06-01,['S&P500_大盤'],RS: 97,25.55,31,,IS,✅ RS 換倉平倉,False,RS: 99,25.55
107.708,,5947.T,2737.39,2429.25,107.285,2020-05-01,🅱️ RS 核心,2020-06-01,['TOPIX_Mid400_中型'],RS: 99,1214.62,31,,IS,✅ RS 換倉平倉,False,RS: 99,1214.62
,,DOCU,147.22,103.52,,2020-05-01,🅱️ RS 核心,2020-06-01,['S&P400_中型'],RS: 99,51.76,31,,IS,✅ RS 換倉平倉,False,RS: 99,51.76
,,FIVN,107.23,91.83,,2020-05-01,🅱️ RS 核心,2020-06-01,['S&P600_小型'],RS: 98,45.92,31,,IS,✅ RS 換倉平倉,False,RS: 99,45.92
107.708,,8604.T,360.98,334.55,107.285,2020-05-01,🅱️ RS 核心,2020-06-01,['NK225'],RS: 98,167.27,31,,IS,✅ RS 換倉平倉,False,RS: 99,167.27
,,GEN,18.93,18.19,,2020-05-01,🅱️ RS 核心,2020-06-01,['S&P500_大盤'],RS: 98,9.09,31,,IS,✅ RS 換倉平倉,False,RS: 99,9.09
,,REGN,593.87,520.59,,2020-05-01,🅱️ RS 核心,2020-06-01,"['S&P500_大盤', 'NDX100_科技']",RS: 98,260.29,31,,IS,✅ RS 換倉平倉,False,RS: 99,260.29
,,ALNY,133.57,128.97,,2020-05-01,🅱️ RS 核心,2020-06-01,['NDX100_科技'],RS: 95,64.49,31,,IS,✅ RS 換倉平倉,False,RS: 98,64.49
,,RCUS,26.22,26.22,,2020-05-01,🅱️ RS 核心,2020-05-01,['S&P600_小型'],RS: 100,13.11,0,,IS,✅ RS 換倉平倉,False,RS: 100,13.11
107.285,,3762.T,1191.28,1191.28,107.285,2020-05-01,🅱️ RS 核心,2020-05-01,['TOPIX_Small500_小型'],RS: 100,595.64,0,,IS,✅ RS 換倉平倉,False,RS: 100,595.64
,,ENPH,43.25,43.25,,2020-05-01,🅱️ RS 核心,2020-05-01,['S&P600_小型'],RS: 99,21.62,0,,IS,✅ RS 換倉平倉,False,RS: 99,21.62
107.285,,6383.T,2248.93,2248.93,107.285,2020-05-01,🅱️ RS 核心,2020-05-01,['TOPIX_Mid400_中型'],RS: 99,1124.46,0,,IS,✅ RS 換倉平倉,False,RS: 99,1124.46
,,MRNA,47.93,47.93,,2020-05-01,🅱️ RS 核心,2020-05-01,['S&P500_大盤'],RS: 99,23.97,0,,IS,✅ RS 換倉平倉,False,RS: 99,23.97
,,QDEL,139.24,139.24,,2020-05-01,🅱️ RS 核心,2020-05-01,['S&P600_小型'],RS: 99,69.62,0,,IS,✅ RS 換倉平倉,False,RS: 99,69.62
107.285,,3661.T,294.86,294.86,107.285,2020-05-01,🅱️ RS 核心,2020-05-01,['TOPIX_Small500_小型'],RS: 99,147.43,0,,IS,✅ RS 換倉平倉,False,RS: 99,147.43
,,SHOP,61.36,61.36,,2020-05-01,🅱️ RS 核心,2020-05-01,['NDX100_科技'],RS: 99,30.68,0,,IS,✅ RS 換倉平倉,False,RS: 99,30.68
107.285,,2897.T,2717.94,2717.94,107.285,2020-05-01,🅱️ RS 核心,2020-05-01,['TOPIX_Mid400_中型'],RS: 99,1358.97,0,,IS,✅ RS 換倉平倉,False,RS: 99,1358.97
,,DXCM,85.38,85.38,,2020-05-01,🅱️ RS 核心,2020-05-01,"['S&P500_大盤', 'NDX100_科技']",RS: 99,42.69,0,,IS,✅ RS 換倉平倉,False,RS: 99,42.69
,,VIR,27.89,27.89,,2020-05-01,🅱️ RS 核心,2020-05-01,['S&P600_小型'],RS: 99,13.94,0,,IS,✅ RS 換倉平倉,False,RS: 99,13.94
107.285,,1766.T,6237.45,6237.45,107.285,2020-05-01,🅱️ RS 核心,2020-05-01,['TOPIX_Small500_小型'],RS: 99,3118.73,0,,IS,✅ RS 換倉平倉,False,RS: 99,3118.73
,,NEM,51.1,51.1,,2020-05-01,🅱️ RS 核心,2020-05-01,['S&P500_大盤'],RS: 99,25.55,0,,IS,✅ RS 換倉平倉,False,RS: 99,25.55
107.285,,5947.T,2429.25,2429.25,107.285,2020-05-01,🅱️ RS 核心,2020-05-01,['TOPIX_Mid400_中型'],RS: 99,1214.62,0,,IS,✅ RS 換倉平倉,False,RS: 99,1214.62
,,DOCU,103.52,103.52,,2020-05-01,🅱️ RS 核心,2020-05-01,['S&P400_中型'],RS: 99,51.76,0,,IS,✅ RS 換倉平倉,False,RS: 99,51.76
,,FIVN,91.83,91.83,,2020-05-01,🅱️ RS 核心,2020-05-01,['S&P600_小型'],RS: 99,45.92,0,,IS,✅ RS 換倉平倉,False,RS: 99,45.92
107.285,,8604.T,334.55,334.55,107.285,2020-05-01,🅱️ RS 核心,2020-05-01,['NK225'],RS: 99,167.27,0,,IS,✅ RS 換倉平倉,False,RS: 99,167.27
,,GEN,18.19,18.19,,2020-05-01,🅱️ RS 核心,2020-05-01,['S&P500_大盤'],RS: 99,9.09,0,,IS,✅ RS 換倉平倉,False,RS: 99,9.09
,,REGN,520.59,520.59,,2020-05-01,🅱️ RS 核心,2020-05-01,"['S&P500_大盤', 'NDX100_科技']",RS: 99,260.29,0,,IS,✅ RS 換倉平倉,False,RS: 99,260.29
,,ALNY,128.97,128.97,,2020-05-01,🅱️ RS 核心,2020-05-01,['NDX100_科技'],RS: 98,64.49,0,,IS,✅ RS 換倉平倉,False,RS: 98,64.49
,,RCUS,26.22,26.22,,2020-05-01,🅱️ RS 核心,2020-05-01,['S&P600_小型'],RS: 100,13.11,0,,IS,✅ RS 換倉平倉,False,RS: 100,13.11
107.285,,3762.T,1191.28,1191.28,107.285,2020-05-01,🅱️ RS 核心,2020-05-01,['TOPIX_Small500_小型'],RS: 100,595.64,0,,IS,✅ RS 換倉平倉,False,RS: 100,595.64
,,ENPH,43.25,43.25,,2020-05-01,🅱️ RS 核心,2020-05-01,['S&P600_小型'],RS: 99,21.62,0,,IS,✅ RS 換倉平倉,False,RS: 99,21.62
107.285,,6383.T,2248.93,2248.93,107.285,2020-05-01,🅱️ RS 核心,2020-05-01,['TOPIX_Mid400_中型'],RS: 99,1124.46,0,,IS,✅ RS 換倉平倉,False,RS: 99,1124.46
,,MRNA,47.93,47.93,,2020-05-01,🅱️ RS 核心,2020-05-01,['S&P500_大盤'],RS: 99,23.97,0,,IS,✅ RS 換倉平倉,False,RS: 99,23.97
,,QDEL,139.24,139.24,,2020-05-01,🅱️ RS 核心,2020-05-01,['S&P600_小型'],RS: 99,69.62,0,,IS,✅ RS 換倉平倉,False,RS: 99,69.62
107.285,,3661.T,294.86,294.86,107.285,2020-05-01,🅱️ RS 核心,2020-05-01,['TOPIX_Small500_小型'],RS: 99,147.43,0,,IS,✅ RS 換倉平倉,False,RS: 99,147.43
,,SHOP,61.36,61.36,,2020-05-01,🅱️ RS 核心,2020-05-01,['NDX100_科技'],RS: 99,30.68,0,,IS,✅ RS 換倉平倉,False,RS: 99,30.68
107.285,,2897.T,2717.94,2717.94,107.285,2020-05-01,🅱️ RS 核心,2020-05-01,['TOPIX_Mid400_中型'],RS: 99,1358.97,0,,IS,✅ RS 換倉平倉,False,RS: 99,1358.97
,,DXCM,85.38,85.38,,2020-05-01,🅱️ RS 核心,2020-05-01,"['S&P500_大盤', 'NDX100_科技']",RS: 99,42.69,0,,IS,✅ RS 換倉平倉,False,RS: 99,42.69
,,VIR,27.89,27.89,,2020-05-01,🅱️ RS 核心,2020-05-01,['S&P600_小型'],RS: 99,13.94,0,,IS,✅ RS 換倉平倉,False,RS: 99,13.94
107.285,,1766.T,6237.45,6237.45,107.285,2020-05-01,🅱️ RS 核心,2020-05-01,['TOPIX_Small500_小型'],RS: 99,3118.73,0,,IS,✅ RS 換倉平倉,False,RS: 99,3118.73
,,NEM,51.1,51.1,,2020-05-01,🅱️ RS 核心,2020-05-01,['S&P500_大盤'],RS: 99,25.55,0,,IS,✅ RS 換倉平倉,False,RS: 99,25.55
107.285,,5947.T,2429.25,2429.25,107.285,2020-05-01,🅱️ RS 核心,2020-05-01,['TOPIX_Mid400_中型'],RS: 99,1214.62,0,,IS,✅ RS 換倉平倉,False,RS: 99,1214.62
,,DOCU,103.52,103.52,,2020-05-01,🅱️ RS 核心,2020-05-01,['S&P400_中型'],RS: 99,51.76,0,,IS,✅ RS 換倉平倉,False,RS: 99,51.76
,,FIVN,91.83,91.83,,2020-05-01,🅱️ RS 核心,2020-05-01,['S&P600_小型'],RS: 99,45.92,0,,IS,✅ RS 換倉平倉,False,RS: 99,45.92
107.285,,8604.T,334.55,334.55,107.285,2020-05-01,🅱️ RS 核心,2020-05-01,['NK225'],RS: 99,167.27,0,,IS,✅ RS 換倉平倉,False,RS: 99,167.27
,,GEN,18.19,18.19,,2020-05-01,🅱️ RS 核心,2020-05-01,['S&P500_大盤'],RS: 99,9.09,0,,IS,✅ RS 換倉平倉,False,RS: 99,9.09
,,REGN,520.59,520.59,,2020-05-01,🅱️ RS 核心,2020-05-01,"['S&P500_大盤', 'NDX100_科技']",RS: 99,260.29,0,,IS,✅ RS 換倉平倉,False,RS: 99,260.29
,,ALNY,128.97,128.97,,2020-05-01,🅱️ RS 核心,2020-05-01,['NDX100_科技'],RS: 98,64.49,0,,IS,✅ RS 換倉平倉,False,RS: 98,64.49
,,ENPH,43.25,29.77,,2020-04-01,🅱️ RS 核心,2020-05-01,['S&P600_小型'],RS: 99,14.89,30,,IS,✅ RS 換倉平倉,False,RS: 100,14.89
107.285,,2897.T,2717.94,2663.64,107.508,2020-04-01,🅱️ RS 核心,2020-05-01,['TOPIX_Mid400_中型'],RS: 99,1331.82,30,,IS,✅ RS 換倉平倉,False,RS: 100,1331.82
107.285,,6383.T,2248.93,1970.49,107.508,2020-04-01,🅱️ RS 核心,2020-05-01,['TOPIX_Mid400_中型'],RS: 99,985.24,30,,IS,✅ RS 換倉平倉,False,RS: 99,985.24
,,DXCM,85.38,63.7,,2020-04-01,🅱️ RS 核心,2020-05-01,"['S&P500_大盤', 'NDX100_科技']",RS: 99,31.85,30,,IS,✅ RS 換倉平倉,False,RS: 99,31.85
,,QDEL,139.24,97.81,,2020-04-01,🅱️ RS 核心,2020-05-01,['S&P600_小型'],RS: 99,48.9,30,,IS,✅ RS 換倉平倉,False,RS: 99,48.9
107.285,,1766.T,6237.45,6175.69,107.508,2020-04-01,🅱️ RS 核心,2020-05-01,['TOPIX_Small500_小型'],RS: 99,3087.84,30,,IS,✅ RS 換倉平倉,False,RS: 99,3087.84
,,MRNA,47.93,29.67,,2020-04-01,🅱️ RS 核心,2020-05-01,['S&P500_大盤'],RS: 99,14.84,30,,IS,✅ RS 換倉平倉,False,RS: 99,14.84
,,REGN,520.59,492.01,,2020-04-01,🅱️ RS 核心,2020-05-01,"['S&P500_大盤', 'NDX100_科技']",RS: 99,246.0,30,,IS,✅ RS 換倉平倉,False,RS: 99,246.0
107.285,,1893.T,439.26,436.8,107.508,2020-04-01,🅱️ RS 核心,2020-05-01,['TOPIX_Mid400_中型'],RS: 4,218.4,30,,IS,✅ RS 換倉平倉,False,RS: 99,218.4
,,AMD,49.88,43.66,,2020-04-01,🅱️ RS 核心,2020-05-01,"['S&P500_大盤', 'NDX100_科技']",RS: 98,21.83,30,,IS,✅ RS 換倉平倉,False,RS: 99,21.83
,,RNG,216.94,209.55,,2020-04-01,🅱️ RS 核心,2020-05-01,['S&P600_小型'],RS: 98,104.77,30,,IS,✅ RS 換倉平倉,False,RS: 99,104.77
,,DOCU,103.52,92.09,,2020-04-01,🅱️ RS 核心,2020-05-01,['S&P400_中型'],RS: 99,46.04,30,,IS,✅ RS 換倉平倉,False,RS: 99,46.04
,,CCOI,59.65,58.73,,2020-04-01,🅱️ RS 核心,2020-05-01,['S&P600_小型'],RS: 97,29.36,30,,IS,✅ RS 換倉平倉,False,RS: 99,29.36
,,SHOP,61.36,38.47,,2020-04-01,🅱️ RS 核心,2020-05-01,['NDX100_科技'],RS: 99,19.23,30,,IS,✅ RS 換倉平倉,False,RS: 99,19.23
,,RGEN,112.91,94.33,,2020-04-01,🅱️ RS 核心,2020-05-01,['S&P400_中型'],RS: 98,47.17,30,,IS,✅ RS 換倉平倉,False,RS: 98,47.17
,,SYNA,63.07,55.08,,2020-04-01,🅱️ RS 核心,2020-05-01,['S&P400_中型'],RS: 98,27.54,30,,IS,✅ RS 換倉平倉,False,RS: 98,27.54
,,FIVN,91.83,73.74,,2020-04-01,🅱️ RS 核心,2020-05-01,['S&P600_小型'],RS: 99,36.87,30,,IS,✅ RS 換倉平倉,False,RS: 98,36.87
,,GEN,18.19,16.35,,2020-04-01,🅱️ RS 核心,2020-05-01,['S&P500_大盤'],RS: 99,8.18,30,,IS,✅ RS 換倉平倉,False,RS: 98,8.18
,,FRPT,72.78,60.75,,2020-04-01,🅱️ RS 核心,2020-05-01,['S&P600_小型'],RS: 97,30.38,30,,IS,✅ RS 換倉平倉,False,RS: 98,30.38
,,NVDA,7.03,6.05,,2020-04-01,🅱️ RS 核心,2020-05-01,"['S&P500_大盤', 'NDX100_科技']",RS: 98,3.02,30,,IS,✅ RS 換倉平倉,False,RS: 98,3.02
,,ENPH,29.77,51.4,,2020-03-02,🅱️ RS 核心,2020-04-01,['S&P600_小型'],RS: 100,25.7,30,,IS,✅ RS 換倉平倉,False,RS: 100,25.7
,,ACMR,9.11,12.22,,2020-03-02,🅱️ RS 核心,2020-04-01,['S&P600_小型'],RS: 99,6.11,30,,IS,✅ RS 換倉平倉,False,RS: 99,6.11
107.508,,3762.T,950.84,1176.88,107.697,2020-03-02,🅱️ RS 核心,2020-04-01,['TOPIX_Small500_小型'],RS: 5,588.44,30,,IS,✅ RS 換倉平倉,False,RS: 99,588.44
,,SEDG,78.82,128.7,,2020-03-02,🅱️ RS 核心,2020-04-01,['S&P600_小型'],RS: 97,64.35,30,,IS,✅ RS 換倉平倉,False,RS: 99,64.35
107.508,,6383.T,1970.49,1963.7,107.697,2020-03-02,🅱️ RS 核心,2020-04-01,['TOPIX_Mid400_中型'],RS: 99,981.85,30,,IS,✅ RS 換倉平倉,False,RS: 99,981.85
,,TGTX,8.9,14.0,,2020-03-02,🅱️ RS 核心,2020-04-01,['S&P600_小型'],RS: 95,7.0,30,,IS,✅ RS 換倉平倉,False,RS: 99,7.0
107.508,,8060.T,850.54,1047.14,107.697,2020-03-02,🅱️ RS 核心,2020-04-01,['TOPIX_Mid400_中型'],RS: 4,523.57,30,,IS,✅ RS 換倉平倉,False,RS: 99,523.57
,,RNG,209.55,238.61,,2020-03-02,🅱️ RS 核心,2020-04-01,['S&P600_小型'],RS: 99,119.3,30,,IS,✅ RS 換倉平倉,False,RS: 99,119.3
,,COLL,15.49,23.59,,2020-03-02,🅱️ RS 核心,2020-04-01,['S&P600_小型'],RS: 98,11.8,30,,IS,✅ RS 換倉平倉,False,RS: 99,11.8
107.508,,8604.T,327.56,369.21,107.697,2020-03-02,🅱️ RS 核心,2020-04-01,['NK225'],RS: 5,184.61,30,,IS,✅ RS 換倉平倉,False,RS: 99,184.61
,,SYNA,55.08,69.71,,2020-03-02,🅱️ RS 核心,2020-04-01,['S&P400_中型'],RS: 98,34.85,30,,IS,✅ RS 換倉平倉,False,RS: 99,34.85
107.508,,2897.T,2663.64,2600.14,107.697,2020-03-02,🅱️ RS 核心,2020-04-01,['TOPIX_Mid400_中型'],RS: 100,1300.07,30,,IS,✅ RS 換倉平倉,False,RS: 99,1300.07
,,DXCM,63.7,71.43,,2020-03-02,🅱️ RS 核心,2020-04-01,"['S&P500_大盤', 'NDX100_科技']",RS: 99,35.72,30,,IS,✅ RS 換倉平倉,False,RS: 99,35.72
,,AMD,43.66,47.46,,2020-03-02,🅱️ RS 核心,2020-04-01,"['S&P500_大盤', 'NDX100_科技']",RS: 99,23.73,30,,IS,✅ RS 換倉平倉,False,RS: 99,23.73
,,ACAD,39.26,43.76,,2020-03-02,🅱️ RS 核心,2020-04-01,['S&P600_小型'],RS: 97,21.88,30,,IS,✅ RS 換倉平倉,False,RS: 99,21.88
107.508,,6367.T,11853.39,13538.04,107.697,2020-03-02,🅱️ RS 核心,2020-04-01,['NK225'],RS: 4,6769.02,30,,IS,✅ RS 換倉平倉,False,RS: 99,6769.02
,,WGO,23.77,45.97,,2020-03-02,🅱️ RS 核心,2020-04-01,['S&P600_小型'],RS: 46,22.99,30,,IS,✅ RS 換倉平倉,False,RS: 99,22.99
107.508,,3289.T,396.27,581.28,107.697,2020-03-02,🅱️ RS 核心,2020-04-01,"['NK225', 'TOPIX_Mid400_中型']",RS: 2,290.64,30,,IS,✅ RS 換倉平倉,False,RS: 98,290.64
,,SHOP,38.47,48.84,,2020-03-02,🅱️ RS 核心,2020-04-01,['NDX100_科技'],RS: 99,24.42,30,,IS,✅ RS 換倉平倉,False,RS: 98,24.42
107.508,,3661.T,247.9,266.15,107.697,2020-03-02,🅱️ RS 核心,2020-04-01,['TOPIX_Small500_小型'],RS: 5,133.08,30,,IS,✅ RS 換倉平倉,False,RS: 98,133.08
,,ACMR,12.22,11.84,,2020-02-03,🅱️ RS 核心,2020-03-02,['S&P600_小型'],RS: 99,5.92,28,,IS,✅ RS 換倉平倉,False,RS: 100,5.92
107.697,,3661.T,266.15,343.36,108.372,2020-02-03,🅱️ RS 核心,2020-03-02,['TOPIX_Small500_小型'],RS: 98,171.68,28,,IS,✅ RS 換倉平倉,False,RS: 99,171.68
,,TGTX,14.0,14.81,,2020-02-03,🅱️ RS 核心,2020-03-02,['S&P600_小型'],RS: 99,7.41,28,,IS,✅ RS 換倉平倉,False,RS: 99,7.41
,,ENPH,51.4,32.92,,2020-02-03,🅱️ RS 核心,2020-03-02,['S&P600_小型'],RS: 100,16.46,28,,IS,✅ RS 換倉平倉,False,RS: 99,16.46
107.697,,8604.T,369.21,417.4,108.372,2020-02-03,🅱️ RS 核心,2020-03-02,['NK225'],RS: 99,208.7,28,,IS,✅ RS 換倉平倉,False,RS: 99,208.7
,,SYNA,69.71,68.58,,2020-02-03,🅱️ RS 核心,2020-03-02,['S&P400_中型'],RS: 99,34.29,28,,IS,✅ RS 換倉平倉,False,RS: 99,34.29
107.697,,7912.T,1135.71,1342.72,108.372,2020-02-03,🅱️ RS 核心,2020-03-02,"['NK225', 'TOPIX_Mid400_中型']",RS: 98,671.36,28,,IS,✅ RS 換倉平倉,False,RS: 99,671.36
,,ARWR,35.5,43.26,,2020-02-03,🅱️ RS 核心,2020-03-02,['S&P400_中型'],RS: 96,21.63,28,,IS,✅ RS 換倉平倉,False,RS: 99,21.63
107.697,,8060.T,1047.14,1096.29,108.372,2020-02-03,🅱️ RS 核心,2020-03-02,['TOPIX_Mid400_中型'],RS: 99,548.14,28,,IS,✅ RS 換倉平倉,False,RS: 99,548.14
,,SHOP,48.84,46.94,,2020-02-03,🅱️ RS 核心,2020-03-02,['NDX100_科技'],RS: 98,23.47,28,,IS,✅ RS 換倉平倉,False,RS: 99,23.47
107.697,,6508.T,1508.65,1770.84,108.372,2020-02-03,🅱️ RS 核心,2020-03-02,['TOPIX_Small500_小型'],RS: 98,885.42,28,,IS,✅ RS 換倉平倉,False,RS: 99,885.42
,,PLMR,52.46,53.67,,2020-02-03,🅱️ RS 核心,2020-03-02,['S&P600_小型'],RS: 96,26.84,28,,IS,✅ RS 換倉平倉,False,RS: 99,26.84
107.697,,3289.T,581.28,628.56,108.372,2020-02-03,🅱️ RS 核心,2020-03-02,"['NK225', 'TOPIX_Mid400_中型']",RS: 98,314.28,28,,IS,✅ RS 換倉平倉,False,RS: 99,314.28
107.697,,6383.T,1963.7,2027.53,108.372,2020-02-03,🅱️ RS 核心,2020-03-02,['TOPIX_Mid400_中型'],RS: 99,1013.77,28,,IS,✅ RS 換倉平倉,False,RS: 99,1013.77
107.697,,7701.T,2399.79,2856.24,108.372,2020-02-03,🅱️ RS 核心,2020-03-02,['TOPIX_Mid400_中型'],RS: 3,1428.12,28,,IS,✅ RS 換倉平倉,False,RS: 98,1428.12
,,PODD,181.51,194.84,,2020-02-03,🅱️ RS 核心,2020-03-02,['S&P500_大盤'],RS: 97,97.42,28,,IS,✅ RS 換倉平倉,False,RS: 98,97.42
,,RNG,238.61,204.66,,2020-02-03,🅱️ RS 核心,2020-03-02,['S&P600_小型'],RS: 99,102.33,28,,IS,✅ RS 換倉平倉,False,RS: 98,102.33
107.697,,3762.T,1176.88,1184.56,108.372,2020-02-03,🅱️ RS 核心,2020-03-02,['TOPIX_Small500_小型'],RS: 99,592.28,28,,IS,✅ RS 換倉平倉,False,RS: 98,592.28
,,AMD,47.46,48.02,,2020-02-03,🅱️ RS 核心,2020-03-02,"['S&P500_大盤', 'NDX100_科技']",RS: 99,24.01,28,,IS,✅ RS 換倉平倉,False,RS: 98,24.01
,,DOCU,87.96,80.63,,2020-02-03,🅱️ RS 核心,2020-03-02,['S&P400_中型'],RS: 98,40.31,28,,IS,✅ RS 換倉平倉,False,RS: 98,40.31
,,ARWR,43.26,63.43,,2020-01-01,🅱️ RS 核心,2020-02-03,['S&P400_中型'],RS: 99,31.72,33,,IS,✅ RS 換倉平倉,False,RS: 100,31.72
108.372,,6508.T,1770.84,2055.09,108.681,2020-01-01,🅱️ RS 核心,2020-02-03,['TOPIX_Small500_小型'],RS: 99,1027.55,33,,IS,✅ RS 換倉平倉,False,RS: 100,1027.55
,,ENPH,32.92,26.13,,2020-01-01,🅱️ RS 核心,2020-02-03,['S&P600_小型'],RS: 99,13.06,33,,IS,✅ RS 換倉平倉,False,RS: 99,13.06
108.372,,8604.T,417.4,423.48,108.681,2020-01-01,🅱️ RS 核心,2020-02-03,['NK225'],RS: 99,211.74,33,,IS,✅ RS 換倉平倉,False,RS: 99,211.74
,,ROKU,127.5,133.9,,2020-01-01,🅱️ RS 核心,2020-02-03,['S&P400_中型'],RS: 97,66.95,33,,IS,✅ RS 換倉平倉,False,RS: 99,66.95
108.372,,3778.T,614.52,720.03,108.681,2020-01-01,🅱️ RS 核心,2020-02-03,['TOPIX_Small500_小型'],RS: 98,360.02,33,,IS,✅ RS 換倉平倉,False,RS: 99,360.02
,,CRUS,77.19,82.41,,2020-01-01,🅱️ RS 核心,2020-02-03,['S&P400_中型'],RS: 98,41.21,33,,IS,✅ RS 換倉平倉,False,RS: 99,41.21
108.372,,2337.T,340.51,387.6,108.681,2020-01-01,🅱️ RS 核心,2020-02-03,['TOPIX_Small500_小型'],RS: 96,193.8,33,,IS,✅ RS 換倉平倉,False,RS: 99,193.8
,,SYNA,68.58,65.77,,2020-01-01,🅱️ RS 核心,2020-02-03,['S&P400_中型'],RS: 99,32.88,33,,IS,✅ RS 換倉平倉,False,RS: 99,32.88
108.372,,7701.T,2856.24,3159.31,108.681,2020-01-01,🅱️ RS 核心,2020-02-03,['TOPIX_Mid400_中型'],RS: 98,1579.66,33,,IS,✅ RS 換倉平倉,False,RS: 99,1579.66
,,SEDG,100.98,95.09,,2020-01-01,🅱️ RS 核心,2020-02-03,['S&P600_小型'],RS: 98,47.54,33,,IS,✅ RS 換倉平倉,False,RS: 99,47.54
,,THC,32.02,38.03,,2020-01-01,🅱️ RS 核心,2020-02-03,['S&P400_中型'],RS: 95,19.01,33,,IS,✅ RS 換倉平倉,False,RS: 99,19.01
108.372,,3661.T,343.36,301.72,108.681,2020-01-01,🅱️ RS 核心,2020-02-03,['TOPIX_Small500_小型'],RS: 99,150.86,33,,IS,✅ RS 換倉平倉,False,RS: 99,150.86
,,CVNA,17.25,18.41,,2020-01-01,🅱️ RS 核心,2020-02-03,['S&P500_大盤'],RS: 98,9.2,33,,IS,✅ RS 換倉平倉,False,RS: 99,9.2
,,LRCX,28.68,27.19,,2020-01-01,🅱️ RS 核心,2020-02-03,"['S&P500_大盤', 'NDX100_科技']",RS: 98,13.59,33,,IS,✅ RS 換倉平倉,False,RS: 99,13.59
108.372,,3762.T,1184.56,1061.27,108.681,2020-01-01,🅱️ RS 核心,2020-02-03,['TOPIX_Small500_小型'],RS: 98,530.64,33,,IS,✅ RS 換倉平倉,False,RS: 99,530.64
,,SHOP,46.94,39.76,,2020-01-01,🅱️ RS 核心,2020-02-03,['NDX100_科技'],RS: 99,19.88,33,,IS,✅ RS 換倉平倉,False,RS: 99,19.88
108.372,,7912.T,1342.72,1300.97,108.681,2020-01-01,🅱️ RS 核心,2020-02-03,"['NK225', 'TOPIX_Mid400_中型']",RS: 99,650.48,33,,IS,✅ RS 換倉平倉,False,RS: 98,650.48
,,CROX,37.49,41.89,,2020-01-01,🅱️ RS 核心,2020-02-03,['S&P400_中型'],RS: 95,20.94,33,,IS,✅ RS 換倉平倉,False,RS: 98,20.94
,,PODD,194.84,171.2,,2020-01-01,🅱️ RS 核心,2020-02-03,['S&P500_大盤'],RS: 98,85.6,33,,IS,✅ RS 換倉平倉,False,RS: 98,85.6
,,ARWR,63.43,63.33,,2019-12-02,🅱️ RS 核心,2020-01-01,['S&P400_中型'],RS: 100,31.67,30,,IS,✅ RS 換倉平倉,False,RS: 100,31.67
108.681,,8604.T,423.48,422.66,109.535,2019-12-02,🅱️ RS 核心,2020-01-01,['NK225'],RS: 99,211.33,30,,IS,✅ RS 換倉平倉,False,RS: 100,211.33
,,ROKU,133.9,136.07,,2019-12-02,🅱️ RS 核心,2020-01-01,['S&P400_中型'],RS: 99,68.04,30,,IS,✅ RS 換倉平倉,False,RS: 99,68.04
,,ENPH,26.13,22.07,,2019-12-02,🅱️ RS 核心,2020-01-01,['S&P600_小型'],RS: 99,11.03,30,,IS,✅ RS 換倉平倉,False,RS: 99,11.03
108.681,,6508.T,2055.09,1822.6,109.535,2019-12-02,🅱️ RS 核心,2020-01-01,['TOPIX_Small500_小型'],RS: 100,911.3,30,,IS,✅ RS 換倉平倉,False,RS: 99,911.3
,,ACAD,42.78,45.78,,2019-12-02,🅱️ RS 核心,2020-01-01,['S&P600_小型'],RS: 98,22.89,30,,IS,✅ RS 換倉平倉,False,RS: 99,22.89
108.681,,2337.T,387.6,369.1,109.535,2019-12-02,🅱️ RS 核心,2020-01-01,['TOPIX_Small500_小型'],RS: 99,184.55,30,,IS,✅ RS 換倉平倉,False,RS: 99,184.55
,,CVNA,18.41,18.4,,2019-12-02,🅱️ RS 核心,2020-01-01,['S&P500_大盤'],RS: 99,9.2,30,,IS,✅ RS 換倉平倉,False,RS: 99,9.2
,,RH,213.5,199.26,,2019-12-02,🅱️ RS 核心,2020-01-01,['S&P400_中型'],RS: 97,99.63,30,,IS,✅ RS 換倉平倉,False,RS: 99,99.63
,,BLDR,25.41,25.14,,2019-12-02,🅱️ RS 核心,2020-01-01,['S&P500_大盤'],RS: 98,12.57,30,,IS,✅ RS 換倉平倉,False,RS: 99,12.57
,,LSCC,19.14,18.59,,2019-12-02,🅱️ RS 核心,2020-01-01,['S&P400_中型'],RS: 98,9.3,30,,IS,✅ RS 換倉平倉,False,RS: 99,9.3
,,PODD,171.2,181.9,,2019-12-02,🅱️ RS 核心,2020-01-01,['S&P500_大盤'],RS: 98,90.95,30,,IS,✅ RS 換倉平倉,False,RS: 99,90.95
,,CDE,8.07,6.59,,2019-12-02,🅱️ RS 核心,2020-01-01,['S&P400_中型'],RS: 98,3.3,30,,IS,✅ RS 換倉平倉,False,RS: 99,3.3
108.681,,7701.T,3159.31,3044.51,109.535,2019-12-02,🅱️ RS 核心,2020-01-01,['TOPIX_Mid400_中型'],RS: 99,1522.26,30,,IS,✅ RS 換倉平倉,False,RS: 99,1522.26
108.681,,3661.T,301.72,296.55,109.535,2019-12-02,🅱️ RS 核心,2020-01-01,['TOPIX_Small500_小型'],RS: 99,148.28,30,,IS,✅ RS 換倉平倉,False,RS: 98,148.28
,,CRUS,82.41,70.86,,2019-12-02,🅱️ RS 核心,2020-01-01,['S&P400_中型'],RS: 99,35.43,30,,IS,✅ RS 換倉平倉,False,RS: 98,35.43
,,SYNA,65.77,56.75,,2019-12-02,🅱️ RS 核心,2020-01-01,['S&P400_中型'],RS: 99,28.38,30,,IS,✅ RS 換倉平倉,False,RS: 98,28.38
,,BOOT,44.53,40.04,,2019-12-02,🅱️ RS 核心,2020-01-01,['S&P600_小型'],RS: 96,20.02,30,,IS,✅ RS 換倉平倉,False,RS: 98,20.02
108.681,,7912.T,1300.97,1292.18,109.535,2019-12-02,🅱️ RS 核心,2020-01-01,"['NK225', 'TOPIX_Mid400_中型']",RS: 98,646.09,30,,IS,✅ RS 換倉平倉,False,RS: 98,646.09
,,DXCM,54.69,55.98,,2019-12-02,🅱️ RS 核心,2020-01-01,"['S&P500_大盤', 'NDX100_科技']",RS: 95,27.99,30,,IS,✅ RS 換倉平倉,False,RS: 98,27.99
,,ARWR,63.33,41.48,,2019-11-01,🅱️ RS 核心,2019-12-02,['S&P400_中型'],RS: 100,20.74,31,,IS,✅ RS 換倉平倉,False,RS: 100,20.74
109.535,,8871.T,1684.96,1725.49,107.996,2019-11-01,🅱️ RS 核心,2019-12-02,['TOPIX_Small500_小型'],RS: 99,862.75,31,,IS,✅ RS 換倉平倉,False,RS: 100,862.75
,,ROKU,136.07,146.5,,2019-11-01,🅱️ RS 核心,2019-12-02,['S&P400_中型'],RS: 99,73.25,31,,IS,✅ RS 換倉平倉,False,RS: 99,73.25
109.535,,6508.T,1822.6,1767.45,107.996,2019-11-01,🅱️ RS 核心,2019-12-02,['TOPIX_Small500_小型'],RS: 99,883.72,31,,IS,✅ RS 換倉平倉,False,RS: 99,883.72
,,LSCC,18.59,19.99,,2019-11-01,🅱️ RS 核心,2019-12-02,['S&P400_中型'],RS: 99,9.99,31,,IS,✅ RS 換倉平倉,False,RS: 99,9.99
,,ENPH,22.07,18.83,,2019-11-01,🅱️ RS 核心,2019-12-02,['S&P600_小型'],RS: 99,9.41,31,,IS,✅ RS 換倉平倉,False,RS: 99,9.41
109.535,,3762.T,1049.98,1119.08,107.996,2019-11-01,🅱️ RS 核心,2019-12-02,['TOPIX_Small500_小型'],RS: 98,559.54,31,,IS,✅ RS 換倉平倉,False,RS: 99,559.54
,,ACAD,45.78,43.0,,2019-11-01,🅱️ RS 核心,2019-12-02,['S&P600_小型'],RS: 99,21.5,31,,IS,✅ RS 換倉平倉,False,RS: 99,21.5
109.535,,9041.T,5724.52,5538.35,107.996,2019-11-01,🅱️ RS 核心,2019-12-02,['TOPIX_Mid400_中型'],RS: 98,2769.18,31,,IS,✅ RS 換倉平倉,False,RS: 99,2769.18
,,PDD,36.04,41.49,,2019-11-01,🅱️ RS 核心,2019-12-02,['NDX100_科技'],RS: 98,20.75,31,,IS,✅ RS 換倉平倉,False,RS: 99,20.75
109.535,,2337.T,369.1,369.94,107.996,2019-11-01,🅱️ RS 核心,2019-12-02,['TOPIX_Small500_小型'],RS: 99,184.97,31,,IS,✅ RS 換倉平倉,False,RS: 99,184.97
,,SEDG,81.72,83.19,,2019-11-01,🅱️ RS 核心,2019-12-02,['S&P600_小型'],RS: 98,41.6,31,,IS,✅ RS 換倉平倉,False,RS: 99,41.6
109.535,,1893.T,500.14,518.2,107.996,2019-11-01,🅱️ RS 核心,2019-12-02,['TOPIX_Mid400_中型'],RS: 97,259.1,31,,IS,✅ RS 換倉平倉,False,RS: 99,259.1
,,KLAC,14.93,15.91,,2019-11-01,🅱️ RS 核心,2019-12-02,"['S&P500_大盤', 'NDX100_科技']",RS: 97,7.96,31,,IS,✅ RS 換倉平倉,False,RS: 99,7.96
109.535,,3289.T,606.55,597.58,107.996,2019-11-01,🅱️ RS 核心,2019-12-02,"['NK225', 'TOPIX_Mid400_中型']",RS: 98,298.79,31,,IS,✅ RS 換倉平倉,False,RS: 99,298.79
109.535,,3433.T,897.14,850.35,107.996,2019-11-01,🅱️ RS 核心,2019-12-02,['TOPIX_Small500_小型'],RS: 99,425.17,31,,IS,✅ RS 換倉平倉,False,RS: 99,425.17
,,IBP,63.32,69.07,,2019-11-01,🅱️ RS 核心,2019-12-02,['S&P600_小型'],RS: 97,34.53,31,,IS,✅ RS 換倉平倉,False,RS: 99,34.53
,,RNG,164.6,161.05,,2019-11-01,🅱️ RS 核心,2019-12-02,['S&P600_小型'],RS: 97,80.52,31,,IS,✅ RS 換倉平倉,False,RS: 98,80.52
,,LRCX,24.34,25.76,,2019-11-01,🅱️ RS 核心,2019-12-02,"['S&P500_大盤', 'NDX100_科技']",RS: 97,12.88,31,,IS,✅ RS 換倉平倉,False,RS: 98,12.88
109.535,,8604.T,422.66,372.0,107.996,2019-11-01,🅱️ RS 核心,2019-12-02,['NK225'],RS: 100,186.0,31,,IS,✅ RS 換倉平倉,False,RS: 98,186.0
,,ARWR,41.48,41.48,,2019-11-01,🅱️ RS 核心,2019-11-01,['S&P400_中型'],RS: 100,20.74,0,,IS,✅ RS 換倉平倉,False,RS: 100,20.74
107.996,,8871.T,1725.49,1725.49,107.996,2019-11-01,🅱️ RS 核心,2019-11-01,['TOPIX_Small500_小型'],RS: 100,862.75,0,,IS,✅ RS 換倉平倉,False,RS: 100,862.75
,,ROKU,146.5,146.5,,2019-11-01,🅱️ RS 核心,2019-11-01,['S&P400_中型'],RS: 99,73.25,0,,IS,✅ RS 換倉平倉,False,RS: 99,73.25
107.996,,6508.T,1767.45,1767.45,107.996,2019-11-01,🅱️ RS 核心,2019-11-01,['TOPIX_Small500_小型'],RS: 99,883.72,0,,IS,✅ RS 換倉平倉,False,RS: 99,883.72
,,LSCC,19.99,19.99,,2019-11-01,🅱️ RS 核心,2019-11-01,['S&P400_中型'],RS: 99,9.99,0,,IS,✅ RS 換倉平倉,False,RS: 99,9.99
,,ENPH,18.83,18.83,,2019-11-01,🅱️ RS 核心,2019-11-01,['S&P600_小型'],RS: 99,9.41,0,,IS,✅ RS 換倉平倉,False,RS: 99,9.41
107.996,,3762.T,1119.08,1119.08,107.996,2019-11-01,🅱️ RS 核心,2019-11-01,['TOPIX_Small500_小型'],RS: 99,559.54,0,,IS,✅ RS 換倉平倉,False,RS: 99,559.54
,,ACAD,43.0,43.0,,2019-11-01,🅱️ RS 核心,2019-11-01,['S&P600_小型'],RS: 99,21.5,0,,IS,✅ RS 換倉平倉,False,RS: 99,21.5
107.996,,9041.T,5538.35,5538.35,107.996,2019-11-01,🅱️ RS 核心,2019-11-01,['TOPIX_Mid400_中型'],RS: 99,2769.18,0,,IS,✅ RS 換倉平倉,False,RS: 99,2769.18
,,PDD,41.49,41.49,,2019-11-01,🅱️ RS 核心,2019-11-01,['NDX100_科技'],RS: 99,20.75,0,,IS,✅ RS 換倉平倉,False,RS: 99,20.75
107.996,,2337.T,369.94,369.94,107.996,2019-11-01,🅱️ RS 核心,2019-11-01,['TOPIX_Small500_小型'],RS: 99,184.97,0,,IS,✅ RS 換倉平倉,False,RS: 99,184.97
,,SEDG,83.19,83.19,,2019-11-01,🅱️ RS 核心,2019-11-01,['S&P600_小型'],RS: 99,41.6,0,,IS,✅ RS 換倉平倉,False,RS: 99,41.6
107.996,,1893.T,518.2,518.2,107.996,2019-11-01,🅱️ RS 核心,2019-11-01,['TOPIX_Mid400_中型'],RS: 99,259.1,0,,IS,✅ RS 換倉平倉,False,RS: 99,259.1
,,KLAC,15.91,15.91,,2019-11-01,🅱️ RS 核心,2019-11-01,"['S&P500_大盤', 'NDX100_科技']",RS: 99,7.96,0,,IS,✅ RS 換倉平倉,False,RS: 99,7.96
107.996,,3289.T,597.58,597.58,107.996,2019-11-01,🅱️ RS 核心,2019-11-01,"['NK225', 'TOPIX_Mid400_中型']",RS: 99,298.79,0,,IS,✅ RS 換倉平倉,False,RS: 99,298.79
107.996,,3433.T,850.35,850.35,107.996,2019-11-01,🅱️ RS 核心,2019-11-01,['TOPIX_Small500_小型'],RS: 99,425.17,0,,IS,✅ RS 換倉平倉,False,RS: 99,425.17
,,IBP,69.07,69.07,,2019-11-01,🅱️ RS 核心,2019-11-01,['S&P600_小型'],RS: 99,34.53,0,,IS,✅ RS 換倉平倉,False,RS: 99,34.53
,,RNG,161.05,161.05,,2019-11-01,🅱️ RS 核心,2019-11-01,['S&P600_小型'],RS: 98,80.52,0,,IS,✅ RS 換倉平倉,False,RS: 98,80.52
,,LRCX,25.76,25.76,,2019-11-01,🅱️ RS 核心,2019-11-01,"['S&P500_大盤', 'NDX100_科技']",RS: 98,12.88,0,,IS,✅ RS 換倉平倉,False,RS: 98,12.88
107.996,,8604.T,372.0,372.0,107.996,2019-11-01,🅱️ RS 核心,2019-11-01,['NK225'],RS: 98,186.0,0,,IS,✅ RS 換倉平倉,False,RS: 98,186.0
,,ARWR,41.48,41.48,,2019-11-01,🅱️ RS 核心,2019-11-01,['S&P400_中型'],RS: 100,20.74,0,,IS,✅ RS 換倉平倉,False,RS: 100,20.74
107.996,,8871.T,1725.49,1725.49,107.996,2019-11-01,🅱️ RS 核心,2019-11-01,['TOPIX_Small500_小型'],RS: 100,862.75,0,,IS,✅ RS 換倉平倉,False,RS: 100,862.75
,,ROKU,146.5,146.5,,2019-11-01,🅱️ RS 核心,2019-11-01,['S&P400_中型'],RS: 99,73.25,0,,IS,✅ RS 換倉平倉,False,RS: 99,73.25
107.996,,6508.T,1767.45,1767.45,107.996,2019-11-01,🅱️ RS 核心,2019-11-01,['TOPIX_Small500_小型'],RS: 99,883.72,0,,IS,✅ RS 換倉平倉,False,RS: 99,883.72
,,LSCC,19.99,19.99,,2019-11-01,🅱️ RS 核心,2019-11-01,['S&P400_中型'],RS: 99,9.99,0,,IS,✅ RS 換倉平倉,False,RS: 99,9.99
,,ENPH,18.83,18.83,,2019-11-01,🅱️ RS 核心,2019-11-01,['S&P600_小型'],RS: 99,9.41,0,,IS,✅ RS 換倉平倉,False,RS: 99,9.41
107.996,,3762.T,1119.08,1119.08,107.996,2019-11-01,🅱️ RS 核心,2019-11-01,['TOPIX_Small500_小型'],RS: 99,559.54,0,,IS,✅ RS 換倉平倉,False,RS: 99,559.54
,,ACAD,43.0,43.0,,2019-11-01,🅱️ RS 核心,2019-11-01,['S&P600_小型'],RS: 99,21.5,0,,IS,✅ RS 換倉平倉,False,RS: 99,21.5
107.996,,9041.T,5538.35,5538.35,107.996,2019-11-01,🅱️ RS 核心,2019-11-01,['TOPIX_Mid400_中型'],RS: 99,2769.18,0,,IS,✅ RS 換倉平倉,False,RS: 99,2769.18
,,PDD,41.49,41.49,,2019-11-01,🅱️ RS 核心,2019-11-01,['NDX100_科技'],RS: 99,20.75,0,,IS,✅ RS 換倉平倉,False,RS: 99,20.75
107.996,,2337.T,369.94,369.94,107.996,2019-11-01,🅱️ RS 核心,2019-11-01,['TOPIX_Small500_小型'],RS: 99,184.97,0,,IS,✅ RS 換倉平倉,False,RS: 99,184.97
,,SEDG,83.19,83.19,,2019-11-01,🅱️ RS 核心,2019-11-01,['S&P600_小型'],RS: 99,41.6,0,,IS,✅ RS 換倉平倉,False,RS: 99,41.6
107.996,,1893.T,518.2,518.2,107.996,2019-11-01,🅱️ RS 核心,2019-11-01,['TOPIX_Mid400_中型'],RS: 99,259.1,0,,IS,✅ RS 換倉平倉,False,RS: 99,259.1
,,KLAC,15.91,15.91,,2019-11-01,🅱️ RS 核心,2019-11-01,"['S&P500_大盤', 'NDX100_科技']",RS: 99,7.96,0,,IS,✅ RS 換倉平倉,False,RS: 99,7.96
107.996,,3289.T,597.58,597.58,107.996,2019-11-01,🅱️ RS 核心,2019-11-01,"['NK225', 'TOPIX_Mid400_中型']",RS: 99,298.79,0,,IS,✅ RS 換倉平倉,False,RS: 99,298.79
107.996,,3433.T,850.35,850.35,107.996,2019-11-01,🅱️ RS 核心,2019-11-01,['TOPIX_Small500_小型'],RS: 99,425.17,0,,IS,✅ RS 換倉平倉,False,RS: 99,425.17
,,IBP,69.07,69.07,,2019-11-01,🅱️ RS 核心,2019-11-01,['S&P600_小型'],RS: 99,34.53,0,,IS,✅ RS 換倉平倉,False,RS: 99,34.53
,,RNG,161.05,161.05,,2019-11-01,🅱️ RS 核心,2019-11-01,['S&P600_小型'],RS: 98,80.52,0,,IS,✅ RS 換倉平倉,False,RS: 98,80.52
,,LRCX,25.76,25.76,,2019-11-01,🅱️ RS 核心,2019-11-01,"['S&P500_大盤', 'NDX100_科技']",RS: 98,12.88,0,,IS,✅ RS 換倉平倉,False,RS: 98,12.88
107.996,,8604.T,372.0,372.0,107.996,2019-11-01,🅱️ RS 核心,2019-11-01,['NK225'],RS: 98,186.0,0,,IS,✅ RS 換倉平倉,False,RS: 98,186.0
,,ENPH,18.83,21.71,,2019-10-01,🅱️ RS 核心,2019-11-01,['S&P600_小型'],RS: 99,10.85,31,,IS,✅ RS 換倉平倉,False,RS: 100,10.85
107.996,,8871.T,1725.49,1653.79,108.069,2019-10-01,🅱️ RS 核心,2019-11-01,['TOPIX_Small500_小型'],RS: 100,826.89,31,,IS,✅ RS 換倉平倉,False,RS: 100,826.89
,,SEDG,83.19,83.15,,2019-10-01,🅱️ RS 核心,2019-11-01,['S&P600_小型'],RS: 99,41.58,31,,IS,✅ RS 換倉平倉,False,RS: 99,41.58
,,SHOP,31.68,31.32,,2019-10-01,🅱️ RS 核心,2019-11-01,['NDX100_科技'],RS: 98,15.66,31,,IS,✅ RS 換倉平倉,False,RS: 99,15.66
,,PODD,146.48,162.83,,2019-10-01,🅱️ RS 核心,2019-11-01,['S&P500_大盤'],RS: 97,81.42,31,,IS,✅ RS 換倉平倉,False,RS: 99,81.42
107.996,,9041.T,5538.35,5249.8,108.069,2019-10-01,🅱️ RS 核心,2019-11-01,['TOPIX_Mid400_中型'],RS: 99,2624.9,31,,IS,✅ RS 換倉平倉,False,RS: 99,2624.9
,,LSCC,19.99,17.82,,2019-10-01,🅱️ RS 核心,2019-11-01,['S&P400_中型'],RS: 99,8.91,31,,IS,✅ RS 換倉平倉,False,RS: 99,8.91
107.996,,3762.T,1119.08,1055.4,108.069,2019-10-01,🅱️ RS 核心,2019-11-01,['TOPIX_Small500_小型'],RS: 99,527.7,31,,IS,✅ RS 換倉平倉,False,RS: 99,527.7
,,ARWR,41.48,28.14,,2019-10-01,🅱️ RS 核心,2019-11-01,['S&P400_中型'],RS: 100,14.07,31,,IS,✅ RS 換倉平倉,False,RS: 99,14.07
107.996,,2337.T,369.94,374.15,108.069,2019-10-01,🅱️ RS 核心,2019-11-01,['TOPIX_Small500_小型'],RS: 99,187.07,31,,IS,✅ RS 換倉平倉,False,RS: 99,187.07
,,ROKU,146.5,102.4,,2019-10-01,🅱️ RS 核心,2019-11-01,['S&P400_中型'],RS: 99,51.2,31,,IS,✅ RS 換倉平倉,False,RS: 99,51.2
,,SHAK,82.77,93.62,,2019-10-01,🅱️ RS 核心,2019-11-01,['S&P600_小型'],RS: 97,46.81,31,,IS,✅ RS 換倉平倉,False,RS: 99,46.81
107.996,,4680.T,417.93,476.24,108.069,2019-10-01,🅱️ RS 核心,2019-11-01,['TOPIX_Mid400_中型'],RS: 97,238.12,31,,IS,✅ RS 換倉平倉,False,RS: 99,238.12
107.996,,9045.T,4764.7,4482.52,108.069,2019-10-01,🅱️ RS 核心,2019-11-01,['TOPIX_Mid400_中型'],RS: 98,2241.26,31,,IS,✅ RS 換倉平倉,False,RS: 99,2241.26
,,LGIH,79.47,82.23,,2019-10-01,🅱️ RS 核心,2019-11-01,['S&P600_小型'],RS: 96,41.12,31,,IS,✅ RS 換倉平倉,False,RS: 99,41.12
,,PPC,26.66,26.15,,2019-10-01,🅱️ RS 核心,2019-11-01,['S&P400_中型'],RS: 90,13.08,31,,IS,✅ RS 換倉平倉,False,RS: 99,13.08
,,MANH,75.47,80.32,,2019-10-01,🅱️ RS 核心,2019-11-01,['S&P400_中型'],RS: 88,40.16,31,,IS,✅ RS 換倉平倉,False,RS: 99,40.16
107.996,,4911.T,8201.48,7908.67,108.069,2019-10-01,🅱️ RS 核心,2019-11-01,"['NK225', 'TOPIX_Mid400_中型']",RS: 98,3954.34,31,,IS,✅ RS 換倉平倉,False,RS: 99,3954.34
,,LAD,152.34,123.31,,2019-10-01,🅱️ RS 核心,2019-11-01,['S&P400_中型'],RS: 98,61.66,31,,IS,✅ RS 換倉平倉,False,RS: 99,61.66
107.996,,3289.T,597.58,562.53,108.069,2019-10-01,🅱️ RS 核心,2019-11-01,"['NK225', 'TOPIX_Mid400_中型']",RS: 99,281.26,31,,IS,✅ RS 換倉平倉,False,RS: 98,281.26
,,ENPH,21.71,29.67,,2019-09-02,🅱️ RS 核心,2019-10-01,['S&P600_小型'],RS: 100,14.84,29,,IS,✅ RS 換倉平倉,False,RS: 100,14.84
108.069,,3762.T,1055.4,1043.73,106.128,2019-09-02,🅱️ RS 核心,2019-10-01,['TOPIX_Small500_小型'],RS: 99,521.86,29,,IS,✅ RS 換倉平倉,False,RS: 99,521.86
,,SHOP,31.32,38.54,,2019-09-02,🅱️ RS 核心,2019-10-01,['NDX100_科技'],RS: 99,19.27,29,,IS,✅ RS 換倉平倉,False,RS: 99,19.27
,,ROKU,102.4,151.36,,2019-09-02,🅱️ RS 核心,2019-10-01,['S&P400_中型'],RS: 99,75.68,29,,IS,✅ RS 換倉平倉,False,RS: 99,75.68
108.069,,4680.T,476.24,500.05,106.128,2019-09-02,🅱️ RS 核心,2019-10-01,['TOPIX_Mid400_中型'],RS: 99,250.03,29,,IS,✅ RS 換倉平倉,False,RS: 99,250.03
108.069,,2337.T,374.15,355.65,106.128,2019-09-02,🅱️ RS 核心,2019-10-01,['TOPIX_Small500_小型'],RS: 99,177.82,29,,IS,✅ RS 換倉平倉,False,RS: 99,177.82
,,LSCC,17.82,19.69,,2019-09-02,🅱️ RS 核心,2019-10-01,['S&P400_中型'],RS: 99,9.85,29,,IS,✅ RS 換倉平倉,False,RS: 99,9.85
,,SEDG,83.15,81.92,,2019-09-02,🅱️ RS 核心,2019-10-01,['S&P600_小型'],RS: 99,40.96,29,,IS,✅ RS 換倉平倉,False,RS: 99,40.96
108.069,,4911.T,7908.67,7990.62,106.128,2019-09-02,🅱️ RS 核心,2019-10-01,"['NK225', 'TOPIX_Mid400_中型']",RS: 99,3995.31,29,,IS,✅ RS 換倉平倉,False,RS: 99,3995.31
,,MKTX,301.25,368.55,,2019-09-02,🅱️ RS 核心,2019-10-01,['S&P600_小型'],RS: 97,184.28,29,,IS,✅ RS 換倉平倉,False,RS: 99,184.28
108.069,,9041.T,5249.8,4849.55,106.128,2019-09-02,🅱️ RS 核心,2019-10-01,['TOPIX_Mid400_中型'],RS: 99,2424.77,29,,IS,✅ RS 換倉平倉,False,RS: 99,2424.77
,,ARWR,28.14,34.17,,2019-09-02,🅱️ RS 核心,2019-10-01,['S&P400_中型'],RS: 99,17.08,29,,IS,✅ RS 換倉平倉,False,RS: 99,17.08
,,SHAK,93.62,99.16,,2019-09-02,🅱️ RS 核心,2019-10-01,['S&P600_小型'],RS: 99,49.58,29,,IS,✅ RS 換倉平倉,False,RS: 99,49.58
,,OKTA,103.69,126.5,,2019-09-02,🅱️ RS 核心,2019-10-01,['S&P400_中型'],RS: 97,63.25,29,,IS,✅ RS 換倉平倉,False,RS: 98,63.25
,,IIPR,52.86,52.78,,2019-09-02,🅱️ RS 核心,2019-10-01,['S&P600_小型'],RS: 98,26.39,29,,IS,✅ RS 換倉平倉,False,RS: 98,26.39
108.069,,9045.T,4482.52,4065.6,106.128,2019-09-02,🅱️ RS 核心,2019-10-01,['TOPIX_Mid400_中型'],RS: 99,2032.8,29,,IS,✅ RS 換倉平倉,False,RS: 98,2032.8
,,RGEN,73.85,92.81,,2019-09-02,🅱️ RS 核心,2019-10-01,['S&P400_中型'],RS: 94,46.4,29,,IS,✅ RS 換倉平倉,False,RS: 98,46.4
,,RGLD,114.59,123.29,,2019-09-02,🅱️ RS 核心,2019-10-01,['S&P400_中型'],RS: 97,61.65,29,,IS,✅ RS 換倉平倉,False,RS: 98,61.65
,,BALL,66.63,74.3,,2019-09-02,🅱️ RS 核心,2019-10-01,['S&P500_大盤'],RS: 96,37.15,29,,IS,✅ RS 換倉平倉,False,RS: 98,37.15
108.069,,8060.T,947.77,881.48,106.128,2019-09-02,🅱️ RS 核心,2019-10-01,['TOPIX_Mid400_中型'],RS: 98,440.74,29,,IS,✅ RS 換倉平倉,False,RS: 98,440.74
,,ENPH,29.67,30.1,,2019-08-01,🅱️ RS 核心,2019-09-02,['S&P600_小型'],RS: 100,15.05,32,,IS,✅ RS 換倉平倉,False,RS: 100,15.05
,,LSCC,19.69,19.3,,2019-08-01,🅱️ RS 核心,2019-09-02,['S&P400_中型'],RS: 99,9.65,32,,IS,✅ RS 換倉平倉,False,RS: 99,9.65
106.128,,3661.T,222.44,253.53,108.82,2019-08-01,🅱️ RS 核心,2019-09-02,['TOPIX_Small500_小型'],RS: 2,126.77,32,,IS,✅ RS 換倉平倉,False,RS: 99,126.77
,,IIPR,52.78,60.28,,2019-08-01,🅱️ RS 核心,2019-09-02,['S&P600_小型'],RS: 98,30.14,32,,IS,✅ RS 換倉平倉,False,RS: 99,30.14
106.128,,4680.T,500.05,489.76,108.82,2019-08-01,🅱️ RS 核心,2019-09-02,['TOPIX_Mid400_中型'],RS: 99,244.88,32,,IS,✅ RS 換倉平倉,False,RS: 99,244.88
106.128,,9041.T,4849.55,4877.47,108.82,2019-08-01,🅱️ RS 核心,2019-09-02,['TOPIX_Mid400_中型'],RS: 99,2438.74,32,,IS,✅ RS 換倉平倉,False,RS: 99,2438.74
,,SHOP,38.54,34.14,,2019-08-01,🅱️ RS 核心,2019-09-02,['NDX100_科技'],RS: 99,17.07,32,,IS,✅ RS 換倉平倉,False,RS: 99,17.07
,,ARWR,34.17,29.53,,2019-08-01,🅱️ RS 核心,2019-09-02,['S&P400_中型'],RS: 99,14.77,32,,IS,✅ RS 換倉平倉,False,RS: 99,14.77
,,ROKU,151.36,100.85,,2019-08-01,🅱️ RS 核心,2019-09-02,['S&P400_中型'],RS: 99,50.42,32,,IS,✅ RS 換倉平倉,False,RS: 99,50.42
106.128,,4722.T,752.2,800.99,108.82,2019-08-01,🅱️ RS 核心,2019-09-02,['TOPIX_Small500_小型'],RS: 99,400.5,32,,IS,✅ RS 換倉平倉,False,RS: 99,400.5
,,OKTA,126.5,133.08,,2019-08-01,🅱️ RS 核心,2019-09-02,['S&P400_中型'],RS: 98,66.54,32,,IS,✅ RS 換倉平倉,False,RS: 99,66.54
,,TTD,24.58,26.46,,2019-08-01,🅱️ RS 核心,2019-09-02,['S&P500_大盤'],RS: 96,13.23,32,,IS,✅ RS 換倉平倉,False,RS: 99,13.23
,,OLED,193.41,196.65,,2019-08-01,🅱️ RS 核心,2019-09-02,['S&P400_中型'],RS: 97,98.33,32,,IS,✅ RS 換倉平倉,False,RS: 99,98.33
106.128,,3762.T,1043.73,1012.28,108.82,2019-08-01,🅱️ RS 核心,2019-09-02,['TOPIX_Small500_小型'],RS: 99,506.14,32,,IS,✅ RS 換倉平倉,False,RS: 99,506.14
,,YETI,28.25,32.34,,2019-08-01,🅱️ RS 核心,2019-09-02,['S&P400_中型'],RS: 79,16.17,32,,IS,✅ RS 換倉平倉,False,RS: 99,16.17
,,RGEN,92.81,95.51,,2019-08-01,🅱️ RS 核心,2019-09-02,['S&P400_中型'],RS: 98,47.76,32,,IS,✅ RS 換倉平倉,False,RS: 99,47.76
106.128,,6367.T,12067.03,12535.03,108.82,2019-08-01,🅱️ RS 核心,2019-09-02,['NK225'],RS: 98,6267.52,32,,IS,✅ RS 換倉平倉,False,RS: 99,6267.52
,,VCYT,26.5,27.0,,2019-08-01,🅱️ RS 核心,2019-09-02,['S&P600_小型'],RS: 98,13.5,32,,IS,✅ RS 換倉平倉,False,RS: 99,13.5
,,NEO,24.98,25.85,,2019-08-01,🅱️ RS 核心,2019-09-02,['S&P600_小型'],RS: 98,12.93,32,,IS,✅ RS 換倉平倉,False,RS: 99,12.93
106.128,,7575.T,1280.78,1532.52,108.82,2019-08-01,🅱️ RS 核心,2019-09-02,['TOPIX_Small500_小型'],RS: 3,766.26,32,,IS,✅ RS 換倉平倉,False,RS: 98,766.26
,,ENPH,30.1,18.3,,2019-07-01,🅱️ RS 核心,2019-08-01,['S&P600_小型'],RS: 100,9.15,31,,IS,✅ RS 換倉平倉,False,RS: 100,9.15
,,IIPR,60.28,74.01,,2019-07-01,🅱️ RS 核心,2019-08-01,['S&P600_小型'],RS: 99,37.0,31,,IS,✅ RS 換倉平倉,False,RS: 99,37.0
108.82,,3661.T,253.53,314.33,108.382,2019-07-01,🅱️ RS 核心,2019-08-01,['TOPIX_Small500_小型'],RS: 99,157.17,31,,IS,✅ RS 換倉平倉,False,RS: 99,157.17
,,ROKU,100.85,91.37,,2019-07-01,🅱️ RS 核心,2019-08-01,['S&P400_中型'],RS: 99,45.69,31,,IS,✅ RS 換倉平倉,False,RS: 99,45.69
,,VCYT,27.0,28.75,,2019-07-01,🅱️ RS 核心,2019-08-01,['S&P600_小型'],RS: 99,14.38,31,,IS,✅ RS 換倉平倉,False,RS: 99,14.38
108.82,,6383.T,1726.11,1868.19,108.382,2019-07-01,🅱️ RS 核心,2019-08-01,['TOPIX_Mid400_中型'],RS: 98,934.09,31,,IS,✅ RS 換倉平倉,False,RS: 99,934.09
,,LSCC,19.3,15.1,,2019-07-01,🅱️ RS 核心,2019-08-01,['S&P400_中型'],RS: 99,7.55,31,,IS,✅ RS 換倉平倉,False,RS: 99,7.55
108.82,,6367.T,12535.03,13324.21,108.382,2019-07-01,🅱️ RS 核心,2019-08-01,['NK225'],RS: 99,6662.1,31,,IS,✅ RS 換倉平倉,False,RS: 99,6662.1
,,OLED,196.65,179.76,,2019-07-01,🅱️ RS 核心,2019-08-01,['S&P400_中型'],RS: 99,89.88,31,,IS,✅ RS 換倉平倉,False,RS: 99,89.88
,,TTD,26.46,23.38,,2019-07-01,🅱️ RS 核心,2019-08-01,['S&P500_大盤'],RS: 99,11.69,31,,IS,✅ RS 換倉平倉,False,RS: 99,11.69
108.82,,3762.T,1012.28,939.04,108.382,2019-07-01,🅱️ RS 核心,2019-08-01,['TOPIX_Small500_小型'],RS: 99,469.52,31,,IS,✅ RS 換倉平倉,False,RS: 99,469.52
,,OKTA,133.08,122.42,,2019-07-01,🅱️ RS 核心,2019-08-01,['S&P400_中型'],RS: 99,61.21,31,,IS,✅ RS 換倉平倉,False,RS: 99,61.21
,,SHOP,34.14,30.47,,2019-07-01,🅱️ RS 核心,2019-08-01,['NDX100_科技'],RS: 99,15.23,31,,IS,✅ RS 換倉平倉,False,RS: 99,15.23
,,ERIE,191.94,221.74,,2019-07-01,🅱️ RS 核心,2019-08-01,['S&P500_大盤'],RS: 98,110.87,31,,IS,✅ RS 換倉平倉,False,RS: 99,110.87
108.82,,8060.T,876.54,976.59,108.382,2019-07-01,🅱️ RS 核心,2019-08-01,['TOPIX_Mid400_中型'],RS: 98,488.29,31,,IS,✅ RS 換倉平倉,False,RS: 99,488.29
,,PAYC,231.51,220.92,,2019-07-01,🅱️ RS 核心,2019-08-01,['S&P600_小型'],RS: 97,110.46,31,,IS,✅ RS 換倉平倉,False,RS: 99,110.46
,,YETI,32.34,29.77,,2019-07-01,🅱️ RS 核心,2019-08-01,['S&P400_中型'],RS: 99,14.89,31,,IS,✅ RS 換倉平倉,False,RS: 99,14.89
108.82,,6503.T,1229.05,1263.24,108.382,2019-07-01,🅱️ RS 核心,2019-08-01,['NK225'],RS: 98,631.62,31,,IS,✅ RS 換倉平倉,False,RS: 99,631.62
,,VEEV,165.24,163.47,,2019-07-01,🅱️ RS 核心,2019-08-01,['S&P500_大盤'],RS: 98,81.74,31,,IS,✅ RS 換倉平倉,False,RS: 99,81.74
108.82,,4911.T,7095.61,7649.93,108.382,2019-07-01,🅱️ RS 核心,2019-08-01,"['NK225', 'TOPIX_Mid400_中型']",RS: 98,3824.96,31,,IS,✅ RS 換倉平倉,False,RS: 98,3824.96
,,ENPH,18.3,15.71,,2019-06-03,🅱️ RS 核心,2019-07-01,['S&P600_小型'],RS: 100,7.86,28,,IS,✅ RS 換倉平倉,False,RS: 100,7.86
108.382,,4680.T,419.16,476.23,108.212,2019-06-03,🅱️ RS 核心,2019-07-01,['TOPIX_Mid400_中型'],RS: 98,238.11,28,,IS,✅ RS 換倉平倉,False,RS: 100,238.11
,,ROKU,91.37,89.71,,2019-06-03,🅱️ RS 核心,2019-07-01,['S&P400_中型'],RS: 99,44.85,28,,IS,✅ RS 換倉平倉,False,RS: 99,44.85
108.382,,9041.T,4868.16,4933.32,108.212,2019-06-03,🅱️ RS 核心,2019-07-01,['TOPIX_Mid400_中型'],RS: 98,2466.66,28,,IS,✅ RS 換倉平倉,False,RS: 99,2466.66
,,ARWR,26.49,24.41,,2019-06-03,🅱️ RS 核心,2019-07-01,['S&P400_中型'],RS: 98,12.2,28,,IS,✅ RS 換倉平倉,False,RS: 99,12.2
108.382,,3661.T,314.33,237.47,108.212,2019-06-03,🅱️ RS 核心,2019-07-01,['TOPIX_Small500_小型'],RS: 99,118.74,28,,IS,✅ RS 換倉平倉,False,RS: 99,118.74
,,LSCC,15.1,12.81,,2019-06-03,🅱️ RS 核心,2019-07-01,['S&P400_中型'],RS: 99,6.41,28,,IS,✅ RS 換倉平倉,False,RS: 99,6.41
,,OKTA,122.42,109.03,,2019-06-03,🅱️ RS 核心,2019-07-01,['S&P400_中型'],RS: 99,54.51,28,,IS,✅ RS 換倉平倉,False,RS: 99,54.51
108.382,,9045.T,4360.61,4365.21,108.212,2019-06-03,🅱️ RS 核心,2019-07-01,['TOPIX_Mid400_中型'],RS: 98,2182.61,28,,IS,✅ RS 換倉平倉,False,RS: 99,2182.61
,,UPBD,18.99,16.91,,2019-06-03,🅱️ RS 核心,2019-07-01,['S&P600_小型'],RS: 98,8.45,28,,IS,✅ RS 換倉平倉,False,RS: 99,8.45
,,KTOS,22.78,22.35,,2019-06-03,🅱️ RS 核心,2019-07-01,['S&P400_中型'],RS: 98,11.18,28,,IS,✅ RS 換倉平倉,False,RS: 99,11.18
108.382,,6367.T,13324.21,11966.09,108.212,2019-06-03,🅱️ RS 核心,2019-07-01,['NK225'],RS: 99,5983.05,28,,IS,✅ RS 換倉平倉,False,RS: 99,5983.05
,,TTD,23.38,19.74,,2019-06-03,🅱️ RS 核心,2019-07-01,['S&P500_大盤'],RS: 99,9.87,28,,IS,✅ RS 換倉平倉,False,RS: 99,9.87
,,ERIE,221.74,185.95,,2019-06-03,🅱️ RS 核心,2019-07-01,['S&P500_大盤'],RS: 99,92.97,28,,IS,✅ RS 換倉平倉,False,RS: 99,92.97
,,FTDR,43.83,39.02,,2019-06-03,🅱️ RS 核心,2019-07-01,['S&P600_小型'],RS: 97,19.51,28,,IS,✅ RS 換倉平倉,False,RS: 99,19.51
108.382,,4911.T,7649.93,7144.65,108.212,2019-06-03,🅱️ RS 核心,2019-07-01,"['NK225', 'TOPIX_Mid400_中型']",RS: 98,3572.33,28,,IS,✅ RS 換倉平倉,False,RS: 99,3572.33
,,VEEV,163.47,149.21,,2019-06-03,🅱️ RS 核心,2019-07-01,['S&P500_大盤'],RS: 99,74.61,28,,IS,✅ RS 換倉平倉,False,RS: 99,74.61
,,COKE,29.46,28.26,,2019-06-03,🅱️ RS 核心,2019-07-01,['S&P400_中型'],RS: 98,14.13,28,,IS,✅ RS 換倉平倉,False,RS: 99,14.13
108.382,,7701.T,2479.08,2405.09,108.212,2019-06-03,🅱️ RS 核心,2019-07-01,['TOPIX_Mid400_中型'],RS: 98,1202.55,28,,IS,✅ RS 換倉平倉,False,RS: 99,1202.55
,,SHOP,30.47,26.5,,2019-06-03,🅱️ RS 核心,2019-07-01,['NDX100_科技'],RS: 99,13.25,28,,IS,✅ RS 換倉平倉,False,RS: 99,13.25
108.212,,3661.T,237.47,286.0,111.395,2019-05-01,🅱️ RS 核心,2019-06-03,['TOPIX_Small500_小型'],RS: 99,143.0,33,,IS,✅ RS 換倉平倉,False,RS: 100,143.0
,,ENPH,15.71,12.98,,2019-05-01,🅱️ RS 核心,2019-06-03,['S&P600_小型'],RS: 100,6.49,33,,IS,✅ RS 換倉平倉,False,RS: 99,6.49
108.212,,6383.T,1599.14,2049.56,111.395,2019-05-01,🅱️ RS 核心,2019-06-03,['TOPIX_Mid400_中型'],RS: 5,1024.78,33,,IS,✅ RS 換倉平倉,False,RS: 99,1024.78
,,LSCC,12.81,13.49,,2019-05-01,🅱️ RS 核心,2019-06-03,['S&P400_中型'],RS: 99,6.74,33,,IS,✅ RS 換倉平倉,False,RS: 99,6.74
,,IIPR,49.56,50.5,,2019-05-01,🅱️ RS 核心,2019-06-03,['S&P600_小型'],RS: 99,25.25,33,,IS,✅ RS 換倉平倉,False,RS: 99,25.25
,,TTD,19.74,22.12,,2019-05-01,🅱️ RS 核心,2019-06-03,['S&P500_大盤'],RS: 99,11.06,33,,IS,✅ RS 換倉平倉,False,RS: 99,11.06
108.212,,7513.T,398.22,465.87,111.395,2019-05-01,🅱️ RS 核心,2019-06-03,['TOPIX_Small500_小型'],RS: 3,232.94,33,,IS,✅ RS 換倉平倉,False,RS: 99,232.94
108.212,,9045.T,4365.21,4356.0,111.395,2019-05-01,🅱️ RS 核心,2019-06-03,['TOPIX_Mid400_中型'],RS: 99,2178.0,33,,IS,✅ RS 換倉平倉,False,RS: 99,2178.0
,,TWLO,124.54,128.57,,2019-05-01,🅱️ RS 核心,2019-06-03,['S&P400_中型'],RS: 98,64.29,33,,IS,✅ RS 換倉平倉,False,RS: 99,64.29
108.212,,9041.T,4933.32,4593.57,111.395,2019-05-01,🅱️ RS 核心,2019-06-03,['TOPIX_Mid400_中型'],RS: 99,2296.79,33,,IS,✅ RS 換倉平倉,False,RS: 99,2296.79
,,UPBD,16.91,17.17,,2019-05-01,🅱️ RS 核心,2019-06-03,['S&P600_小型'],RS: 99,8.58,33,,IS,✅ RS 換倉平倉,False,RS: 99,8.58
,,CVNA,11.66,14.14,,2019-05-01,🅱️ RS 核心,2019-06-03,['S&P500_大盤'],RS: 98,7.07,33,,IS,✅ RS 換倉平倉,False,RS: 99,7.07
108.212,,4911.T,7144.65,7998.85,111.395,2019-05-01,🅱️ RS 核心,2019-06-03,"['NK225', 'TOPIX_Mid400_中型']",RS: 99,3999.43,33,,IS,✅ RS 換倉平倉,False,RS: 99,3999.43
,,YETI,23.71,33.92,,2019-05-01,🅱️ RS 核心,2019-06-03,['S&P400_中型'],RS: 97,16.96,33,,IS,✅ RS 換倉平倉,False,RS: 99,16.96
108.212,,8060.T,923.9,976.33,111.395,2019-05-01,🅱️ RS 核心,2019-06-03,['TOPIX_Mid400_中型'],RS: 99,488.17,33,,IS,✅ RS 換倉平倉,False,RS: 99,488.17
,,OKTA,109.03,102.15,,2019-05-01,🅱️ RS 核心,2019-06-03,['S&P400_中型'],RS: 99,51.08,33,,IS,✅ RS 換倉平倉,False,RS: 99,51.08
,,ETSY,61.07,66.79,,2019-05-01,🅱️ RS 核心,2019-06-03,['S&P600_小型'],RS: 90,33.4,33,,IS,✅ RS 換倉平倉,False,RS: 99,33.4
,,MRCY,64.46,74.16,,2019-05-01,🅱️ RS 核心,2019-06-03,['S&P600_小型'],RS: 97,37.08,33,,IS,✅ RS 換倉平倉,False,RS: 99,37.08
,,PAYC,192.06,196.07,,2019-05-01,🅱️ RS 核心,2019-06-03,['S&P600_小型'],RS: 98,98.03,33,,IS,✅ RS 換倉平倉,False,RS: 99,98.03
108.212,,7912.T,1004.04,1143.94,111.395,2019-05-01,🅱️ RS 核心,2019-06-03,"['NK225', 'TOPIX_Mid400_中型']",RS: 4,571.97,33,,IS,✅ RS 換倉平倉,False,RS: 98,571.97
111.395,,3661.T,286.0,306.19,110.995,2019-04-01,🅱️ RS 核心,2019-05-01,['TOPIX_Small500_小型'],RS: 100,153.09,30,,IS,✅ RS 換倉平倉,False,RS: 100,153.09
,,TTD,22.12,20.61,,2019-04-01,🅱️ RS 核心,2019-05-01,['S&P500_大盤'],RS: 99,10.31,30,,IS,✅ RS 換倉平倉,False,RS: 99,10.31
,,TWLO,128.57,127.67,,2019-04-01,🅱️ RS 核心,2019-05-01,['S&P400_中型'],RS: 99,63.83,30,,IS,✅ RS 換倉平倉,False,RS: 99,63.83
111.395,,9045.T,4356.0,4328.34,110.995,2019-04-01,🅱️ RS 核心,2019-05-01,['TOPIX_Mid400_中型'],RS: 99,2164.17,30,,IS,✅ RS 換倉平倉,False,RS: 99,2164.17
,,IIPR,50.5,47.09,,2019-04-01,🅱️ RS 核心,2019-05-01,['S&P600_小型'],RS: 99,23.55,30,,IS,✅ RS 換倉平倉,False,RS: 99,23.55
111.395,,9041.T,4593.57,4803.01,110.995,2019-04-01,🅱️ RS 核心,2019-05-01,['TOPIX_Mid400_中型'],RS: 99,2401.5,30,,IS,✅ RS 換倉平倉,False,RS: 99,2401.5
111.395,,2607.T,3115.47,3360.17,110.995,2019-04-01,🅱️ RS 核心,2019-05-01,['TOPIX_Mid400_中型'],RS: 98,1680.08,30,,IS,✅ RS 換倉平倉,False,RS: 99,1680.08
,,ETSY,66.79,68.16,,2019-04-01,🅱️ RS 核心,2019-05-01,['S&P600_小型'],RS: 99,34.08,30,,IS,✅ RS 換倉平倉,False,RS: 99,34.08
,,CMG,13.77,14.11,,2019-04-01,🅱️ RS 核心,2019-05-01,['S&P500_大盤'],RS: 97,7.06,30,,IS,✅ RS 換倉平倉,False,RS: 99,7.06
111.395,,7912.T,1143.94,1160.45,110.995,2019-04-01,🅱️ RS 核心,2019-05-01,"['NK225', 'TOPIX_Mid400_中型']",RS: 98,580.22,30,,IS,✅ RS 換倉平倉,False,RS: 99,580.22
111.395,,4911.T,7998.85,7326.32,110.995,2019-04-01,🅱️ RS 核心,2019-05-01,"['NK225', 'TOPIX_Mid400_中型']",RS: 99,3663.16,30,,IS,✅ RS 換倉平倉,False,RS: 99,3663.16
,,ARWR,17.43,18.3,,2019-04-01,🅱️ RS 核心,2019-05-01,['S&P400_中型'],RS: 96,9.15,30,,IS,✅ RS 換倉平倉,False,RS: 99,9.15
,,GKOS,68.9,76.78,,2019-04-01,🅱️ RS 核心,2019-05-01,['S&P600_小型'],RS: 97,38.39,30,,IS,✅ RS 換倉平倉,False,RS: 99,38.39
111.395,,6383.T,2049.56,1765.41,110.995,2019-04-01,🅱️ RS 核心,2019-05-01,['TOPIX_Mid400_中型'],RS: 99,882.7,30,,IS,✅ RS 換倉平倉,False,RS: 99,882.7
,,LSCC,13.49,12.11,,2019-04-01,🅱️ RS 核心,2019-05-01,['S&P400_中型'],RS: 99,6.05,30,,IS,✅ RS 換倉平倉,False,RS: 99,6.05
,,UPBD,17.17,14.64,,2019-04-01,🅱️ RS 核心,2019-05-01,['S&P600_小型'],RS: 99,7.32,30,,IS,✅ RS 換倉平倉,False,RS: 99,7.32
,,CVNA,14.14,11.79,,2019-04-01,🅱️ RS 核心,2019-05-01,['S&P500_大盤'],RS: 99,5.89,30,,IS,✅ RS 換倉平倉,False,RS: 98,5.89
,,IRDM,25.64,25.31,,2019-04-01,🅱️ RS 核心,2019-05-01,['S&P600_小型'],RS: 98,12.66,30,,IS,✅ RS 換倉平倉,False,RS: 98,12.66
111.395,,2897.T,2183.25,2293.46,110.995,2019-04-01,🅱️ RS 核心,2019-05-01,['TOPIX_Mid400_中型'],RS: 4,1146.73,30,,IS,✅ RS 換倉平倉,False,RS: 98,1146.73
111.395,,5929.T,1071.47,1072.28,110.995,2019-04-01,🅱️ RS 核心,2019-05-01,['TOPIX_Mid400_中型'],RS: 98,536.14,30,,IS,✅ RS 換倉平倉,False,RS: 98,536.14
,,IIPR,47.09,45.75,,2019-03-01,🅱️ RS 核心,2019-04-01,['S&P600_小型'],RS: 99,22.87,31,,IS,✅ RS 換倉平倉,False,RS: 99,22.87
110.995,,3661.T,306.19,250.55,111.357,2019-03-01,🅱️ RS 核心,2019-04-01,['TOPIX_Small500_小型'],RS: 100,125.28,31,,IS,✅ RS 換倉平倉,False,RS: 99,125.28
,,TTD,20.61,19.51,,2019-03-01,🅱️ RS 核心,2019-04-01,['S&P500_大盤'],RS: 99,9.76,31,,IS,✅ RS 換倉平倉,False,RS: 99,9.76
,,TWLO,127.67,123.53,,2019-03-01,🅱️ RS 核心,2019-04-01,['S&P400_中型'],RS: 99,61.76,31,,IS,✅ RS 換倉平倉,False,RS: 99,61.76
110.995,,9045.T,4328.34,4261.34,111.357,2019-03-01,🅱️ RS 核心,2019-04-01,['TOPIX_Mid400_中型'],RS: 99,2130.67,31,,IS,✅ RS 換倉平倉,False,RS: 99,2130.67
110.995,,9041.T,4803.01,4637.5,111.357,2019-03-01,🅱️ RS 核心,2019-04-01,['TOPIX_Mid400_中型'],RS: 99,2318.75,31,,IS,✅ RS 換倉平倉,False,RS: 99,2318.75
110.995,,2607.T,3360.17,3268.41,111.357,2019-03-01,🅱️ RS 核心,2019-04-01,['TOPIX_Mid400_中型'],RS: 99,1634.2,31,,IS,✅ RS 換倉平倉,False,RS: 99,1634.2
,,ETSY,68.16,72.77,,2019-03-01,🅱️ RS 核心,2019-04-01,['S&P600_小型'],RS: 99,36.38,31,,IS,✅ RS 換倉平倉,False,RS: 99,36.38
110.995,,7912.T,1160.45,1104.58,111.357,2019-03-01,🅱️ RS 核心,2019-04-01,"['NK225', 'TOPIX_Mid400_中型']",RS: 99,552.29,31,,IS,✅ RS 換倉平倉,False,RS: 99,552.29
110.995,,2897.T,2293.46,2297.77,111.357,2019-03-01,🅱️ RS 核心,2019-04-01,['TOPIX_Mid400_中型'],RS: 98,1148.89,31,,IS,✅ RS 換倉平倉,False,RS: 99,1148.89
,,LSCC,12.11,12.45,,2019-03-01,🅱️ RS 核心,2019-04-01,['S&P400_中型'],RS: 99,6.22,31,,IS,✅ RS 換倉平倉,False,RS: 99,6.22
,,OKTA,84.23,86.43,,2019-03-01,🅱️ RS 核心,2019-04-01,['S&P400_中型'],RS: 98,43.22,31,,IS,✅ RS 換倉平倉,False,RS: 99,43.22
,,ARWR,18.3,20.18,,2019-03-01,🅱️ RS 核心,2019-04-01,['S&P400_中型'],RS: 99,10.09,31,,IS,✅ RS 換倉平倉,False,RS: 99,10.09
110.995,,4911.T,7326.32,6985.0,111.357,2019-03-01,🅱️ RS 核心,2019-04-01,"['NK225', 'TOPIX_Mid400_中型']",RS: 99,3492.5,31,,IS,✅ RS 換倉平倉,False,RS: 99,3492.5
110.995,,8058.T,801.62,791.85,111.357,2019-03-01,🅱️ RS 核心,2019-04-01,['NK225'],RS: 4,395.93,31,,IS,✅ RS 換倉平倉,False,RS: 99,395.93
,,GKOS,76.78,72.7,,2019-03-01,🅱️ RS 核心,2019-04-01,['S&P600_小型'],RS: 99,36.35,31,,IS,✅ RS 換倉平倉,False,RS: 99,36.35
,,RUN,14.18,15.96,,2019-03-01,🅱️ RS 核心,2019-04-01,['S&P600_小型'],RS: 95,7.98,31,,IS,✅ RS 換倉平倉,False,RS: 98,7.98
,,PDD,24.67,29.99,,2019-03-01,🅱️ RS 核心,2019-04-01,['NDX100_科技'],RS: 74,14.99,31,,IS,✅ RS 換倉平倉,False,RS: 98,14.99
,,ACAD,26.98,26.6,,2019-03-01,🅱️ RS 核心,2019-04-01,['S&P600_小型'],RS: 92,13.3,31,,IS,✅ RS 換倉平倉,False,RS: 98,13.3
,,RH,103.36,156.21,,2019-03-01,🅱️ RS 核心,2019-04-01,['S&P400_中型'],RS: 54,78.11,31,,IS,✅ RS 換倉平倉,False,RS: 98,78.11
,,IIPR,45.75,45.75,,2019-03-01,🅱️ RS 核心,2019-03-01,['S&P600_小型'],RS: 99,22.87,0,,IS,✅ RS 換倉平倉,False,RS: 99,22.87
111.357,,3661.T,250.55,250.55,111.357,2019-03-01,🅱️ RS 核心,2019-03-01,['TOPIX_Small500_小型'],RS: 99,125.28,0,,IS,✅ RS 換倉平倉,False,RS: 99,125.28
,,TTD,19.51,19.51,,2019-03-01,🅱️ RS 核心,2019-03-01,['S&P500_大盤'],RS: 99,9.76,0,,IS,✅ RS 換倉平倉,False,RS: 99,9.76
,,TWLO,123.53,123.53,,2019-03-01,🅱️ RS 核心,2019-03-01,['S&P400_中型'],RS: 99,61.76,0,,IS,✅ RS 換倉平倉,False,RS: 99,61.76
111.357,,9045.T,4261.34,4261.34,111.357,2019-03-01,🅱️ RS 核心,2019-03-01,['TOPIX_Mid400_中型'],RS: 99,2130.67,0,,IS,✅ RS 換倉平倉,False,RS: 99,2130.67
111.357,,9041.T,4637.5,4637.5,111.357,2019-03-01,🅱️ RS 核心,2019-03-01,['TOPIX_Mid400_中型'],RS: 99,2318.75,0,,IS,✅ RS 換倉平倉,False,RS: 99,2318.75
111.357,,2607.T,3268.41,3268.41,111.357,2019-03-01,🅱️ RS 核心,2019-03-01,['TOPIX_Mid400_中型'],RS: 99,1634.2,0,,IS,✅ RS 換倉平倉,False,RS: 99,1634.2
,,ETSY,72.77,72.77,,2019-03-01,🅱️ RS 核心,2019-03-01,['S&P600_小型'],RS: 99,36.38,0,,IS,✅ RS 換倉平倉,False,RS: 99,36.38
111.357,,7912.T,1104.58,1104.58,111.357,2019-03-01,🅱️ RS 核心,2019-03-01,"['NK225', 'TOPIX_Mid400_中型']",RS: 99,552.29,0,,IS,✅ RS 換倉平倉,False,RS: 99,552.29
111.357,,2897.T,2297.77,2297.77,111.357,2019-03-01,🅱️ RS 核心,2019-03-01,['TOPIX_Mid400_中型'],RS: 99,1148.89,0,,IS,✅ RS 換倉平倉,False,RS: 99,1148.89
,,LSCC,12.45,12.45,,2019-03-01,🅱️ RS 核心,2019-03-01,['S&P400_中型'],RS: 99,6.22,0,,IS,✅ RS 換倉平倉,False,RS: 99,6.22
,,OKTA,86.43,86.43,,2019-03-01,🅱️ RS 核心,2019-03-01,['S&P400_中型'],RS: 99,43.22,0,,IS,✅ RS 換倉平倉,False,RS: 99,43.22
,,ARWR,20.18,20.18,,2019-03-01,🅱️ RS 核心,2019-03-01,['S&P400_中型'],RS: 99,10.09,0,,IS,✅ RS 換倉平倉,False,RS: 99,10.09
111.357,,4911.T,6985.0,6985.0,111.357,2019-03-01,🅱️ RS 核心,2019-03-01,"['NK225', 'TOPIX_Mid400_中型']",RS: 99,3492.5,0,,IS,✅ RS 換倉平倉,False,RS: 99,3492.5
111.357,,8058.T,791.85,791.85,111.357,2019-03-01,🅱️ RS 核心,2019-03-01,['NK225'],RS: 99,395.93,0,,IS,✅ RS 換倉平倉,False,RS: 99,395.93
,,GKOS,72.7,72.7,,2019-03-01,🅱️ RS 核心,2019-03-01,['S&P600_小型'],RS: 99,36.35,0,,IS,✅ RS 換倉平倉,False,RS: 99,36.35
,,RUN,15.96,15.96,,2019-03-01,🅱️ RS 核心,2019-03-01,['S&P600_小型'],RS: 98,7.98,0,,IS,✅ RS 換倉平倉,False,RS: 98,7.98
,,PDD,29.99,29.99,,2019-03-01,🅱️ RS 核心,2019-03-01,['NDX100_科技'],RS: 98,14.99,0,,IS,✅ RS 換倉平倉,False,RS: 98,14.99
,,ACAD,26.6,26.6,,2019-03-01,🅱️ RS 核心,2019-03-01,['S&P600_小型'],RS: 98,13.3,0,,IS,✅ RS 換倉平倉,False,RS: 98,13.3
,,RH,156.21,156.21,,2019-03-01,🅱️ RS 核心,2019-03-01,['S&P400_中型'],RS: 98,78.11,0,,IS,✅ RS 換倉平倉,False,RS: 98,78.11
,,IIPR,45.75,45.75,,2019-03-01,🅱️ RS 核心,2019-03-01,['S&P600_小型'],RS: 99,22.87,0,,IS,✅ RS 換倉平倉,False,RS: 99,22.87
111.357,,3661.T,250.55,250.55,111.357,2019-03-01,🅱️ RS 核心,2019-03-01,['TOPIX_Small500_小型'],RS: 99,125.28,0,,IS,✅ RS 換倉平倉,False,RS: 99,125.28
,,TTD,19.51,19.51,,2019-03-01,🅱️ RS 核心,2019-03-01,['S&P500_大盤'],RS: 99,9.76,0,,IS,✅ RS 換倉平倉,False,RS: 99,9.76
,,TWLO,123.53,123.53,,2019-03-01,🅱️ RS 核心,2019-03-01,['S&P400_中型'],RS: 99,61.76,0,,IS,✅ RS 換倉平倉,False,RS: 99,61.76
111.357,,9045.T,4261.34,4261.34,111.357,2019-03-01,🅱️ RS 核心,2019-03-01,['TOPIX_Mid400_中型'],RS: 99,2130.67,0,,IS,✅ RS 換倉平倉,False,RS: 99,2130.67
111.357,,9041.T,4637.5,4637.5,111.357,2019-03-01,🅱️ RS 核心,2019-03-01,['TOPIX_Mid400_中型'],RS: 99,2318.75,0,,IS,✅ RS 換倉平倉,False,RS: 99,2318.75
111.357,,2607.T,3268.41,3268.41,111.357,2019-03-01,🅱️ RS 核心,2019-03-01,['TOPIX_Mid400_中型'],RS: 99,1634.2,0,,IS,✅ RS 換倉平倉,False,RS: 99,1634.2
,,ETSY,72.77,72.77,,2019-03-01,🅱️ RS 核心,2019-03-01,['S&P600_小型'],RS: 99,36.38,0,,IS,✅ RS 換倉平倉,False,RS: 99,36.38
111.357,,7912.T,1104.58,1104.58,111.357,2019-03-01,🅱️ RS 核心,2019-03-01,"['NK225', 'TOPIX_Mid400_中型']",RS: 99,552.29,0,,IS,✅ RS 換倉平倉,False,RS: 99,552.29
111.357,,2897.T,2297.77,2297.77,111.357,2019-03-01,🅱️ RS 核心,2019-03-01,['TOPIX_Mid400_中型'],RS: 99,1148.89,0,,IS,✅ RS 換倉平倉,False,RS: 99,1148.89
,,LSCC,12.45,12.45,,2019-03-01,🅱️ RS 核心,2019-03-01,['S&P400_中型'],RS: 99,6.22,0,,IS,✅ RS 換倉平倉,False,RS: 99,6.22
,,OKTA,86.43,86.43,,2019-03-01,🅱️ RS 核心,2019-03-01,['S&P400_中型'],RS: 99,43.22,0,,IS,✅ RS 換倉平倉,False,RS: 99,43.22
,,ARWR,20.18,20.18,,2019-03-01,🅱️ RS 核心,2019-03-01,['S&P400_中型'],RS: 99,10.09,0,,IS,✅ RS 換倉平倉,False,RS: 99,10.09
111.357,,4911.T,6985.0,6985.0,111.357,2019-03-01,🅱️ RS 核心,2019-03-01,"['NK225', 'TOPIX_Mid400_中型']",RS: 99,3492.5,0,,IS,✅ RS 換倉平倉,False,RS: 99,3492.5
111.357,,8058.T,791.85,791.85,111.357,2019-03-01,🅱️ RS 核心,2019-03-01,['NK225'],RS: 99,395.93,0,,IS,✅ RS 換倉平倉,False,RS: 99,395.93
,,GKOS,72.7,72.7,,2019-03-01,🅱️ RS 核心,2019-03-01,['S&P600_小型'],RS: 99,36.35,0,,IS,✅ RS 換倉平倉,False,RS: 99,36.35
,,RUN,15.96,15.96,,2019-03-01,🅱️ RS 核心,2019-03-01,['S&P600_小型'],RS: 98,7.98,0,,IS,✅ RS 換倉平倉,False,RS: 98,7.98
,,PDD,29.99,29.99,,2019-03-01,🅱️ RS 核心,2019-03-01,['NDX100_科技'],RS: 98,14.99,0,,IS,✅ RS 換倉平倉,False,RS: 98,14.99
,,ACAD,26.6,26.6,,2019-03-01,🅱️ RS 核心,2019-03-01,['S&P600_小型'],RS: 98,13.3,0,,IS,✅ RS 換倉平倉,False,RS: 98,13.3
,,RH,156.21,156.21,,2019-03-01,🅱️ RS 核心,2019-03-01,['S&P400_中型'],RS: 98,78.11,0,,IS,✅ RS 換倉平倉,False,RS: 98,78.11
,,TWLO,123.53,112.88,,2019-02-01,🅱️ RS 核心,2019-03-01,['S&P400_中型'],RS: 99,56.44,28,,IS,✅ RS 換倉平倉,False,RS: 100,56.44
111.357,,3661.T,250.55,198.07,108.844,2019-02-01,🅱️ RS 核心,2019-03-01,['TOPIX_Small500_小型'],RS: 99,99.04,28,,IS,✅ RS 換倉平倉,False,RS: 99,99.04
,,TTD,19.51,14.53,,2019-02-01,🅱️ RS 核心,2019-03-01,['S&P500_大盤'],RS: 99,7.26,28,,IS,✅ RS 換倉平倉,False,RS: 99,7.26
111.357,,9045.T,4261.34,4146.54,108.844,2019-02-01,🅱️ RS 核心,2019-03-01,['TOPIX_Mid400_中型'],RS: 99,2073.27,28,,IS,✅ RS 換倉平倉,False,RS: 99,2073.27
111.357,,9041.T,4637.5,4383.95,108.844,2019-02-01,🅱️ RS 核心,2019-03-01,['TOPIX_Mid400_中型'],RS: 99,2191.98,28,,IS,✅ RS 換倉平倉,False,RS: 99,2191.98
,,OKTA,86.43,83.56,,2019-02-01,🅱️ RS 核心,2019-03-01,['S&P400_中型'],RS: 99,41.78,28,,IS,✅ RS 換倉平倉,False,RS: 99,41.78
111.357,,7912.T,1104.58,1079.7,108.844,2019-02-01,🅱️ RS 核心,2019-03-01,"['NK225', 'TOPIX_Mid400_中型']",RS: 99,539.85,28,,IS,✅ RS 換倉平倉,False,RS: 99,539.85
,,ETSY,72.77,54.38,,2019-02-01,🅱️ RS 核心,2019-03-01,['S&P600_小型'],RS: 99,27.19,28,,IS,✅ RS 換倉平倉,False,RS: 99,27.19
111.357,,2607.T,3268.41,3034.02,108.844,2019-02-01,🅱️ RS 核心,2019-03-01,['TOPIX_Mid400_中型'],RS: 99,1517.01,28,,IS,✅ RS 換倉平倉,False,RS: 99,1517.01
,,GKOS,72.7,64.69,,2019-02-01,🅱️ RS 核心,2019-03-01,['S&P600_小型'],RS: 99,32.35,28,,IS,✅ RS 換倉平倉,False,RS: 99,32.35
,,DXCM,35.87,35.44,,2019-02-01,🅱️ RS 核心,2019-03-01,"['S&P500_大盤', 'NDX100_科技']",RS: 97,17.72,28,,IS,✅ RS 換倉平倉,False,RS: 99,17.72
111.357,,8058.T,791.85,784.54,108.844,2019-02-01,🅱️ RS 核心,2019-03-01,['NK225'],RS: 99,392.27,28,,IS,✅ RS 換倉平倉,False,RS: 99,392.27
,,CROX,25.12,27.25,,2019-02-01,🅱️ RS 核心,2019-03-01,['S&P400_中型'],RS: 97,13.62,28,,IS,✅ RS 換倉平倉,False,RS: 99,13.62
111.357,,3405.T,1130.52,1281.21,108.844,2019-02-01,🅱️ RS 核心,2019-03-01,"['NK225', 'TOPIX_Mid400_中型']",RS: 3,640.6,28,,IS,✅ RS 換倉平倉,False,RS: 99,640.6
,,NEO,19.32,16.4,,2019-02-01,🅱️ RS 核心,2019-03-01,['S&P600_小型'],RS: 99,8.2,28,,IS,✅ RS 換倉平倉,False,RS: 99,8.2
,,VEEV,120.24,113.27,,2019-02-01,🅱️ RS 核心,2019-03-01,['S&P500_大盤'],RS: 95,56.63,28,,IS,✅ RS 換倉平倉,False,RS: 98,56.63
,,FN,57.96,56.98,,2019-02-01,🅱️ RS 核心,2019-03-01,['S&P400_中型'],RS: 97,28.49,28,,IS,✅ RS 換倉平倉,False,RS: 98,28.49
,,AMD,23.68,24.51,,2019-02-01,🅱️ RS 核心,2019-03-01,"['S&P500_大盤', 'NDX100_科技']",RS: 96,12.26,28,,IS,✅ RS 換倉平倉,False,RS: 98,12.26
,,SRPT,146.69,139.65,,2019-02-01,🅱️ RS 核心,2019-03-01,['S&P600_小型'],RS: 95,69.82,28,,IS,✅ RS 換倉平倉,False,RS: 98,69.82
,,ARWR,20.18,14.3,,2019-02-01,🅱️ RS 核心,2019-03-01,['S&P400_中型'],RS: 99,7.15,28,,IS,✅ RS 換倉平倉,False,RS: 98,7.15
,,TWLO,112.88,112.88,,2019-02-01,🅱️ RS 核心,2019-02-01,['S&P400_中型'],RS: 100,56.44,0,,IS,✅ RS 換倉平倉,False,RS: 100,56.44
108.844,,3661.T,198.07,198.07,108.844,2019-02-01,🅱️ RS 核心,2019-02-01,['TOPIX_Small500_小型'],RS: 99,99.04,0,,IS,✅ RS 換倉平倉,False,RS: 99,99.04
,,TTD,14.53,14.53,,2019-02-01,🅱️ RS 核心,2019-02-01,['S&P500_大盤'],RS: 99,7.26,0,,IS,✅ RS 換倉平倉,False,RS: 99,7.26
108.844,,9045.T,4146.54,4146.54,108.844,2019-02-01,🅱️ RS 核心,2019-02-01,['TOPIX_Mid400_中型'],RS: 99,2073.27,0,,IS,✅ RS 換倉平倉,False,RS: 99,2073.27
108.844,,9041.T,4383.95,4383.95,108.844,2019-02-01,🅱️ RS 核心,2019-02-01,['TOPIX_Mid400_中型'],RS: 99,2191.98,0,,IS,✅ RS 換倉平倉,False,RS: 99,2191.98
,,OKTA,83.56,83.56,,2019-02-01,🅱️ RS 核心,2019-02-01,['S&P400_中型'],RS: 99,41.78,0,,IS,✅ RS 換倉平倉,False,RS: 99,41.78
108.844,,7912.T,1079.7,1079.7,108.844,2019-02-01,🅱️ RS 核心,2019-02-01,"['NK225', 'TOPIX_Mid400_中型']",RS: 99,539.85,0,,IS,✅ RS 換倉平倉,False,RS: 99,539.85
,,ETSY,54.38,54.38,,2019-02-01,🅱️ RS 核心,2019-02-01,['S&P600_小型'],RS: 99,27.19,0,,IS,✅ RS 換倉平倉,False,RS: 99,27.19
108.844,,2607.T,3034.02,3034.02,108.844,2019-02-01,🅱️ RS 核心,2019-02-01,['TOPIX_Mid400_中型'],RS: 99,1517.01,0,,IS,✅ RS 換倉平倉,False,RS: 99,1517.01
,,GKOS,64.69,64.69,,2019-02-01,🅱️ RS 核心,2019-02-01,['S&P600_小型'],RS: 99,32.35,0,,IS,✅ RS 換倉平倉,False,RS: 99,32.35
,,DXCM,35.44,35.44,,2019-02-01,🅱️ RS 核心,2019-02-01,"['S&P500_大盤', 'NDX100_科技']",RS: 99,17.72,0,,IS,✅ RS 換倉平倉,False,RS: 99,17.72
108.844,,8058.T,784.54,784.54,108.844,2019-02-01,🅱️ RS 核心,2019-02-01,['NK225'],RS: 99,392.27,0,,IS,✅ RS 換倉平倉,False,RS: 99,392.27
,,CROX,27.25,27.25,,2019-02-01,🅱️ RS 核心,2019-02-01,['S&P400_中型'],RS: 99,13.62,0,,IS,✅ RS 換倉平倉,False,RS: 99,13.62
108.844,,3405.T,1281.21,1281.21,108.844,2019-02-01,🅱️ RS 核心,2019-02-01,"['NK225', 'TOPIX_Mid400_中型']",RS: 99,640.6,0,,IS,✅ RS 換倉平倉,False,RS: 99,640.6
,,NEO,16.4,16.4,,2019-02-01,🅱️ RS 核心,2019-02-01,['S&P600_小型'],RS: 99,8.2,0,,IS,✅ RS 換倉平倉,False,RS: 99,8.2
,,VEEV,113.27,113.27,,2019-02-01,🅱️ RS 核心,2019-02-01,['S&P500_大盤'],RS: 98,56.63,0,,IS,✅ RS 換倉平倉,False,RS: 98,56.63
,,FN,56.98,56.98,,2019-02-01,🅱️ RS 核心,2019-02-01,['S&P400_中型'],RS: 98,28.49,0,,IS,✅ RS 換倉平倉,False,RS: 98,28.49
,,AMD,24.51,24.51,,2019-02-01,🅱️ RS 核心,2019-02-01,"['S&P500_大盤', 'NDX100_科技']",RS: 98,12.26,0,,IS,✅ RS 換倉平倉,False,RS: 98,12.26
,,SRPT,139.65,139.65,,2019-02-01,🅱️ RS 核心,2019-02-01,['S&P600_小型'],RS: 98,69.82,0,,IS,✅ RS 換倉平倉,False,RS: 98,69.82
,,ARWR,14.3,14.3,,2019-02-01,🅱️ RS 核心,2019-02-01,['S&P400_中型'],RS: 98,7.15,0,,IS,✅ RS 換倉平倉,False,RS: 98,7.15
,,TWLO,112.88,112.88,,2019-02-01,🅱️ RS 核心,2019-02-01,['S&P400_中型'],RS: 100,56.44,0,,IS,✅ RS 換倉平倉,False,RS: 100,56.44
108.844,,3661.T,198.07,198.07,108.844,2019-02-01,🅱️ RS 核心,2019-02-01,['TOPIX_Small500_小型'],RS: 99,99.04,0,,IS,✅ RS 換倉平倉,False,RS: 99,99.04
,,TTD,14.53,14.53,,2019-02-01,🅱️ RS 核心,2019-02-01,['S&P500_大盤'],RS: 99,7.26,0,,IS,✅ RS 換倉平倉,False,RS: 99,7.26
108.844,,9045.T,4146.54,4146.54,108.844,2019-02-01,🅱️ RS 核心,2019-02-01,['TOPIX_Mid400_中型'],RS: 99,2073.27,0,,IS,✅ RS 換倉平倉,False,RS: 99,2073.27
108.844,,9041.T,4383.95,4383.95,108.844,2019-02-01,🅱️ RS 核心,2019-02-01,['TOPIX_Mid400_中型'],RS: 99,2191.98,0,,IS,✅ RS 換倉平倉,False,RS: 99,2191.98
,,OKTA,83.56,83.56,,2019-02-01,🅱️ RS 核心,2019-02-01,['S&P400_中型'],RS: 99,41.78,0,,IS,✅ RS 換倉平倉,False,RS: 99,41.78
108.844,,7912.T,1079.7,1079.7,108.844,2019-02-01,🅱️ RS 核心,2019-02-01,"['NK225', 'TOPIX_Mid400_中型']",RS: 99,539.85,0,,IS,✅ RS 換倉平倉,False,RS: 99,539.85
,,ETSY,54.38,54.38,,2019-02-01,🅱️ RS 核心,2019-02-01,['S&P600_小型'],RS: 99,27.19,0,,IS,✅ RS 換倉平倉,False,RS: 99,27.19
108.844,,2607.T,3034.02,3034.02,108.844,2019-02-01,🅱️ RS 核心,2019-02-01,['TOPIX_Mid400_中型'],RS: 99,1517.01,0,,IS,✅ RS 換倉平倉,False,RS: 99,1517.01
,,GKOS,64.69,64.69,,2019-02-01,🅱️ RS 核心,2019-02-01,['S&P600_小型'],RS: 99,32.35,0,,IS,✅ RS 換倉平倉,False,RS: 99,32.35
,,DXCM,35.44,35.44,,2019-02-01,🅱️ RS 核心,2019-02-01,"['S&P500_大盤', 'NDX100_科技']",RS: 99,17.72,0,,IS,✅ RS 換倉平倉,False,RS: 99,17.72
108.844,,8058.T,784.54,784.54,108.844,2019-02-01,🅱️ RS 核心,2019-02-01,['NK225'],RS: 99,392.27,0,,IS,✅ RS 換倉平倉,False,RS: 99,392.27
,,CROX,27.25,27.25,,2019-02-01,🅱️ RS 核心,2019-02-01,['S&P400_中型'],RS: 99,13.62,0,,IS,✅ RS 換倉平倉,False,RS: 99,13.62
108.844,,3405.T,1281.21,1281.21,108.844,2019-02-01,🅱️ RS 核心,2019-02-01,"['NK225', 'TOPIX_Mid400_中型']",RS: 99,640.6,0,,IS,✅ RS 換倉平倉,False,RS: 99,640.6
,,NEO,16.4,16.4,,2019-02-01,🅱️ RS 核心,2019-02-01,['S&P600_小型'],RS: 99,8.2,0,,IS,✅ RS 換倉平倉,False,RS: 99,8.2
,,VEEV,113.27,113.27,,2019-02-01,🅱️ RS 核心,2019-02-01,['S&P500_大盤'],RS: 98,56.63,0,,IS,✅ RS 換倉平倉,False,RS: 98,56.63
,,FN,56.98,56.98,,2019-02-01,🅱️ RS 核心,2019-02-01,['S&P400_中型'],RS: 98,28.49,0,,IS,✅ RS 換倉平倉,False,RS: 98,28.49
,,AMD,24.51,24.51,,2019-02-01,🅱️ RS 核心,2019-02-01,"['S&P500_大盤', 'NDX100_科技']",RS: 98,12.26,0,,IS,✅ RS 換倉平倉,False,RS: 98,12.26
,,SRPT,139.65,139.65,,2019-02-01,🅱️ RS 核心,2019-02-01,['S&P600_小型'],RS: 98,69.82,0,,IS,✅ RS 換倉平倉,False,RS: 98,69.82
,,ARWR,14.3,14.3,,2019-02-01,🅱️ RS 核心,2019-02-01,['S&P400_中型'],RS: 98,7.15,0,,IS,✅ RS 換倉平倉,False,RS: 98,7.15
