mcap,sl,fx_entry,fx_exit,tk,days_held,sector,feature_score,px,tp1_price,entry_rs,curr_rs,status,curr_metric,date,tag,initial_sl,sources,period,close_date,features,tp,last_px,partial_tp_hit,entry_metric
111705956352,2270.26,147.097,,9267.T,5,Healthcare,,4540.53,,100,100,OPEN,RS: 100,2025-09-01,🅱️ RS 核心,2270.26,['TOPIX_Small500_小型'],FWD,,,,4744.88,False,RS: 100
10467878912,161.66,,,GKOS,37,Healthcare,2,161.66,183.1,,,OPEN,RS: 97,2026-07-29,💥 BB 擠壓,150.94,['S&P600_小型'],FWD,,"{'mss': True, 'smc': True, 'amd': False, 'ml_rsi': 61.5, 'rv_pct': 0.048, 'bd_pct': 0.913}",,180.35,True,
23092508672,147.33,,,ROKU,31,Communication Services,2,147.33,151.93,,,OPEN,RS: 92,2026-08-04,🏆 VCP 突破,145.03,['S&P400_中型'],FWD,,"{'mss': True, 'smc': True, 'amd': False, 'ml_rsi': 69.2, 'rv_pct': 0.048, 'bd_pct': 0.25}",,158.31,True,
1829340839936,1690.79,157.692,,7272.T,30,Consumer Cyclical,2,1805.0,2033.42,,,OPEN,RS: 95,2026-08-05,⚡ 缺口動能,1690.79,"['NK225', 'TOPIX_Mid400_中型']",FWD,,"{'mss': True, 'smc': True, 'amd': False, 'ml_rsi': 84.6, 'rv_pct': 0.98, 'bd_pct': 1.0}",2147.64,1884.5,False,RS: 94
6650094080,135.33,,,ANF,9,Consumer Cyclical,2,147.75,172.59,,,OPEN,RS: 93,2026-08-26,⚡ 缺口動能,135.33,['S&P400_中型'],FWD,,"{'mss': True, 'smc': True, 'amd': False, 'ml_rsi': 74.7, 'rv_pct': 0.27, 'bd_pct': 0.861}",185.02,143.54,False,RS: 90
247201972224,10448.93,159.321,,9110.T,7,Industrials,0,10480.0,10542.14,,,OPEN,RS: 95,2026-08-28,💥 BB 擠壓,10448.93,['TOPIX_Small500_小型'],FWD,,"{'mss': False, 'smc': False, 'amd': False, 'ml_rsi': 60.0, 'rv_pct': 0.016, 'bd_pct': 0.992}",,10490.0,False,
5755433385984,10272.5,159.747,,4062.T,3,Technology,,20545.0,,100,100,OPEN,RS: 100,2026-09-01,🅱️ RS 核心,10272.5,['TOPIX_Mid400_中型'],FWD,,,,20475.0,False,RS: 100
58108788736,77.14,,,MRNA,3,Healthcare,,154.27,,99,99,OPEN,RS: 99,2026-09-01,🅱️ RS 核心,77.14,['S&P500_大盤'],FWD,,,,148.87,False,RS: 99
2704240279552,1929.0,159.747,,5801.T,3,Industrials,,3858.0,,99,99,OPEN,RS: 99,2026-09-01,🅱️ RS 核心,1929.0,"['NK225', 'TOPIX_Mid400_中型']",FWD,,,,3844.0,False,RS: 99
829008248832,5775.0,159.747,,8050.T,3,Consumer Cyclical,,11550.0,,99,99,OPEN,RS: 99,2026-09-01,🅱️ RS 核心,5775.0,['TOPIX_Small500_小型'],FWD,,,,10140.0,False,RS: 99
79048572928,434.48,,,LITE,3,Technology,,868.95,,99,99,OPEN,RS: 99,2026-09-01,🅱️ RS 核心,434.48,"['S&P500_大盤', 'NDX100_科技']",FWD,,,,847.37,False,RS: 99
22523416674304,8747.5,159.747,,6098.T,3,Communication Services,,17495.0,,99,99,OPEN,RS: 99,2026-09-01,🅱️ RS 核心,8747.5,['NK225'],FWD,,,,16235.0,False,RS: 99
2946149646336,8010.0,159.747,,4004.T,3,Basic Materials,,16020.0,,99,99,OPEN,RS: 99,2026-09-01,🅱️ RS 核心,8010.0,"['NK225', 'TOPIX_Mid400_中型']",FWD,,,,15530.0,False,RS: 99
256570736640,4905.0,159.747,,7826.T,3,Technology,,9810.0,,99,99,OPEN,RS: 99,2026-09-01,🅱️ RS 核心,4905.0,['TOPIX_Small500_小型'],FWD,,,,10430.0,False,RS: 99
0,56.69,,,CORT,3,N/A,,113.38,,99,99,OPEN,RS: 99,2026-09-01,🅱️ RS 核心,56.69,['S&P600_小型'],FWD,,,,112.8,False,RS: 99
9720293228544,2229.5,159.747,,6752.T,3,Technology,,4459.0,,99,99,OPEN,RS: 98,2026-09-01,🅱️ RS 核心,2229.5,['NK225'],FWD,,,,4163.0,False,RS: 99
468698923008,950.0,159.747,,7389.T,3,Financial Services,,1900.0,,98,98,OPEN,RS: 99,2026-09-01,🅱️ RS 核心,950.0,['TOPIX_Small500_小型'],FWD,,,,1923.0,False,RS: 98
8812027904,37.49,,,PBF,3,Energy,,74.99,,98,98,OPEN,RS: 98,2026-09-01,🅱️ RS 核心,37.49,['S&P400_中型'],FWD,,,,75.33,False,RS: 98
69028167680,25.43,,,HPE,3,Technology,,50.87,,98,98,OPEN,RS: 99,2026-09-01,🅱️ RS 核心,25.43,['S&P500_大盤'],FWD,,,,54.44,False,RS: 98
386432598016,4885.0,159.747,,8388.T,3,Financial Services,,9770.0,,98,98,OPEN,RS: 99,2026-09-01,🅱️ RS 核心,4885.0,['TOPIX_Small500_小型'],FWD,,,,9940.0,False,RS: 98
573541777408,1225.0,159.747,,8368.T,3,Financial Services,,2450.0,,98,98,OPEN,RS: 98,2026-09-01,🅱️ RS 核心,1225.0,['TOPIX_Small500_小型'],FWD,,,,2376.0,False,RS: 98
271606906880,181.04,,,PANW,3,Technology,,362.09,,98,98,OPEN,RS: 95,2026-09-01,🅱️ RS 核心,181.04,"['S&P500_大盤', 'NDX100_科技']",FWD,,,,331.94,False,RS: 98
4863567872,6.3,,,LFST,3,Healthcare,,12.6,,98,98,OPEN,RS: 98,2026-09-01,🅱️ RS 核心,6.3,['S&P600_小型'],FWD,,,,12.83,False,RS: 98
18740197376,51.99,,,DINO,3,Energy,,103.97,,98,98,OPEN,RS: 97,2026-09-01,🅱️ RS 核心,51.99,['S&P400_中型'],FWD,,,,106.15,False,RS: 98
368149954560,953.5,159.747,,5301.T,3,Basic Materials,,1907.0,,98,98,OPEN,RS: 97,2026-09-01,🅱️ RS 核心,953.5,"['NK225', 'TOPIX_Mid400_中型']",FWD,,,,1819.5,False,RS: 98
218200522752,107.54,,,CRWD,3,Technology,,215.07,,98,98,OPEN,RS: 97,2026-09-01,🅱️ RS 核心,107.54,"['S&P500_大盤', 'NDX100_科技']",FWD,,,,214.97,False,RS: 98
338669076480,439.84,,,DELL,2,Technology,2,492.2,596.92,,,OPEN,RS: 99,2026-09-02,⚡ 缺口動能,439.84,['S&P500_大盤'],FWD,,"{'mss': True, 'smc': True, 'amd': False, 'ml_rsi': 49.5, 'rv_pct': 0.365, 'bd_pct': 0.159}",649.28,516.39,False,RS: 99
29824450560,157.8,,,OKTA,6,Technology,3,172.91,203.13,,,❌ STOP LOSS,RS: 98,2026-08-27,⚡ 缺口動能,157.8,['S&P400_中型'],FWD,2026-09-02,"{'mss': True, 'smc': True, 'amd': True, 'ml_rsi': 64.7, 'rv_pct': 0.835, 'bd_pct': 0.766}",218.23,157.8,False,RS: 98
338669076480,214.51,,,DELL,20,Technology,,429.02,,99,99,✅ RS 換倉平倉,RS: 99,2026-08-03,🅱️ RS 核心,214.51,['S&P500_大盤'],FWD,2026-09-01,,,425.0,False,RS: 99
829008248832,4260.0,157.582,159.747,8050.T,20,Consumer Cyclical,,8520.0,,99,99,✅ RS 換倉平倉,RS: 99,2026-08-03,🅱️ RS 核心,4260.0,['TOPIX_Small500_小型'],FWD,2026-09-01,,,11550.0,False,RS: 99
12161595392,43.01,,,ARWR,20,Healthcare,,86.01,,99,99,✅ RS 換倉平倉,RS: 97,2026-08-03,🅱️ RS 核心,43.01,['S&P400_中型'],FWD,2026-09-01,,,82.74,False,RS: 99
229062901760,1890.0,157.582,159.747,6376.T,20,Industrials,,3780.0,,98,98,✅ RS 換倉平倉,RS: 98,2026-08-03,🅱️ RS 核心,1890.0,['TOPIX_Small500_小型'],FWD,2026-09-01,,,3775.0,False,RS: 98
6145680384,41.92,,,LQDA,20,Healthcare,,83.85,,98,98,✅ RS 換倉平倉,RS: 98,2026-08-03,🅱️ RS 核心,41.92,['S&P600_小型'],FWD,2026-09-01,,,66.91,False,RS: 98
6026970624,44.56,,,VSXY,20,Consumer Cyclical,,89.11,,98,98,✅ RS 換倉平倉,RS: 99,2026-08-03,🅱️ RS 核心,44.56,['S&P600_小型'],FWD,2026-09-01,,,84.17,False,RS: 98
9720293228544,2140.5,157.582,159.747,6752.T,20,Technology,,4281.0,,98,98,✅ RS 換倉平倉,RS: 99,2026-08-03,🅱️ RS 核心,2140.5,['NK225'],FWD,2026-09-01,,,4459.0,False,RS: 98
8812027904,33.83,,,PBF,20,Energy,,67.66,,98,98,✅ RS 換倉平倉,RS: 98,2026-08-03,🅱️ RS 核心,33.83,['S&P400_中型'],FWD,2026-09-01,,,74.99,False,RS: 98
10375767040,40.65,,,VSAT,20,Technology,,81.29,,98,98,✅ RS 換倉平倉,RS: 94,2026-08-03,🅱️ RS 核心,40.65,['S&P600_小型'],FWD,2026-09-01,,,66.28,False,RS: 98
76457836544,136.8,,,DDOG,20,Technology,,273.6,,98,98,✅ RS 換倉平倉,RS: 94,2026-08-03,🅱️ RS 核心,136.8,"['S&P500_大盤', 'NDX100_科技']",FWD,2026-09-01,,,223.84,False,RS: 98
4074101760,41.44,,,PARR,20,Energy,,82.87,,98,98,✅ RS 換倉平倉,RS: 97,2026-08-03,🅱️ RS 核心,41.44,['S&P600_小型'],FWD,2026-09-01,,,80.03,False,RS: 98
0,56.4,,,CORT,20,N/A,,112.8,,98,98,✅ RS 換倉平倉,RS: 99,2026-08-03,🅱️ RS 核心,56.4,['S&P600_小型'],FWD,2026-09-01,,,113.38,False,RS: 98
468698923008,840.0,157.582,159.747,7389.T,20,Financial Services,,1680.0,,98,98,✅ RS 換倉平倉,RS: 98,2026-08-03,🅱️ RS 核心,840.0,['TOPIX_Small500_小型'],FWD,2026-09-01,,,1900.0,False,RS: 98
5003388928,24.16,,,IRDM,20,Communication Services,,48.32,,98,98,✅ RS 換倉平倉,RS: 97,2026-08-03,🅱️ RS 核心,24.16,['S&P600_小型'],FWD,2026-09-01,,,46.72,False,RS: 98
69028167680,25.12,,,HPE,20,Technology,,50.24,,98,98,✅ RS 換倉平倉,RS: 98,2026-08-03,🅱️ RS 核心,25.12,['S&P500_大盤'],FWD,2026-09-01,,,50.87,False,RS: 98
4060533504,81.54,,,SEZL,20,Financial Services,,163.09,,98,98,✅ RS 換倉平倉,RS: 89,2026-08-03,🅱️ RS 核心,81.54,['S&P600_小型'],FWD,2026-09-01,,,114.52,False,RS: 98
386432598016,4175.0,157.582,159.747,8388.T,20,Financial Services,,8350.0,,97,97,✅ RS 換倉平倉,RS: 98,2026-08-03,🅱️ RS 核心,4175.0,['TOPIX_Small500_小型'],FWD,2026-09-01,,,9770.0,False,RS: 97
4855894016,199.57,,,DAVE,20,Technology,,399.15,,97,97,✅ RS 換倉平倉,RS: 91,2026-08-03,🅱️ RS 核心,199.57,['S&P600_小型'],FWD,2026-09-01,,,340.64,False,RS: 97
219010433024,4980.0,157.582,159.747,6490.T,20,Industrials,,9960.0,,97,97,✅ RS 換倉平倉,RS: 95,2026-08-03,🅱️ RS 核心,4980.0,['TOPIX_Small500_小型'],FWD,2026-09-01,,,9800.0,False,RS: 97
271606906880,173.57,,,PANW,20,Technology,,347.13,,97,97,✅ RS 換倉平倉,RS: 98,2026-08-03,🅱️ RS 核心,173.57,"['S&P500_大盤', 'NDX100_科技']",FWD,2026-09-01,,,362.09,False,RS: 97
58108788736,158.7,,,MRNA,1,Healthcare,2,174.38,205.74,,,❌ STOP LOSS,RS: 99,2026-08-19,⚡ 缺口動能,158.7,['S&P500_大盤'],FWD,2026-08-20,"{'mss': True, 'smc': True, 'amd': False, 'ml_rsi': 93.9, 'rv_pct': 0.688, 'bd_pct': 1.0}",221.43,158.7,False,RS: 99
734074175488,4552.57,157.6,159.34,4385.T,12,Consumer Cyclical,3,4921.0,5657.86,,,❌ STOP LOSS,RS: 90,2026-08-06,⚡ 缺口動能,4552.57,"['NK225', 'TOPIX_Mid400_中型']",FWD,2026-08-18,"{'mss': True, 'smc': True, 'amd': True, 'ml_rsi': 59.4, 'rv_pct': 0.304, 'bd_pct': 0.698}",6026.29,4552.57,False,RS: 94
7022221312,80.96,,,ETSY,3,Consumer Cyclical,2,85.55,94.73,,,❌ STOP LOSS,RS: 92,2026-08-07,💥 BB 擠壓,80.96,['S&P600_小型'],FWD,2026-08-10,"{'mss': True, 'smc': False, 'amd': True, 'ml_rsi': 52.8, 'rv_pct': 0.188, 'bd_pct': 0.889}",,80.96,False,
971420925952,6171.0,157.582,157.6,5332.T,3,Industrials,0,6171.0,6616.71,,,❌ 觸發 3 日時間止損,RSI: 31,2026-08-03,📉 極度超賣,5725.29,"['NK225', 'TOPIX_Mid400_中型']",FWD,2026-08-06,"{'mss': False, 'smc': False, 'amd': False, 'ml_rsi': 17.6, 'rv_pct': 0.815, 'bd_pct': 0.806}",7508.14,6528.0,True,RSI: 17
254769070080,1016.11,,,SNDK,23,Technology,,2032.22,,100,100,✅ RS 換倉平倉,RS: 100,2026-07-01,🅱️ RS 核心,1016.11,"['S&P500_大盤', 'NDX100_科技']",FWD,2026-08-03,,,1288.03,False,RS: 100
1179634761728,11327.5,162.628,157.582,6976.T,23,Technology,,22655.0,,100,100,✅ RS 換倉平倉,RS: 99,2026-07-01,🅱️ RS 核心,11327.5,"['NK225', 'TOPIX_Mid400_中型']",FWD,2026-08-03,,,9915.0,False,RS: 100
5690091008,56.19,,,MXL,23,Technology,,112.39,,99,99,✅ RS 換倉平倉,RS: 99,2026-07-01,🅱️ RS 核心,56.19,['S&P600_小型'],FWD,2026-08-03,,,67.11,False,RS: 99
5755433385984,12892.5,162.628,157.582,4062.T,23,Technology,,25785.0,,99,99,✅ RS 換倉平倉,RS: 100,2026-07-01,🅱️ RS 核心,12892.5,['TOPIX_Mid400_中型'],FWD,2026-08-03,,,15535.0,False,RS: 99
168538456064,299.18,,,WDC,23,Technology,,598.37,,99,99,✅ RS 換倉平倉,RS: 99,2026-07-01,🅱️ RS 核心,299.18,"['S&P500_大盤', 'NDX100_科技']",FWD,2026-08-03,,,527.22,False,RS: 99
1148129771520,516.06,,,MU,23,Technology,,1032.12,,99,99,✅ RS 換倉平倉,RS: 99,2026-07-01,🅱️ RS 核心,516.06,"['S&P500_大盤', 'NDX100_科技']",FWD,2026-08-03,,,829.5,False,RS: 99
2111669376,55.88,,,ICHR,23,Technology,,111.77,,99,99,✅ RS 換倉平倉,RS: 99,2026-07-01,🅱️ RS 核心,55.88,['S&P600_小型'],FWD,2026-08-03,,,80.23,False,RS: 99
8693424128,175.1,,,VICR,23,Technology,,350.21,,99,99,✅ RS 換倉平倉,RS: 99,2026-07-01,🅱️ RS 核心,175.1,['S&P400_中型'],FWD,2026-08-03,,,213.54,False,RS: 99
13089865990144,5945.0,162.628,157.582,6981.T,23,Technology,,11890.0,,99,99,✅ RS 換倉平倉,RS: 99,2026-07-01,🅱️ RS 核心,5945.0,['NK225'],FWD,2026-08-03,,,7161.0,False,RS: 99
3246917632,64.79,,,UCTT,23,Technology,,129.59,,99,99,✅ RS 換倉平倉,RS: 99,2026-07-01,🅱️ RS 核心,64.79,['S&P600_小型'],FWD,2026-08-03,,,89.17,False,RS: 99
2946149646336,9340.0,162.628,157.582,4004.T,23,Basic Materials,,18680.0,,99,99,✅ RS 換倉平倉,RS: 99,2026-07-01,🅱️ RS 核心,9340.0,"['NK225', 'TOPIX_Mid400_中型']",FWD,2026-08-03,,,14060.0,False,RS: 99
192786563072,457.6,,,STX,23,Technology,,915.19,,99,99,✅ RS 換倉平倉,RS: 99,2026-07-01,🅱️ RS 核心,457.6,"['S&P500_大盤', 'NDX100_科技']",FWD,2026-08-03,,,831.06,False,RS: 99
506408894464,63.51,,,INTC,23,Technology,,127.02,,99,99,✅ RS 換倉平倉,RS: 99,2026-07-01,🅱️ RS 核心,63.51,"['S&P500_大盤', 'NDX100_科技']",FWD,2026-08-03,,,91.0,False,RS: 99
122909507584,1785.0,162.628,157.582,4047.T,23,Basic Materials,,3570.0,,99,99,✅ RS 換倉平倉,RS: 99,2026-07-01,🅱️ RS 核心,1785.0,['TOPIX_Small500_小型'],FWD,2026-08-03,,,2777.0,False,RS: 99
6145680384,39.66,,,LQDA,23,Healthcare,,79.32,,99,99,✅ RS 換倉平倉,RS: 98,2026-07-01,🅱️ RS 核心,39.66,['S&P600_小型'],FWD,2026-08-03,,,83.85,False,RS: 99
240998170624,4090.0,162.628,157.582,6101.T,23,Industrials,,8180.0,,99,99,✅ RS 換倉平倉,RS: 98,2026-07-01,🅱️ RS 核心,4090.0,['TOPIX_Small500_小型'],FWD,2026-08-03,,,5720.0,False,RS: 99
57480011776,114.59,,,NBIS,23,Communication Services,,229.18,,99,99,✅ RS 換倉平倉,RS: 99,2026-07-01,🅱️ RS 核心,114.59,['NDX100_科技'],FWD,2026-08-03,,,212.58,False,RS: 99
338669076480,212.27,,,DELL,23,Technology,,424.55,,99,99,✅ RS 換倉平倉,RS: 99,2026-07-01,🅱️ RS 核心,212.27,['S&P500_大盤'],FWD,2026-08-03,,,429.02,False,RS: 99
1129285681152,2364.5,162.628,157.582,3436.T,23,Technology,,4729.0,,99,99,✅ RS 換倉平倉,RS: 99,2026-07-01,🅱️ RS 核心,2364.5,"['NK225', 'TOPIX_Mid400_中型']",FWD,2026-08-03,,,3457.0,False,RS: 99
53849776128,215.43,,,ALAB,23,Technology,,430.86,,99,99,✅ RS 換倉平倉,RS: 95,2026-07-01,🅱️ RS 核心,215.43,['NDX100_科技'],FWD,2026-08-03,,,321.05,False,RS: 99
108000731136,223.04,,,VRT,3,Industrials,1,223.04,246.86,,,❌ 觸發 3 日時間止損,RSI: 26,2026-07-29,📉 極度超賣,199.22,['S&P500_大盤'],FWD,2026-07-31,"{'mss': False, 'smc': True, 'amd': False, 'ml_rsi': 13.6, 'rv_pct': 0.575, 'bd_pct': 0.865}",294.51,241.57,True,RSI: 13
11716803584,73.5,,,KNX,7,Industrials,2,77.32,84.96,,,❌ STOP LOSS,RS: 88,2026-07-16,💥 BB 擠壓,73.5,['S&P400_中型'],FWD,2026-07-23,"{'mss': True, 'smc': False, 'amd': True, 'ml_rsi': 52.0, 'rv_pct': 0.139, 'bd_pct': 0.794}",,73.5,False,
19047530496,300.04,,,MTZ,3,Industrials,0,329.59,359.14,,,❌ 觸發 3 日時間止損,RSI: 21,2026-07-17,📉 極度超賣,300.04,['S&P400_中型'],FWD,2026-07-20,"{'mss': False, 'smc': False, 'amd': False, 'ml_rsi': 21.6, 'rv_pct': 0.794, 'bd_pct': 0.631}",418.24,336.61,False,RSI: 21
229196398592,787.09,162.187,162.376,8616.T,2,Financial Services,2,805.0,840.82,,,❌ STOP LOSS,RS: 79,2026-07-15,🏆 VCP 突破,787.09,['TOPIX_Small500_小型'],FWD,2026-07-17,"{'mss': True, 'smc': True, 'amd': False, 'ml_rsi': 74.8, 'rv_pct': 0.095, 'bd_pct': 0.472}",,787.09,False,
21000368128,235.21,,,SNX,3,Technology,0,235.21,253.88,,,❌ 觸發 3 日時間止損,RSI: 29,2026-07-07,📉 極度超賣,216.53,['S&P400_中型'],FWD,2026-07-10,"{'mss': False, 'smc': False, 'amd': False, 'ml_rsi': 16.1, 'rv_pct': 0.968, 'bd_pct': 0.774}",291.25,251.02,True,RSI: 16
6320482680832,11238.56,162.539,162.363,4578.T,6,Healthcare,2,11595.0,12307.88,,,❌ STOP LOSS,RS: 82,2026-07-02,🏆 VCP 突破,11238.56,['NK225'],FWD,2026-07-08,"{'mss': True, 'smc': True, 'amd': False, 'ml_rsi': 78.0, 'rv_pct': 0.3, 'bd_pct': 0.167}",,11238.56,False,
254769070080,880.72,,,SNDK,21,Technology,,1761.43,,100,100,✅ RS 換倉平倉,RS: 100,2026-06-01,🅱️ RS 核心,880.72,"['S&P500_大盤', 'NDX100_科技']",FWD,2026-07-01,,,2032.22,False,RS: 100
2704240279552,2606.5,159.353,162.628,5801.T,21,Industrials,,5213.0,,100,100,✅ RS 換倉平倉,RS: 99,2026-06-01,🅱️ RS 核心,2606.5,"['NK225', 'TOPIX_Mid400_中型']",FWD,2026-07-01,,,4351.0,False,RS: 100
1148129771520,517.67,,,MU,21,Technology,,1035.34,,99,99,✅ RS 換倉平倉,RS: 99,2026-06-01,🅱️ RS 核心,517.67,"['S&P500_大盤', 'NDX100_科技']",FWD,2026-07-01,,,1032.12,False,RS: 99
1466764623872,26920.0,159.353,162.628,5706.T,21,Industrials,,53840.0,,99,99,✅ RS 換倉平倉,RS: 99,2026-06-01,🅱️ RS 核心,26920.0,"['NK225', 'TOPIX_Mid400_中型']",FWD,2026-07-01,,,43160.0,False,RS: 99
79048572928,452.5,,,LITE,21,Technology,,905.0,,99,99,✅ RS 換倉平倉,RS: 99,2026-06-01,🅱️ RS 核心,452.5,"['S&P500_大盤', 'NDX100_科技']",FWD,2026-07-01,,,801.16,False,RS: 99
168538456064,273.03,,,WDC,21,Technology,,546.06,,99,99,✅ RS 換倉平倉,RS: 99,2026-06-01,🅱️ RS 核心,273.03,"['S&P500_大盤', 'NDX100_科技']",FWD,2026-07-01,,,598.37,False,RS: 99
1179634761728,8030.0,159.353,162.628,6976.T,21,Technology,,16060.0,,99,99,✅ RS 換倉平倉,RS: 100,2026-06-01,🅱️ RS 核心,8030.0,"['NK225', 'TOPIX_Mid400_中型']",FWD,2026-07-01,,,22655.0,False,RS: 99
5690091008,43.12,,,MXL,21,Technology,,86.23,,99,99,✅ RS 換倉平倉,RS: 99,2026-06-01,🅱️ RS 核心,43.12,['S&P600_小型'],FWD,2026-07-01,,,112.39,False,RS: 99
5755433385984,10897.5,159.353,162.628,4062.T,21,Technology,,21795.0,,99,99,✅ RS 換倉平倉,RS: 99,2026-06-01,🅱️ RS 核心,10897.5,['TOPIX_Mid400_中型'],FWD,2026-07-01,,,25785.0,False,RS: 99
192786563072,460.3,,,STX,21,Technology,,920.6,,99,99,✅ RS 換倉平倉,RS: 99,2026-06-01,🅱️ RS 核心,460.3,"['S&P500_大盤', 'NDX100_科技']",FWD,2026-07-01,,,915.19,False,RS: 99
8693424128,164.43,,,VICR,21,Technology,,328.85,,99,99,✅ RS 換倉平倉,RS: 99,2026-06-01,🅱️ RS 核心,164.43,['S&P400_中型'],FWD,2026-07-01,,,350.21,False,RS: 99
479197528064,19275.0,159.353,162.628,6787.T,21,Technology,,38550.0,,99,99,✅ RS 換倉平倉,RS: 99,2026-06-01,🅱️ RS 核心,19275.0,['TOPIX_Small500_小型'],FWD,2026-07-01,,,29520.0,False,RS: 99
45549096960,284.8,,,CIEN,21,Technology,,569.61,,99,99,✅ RS 換倉平倉,RS: 99,2026-06-01,🅱️ RS 核心,284.8,['S&P500_大盤'],FWD,2026-07-01,,,462.44,False,RS: 99
2946149646336,9215.0,159.353,162.628,4004.T,21,Basic Materials,,18430.0,,99,99,✅ RS 換倉平倉,RS: 99,2026-06-01,🅱️ RS 核心,9215.0,"['NK225', 'TOPIX_Mid400_中型']",FWD,2026-07-01,,,18680.0,False,RS: 99
13148653568,86.72,,,DOCN,21,Technology,,173.45,,99,99,✅ RS 換倉平倉,RS: 99,2026-06-01,🅱️ RS 核心,86.72,['S&P400_中型'],FWD,2026-07-01,,,144.58,False,RS: 99
26086068224,63.71,,,ECHO,21,Communication Services,,127.42,,99,99,✅ RS 換倉平倉,RS: 93,2026-06-01,🅱️ RS 核心,63.71,['S&P500_大盤'],FWD,2026-07-01,,,100.88,False,RS: 99
13089865990144,5245.0,159.353,162.628,6981.T,21,Technology,,10490.0,,99,99,✅ RS 換倉平倉,RS: 99,2026-06-01,🅱️ RS 核心,5245.0,['NK225'],FWD,2026-07-01,,,11890.0,False,RS: 99
10375767040,36.43,,,VSAT,21,Technology,,72.86,,99,99,✅ RS 換倉平倉,RS: 98,2026-06-01,🅱️ RS 核心,36.43,['S&P600_小型'],FWD,2026-07-01,,,83.02,False,RS: 99
122909507584,1770.0,159.353,162.628,4047.T,21,Basic Materials,,3540.0,,99,99,✅ RS 換倉平倉,RS: 99,2026-06-01,🅱️ RS 核心,1770.0,['TOPIX_Small500_小型'],FWD,2026-07-01,,,3570.0,False,RS: 99
2111669376,35.01,,,ICHR,21,Technology,,70.01,,99,99,✅ RS 換倉平倉,RS: 99,2026-06-01,🅱️ RS 核心,35.01,['S&P600_小型'],FWD,2026-07-01,,,111.77,False,RS: 99
576333021184,2227.0,161.805,161.787,9412.T,3,Communication Services,0,2485.0,2743.0,,,❌ 觸發 3 日時間止損,RSI: 24,2026-06-26,📉 極度超賣,2227.0,['TOPIX_Small500_小型'],FWD,2026-06-29,"{'mss': False, 'smc': False, 'amd': False, 'ml_rsi': 24.6, 'rv_pct': 0.988, 'bd_pct': 1.0}",3259.0,2593.0,False,RSI: 24
27979044864,850.35,,,CASY,7,Consumer Cyclical,2,914.91,1044.04,,,❌ STOP LOSS,RS: 88,2026-06-10,⚡ 缺口動能,850.35,['S&P500_大盤'],FWD,2026-06-17,"{'mss': True, 'smc': True, 'amd': False, 'ml_rsi': 65.4, 'rv_pct': 0.563, 'bd_pct': 1.0}",1108.6,850.35,False,RS: 92
15121861632,136.86,,,AKAM,30,Technology,1,147.71,169.41,,,❌ STOP LOSS,RS: 91,2026-05-08,⚡ 缺口動能,136.86,['S&P500_大盤'],FWD,2026-06-09,"{'mss': True, 'smc': False, 'amd': False, 'ml_rsi': 87.2, 'rv_pct': 0.966, 'bd_pct': 1.0}",180.26,136.86,False,RS: 91
200905424896,259.24,,,MRVL,7,Technology,2,290.72,353.67,,,❌ STOP LOSS,RS: 99,2026-06-02,⚡ 缺口動能,259.24,"['S&P500_大盤', 'NDX100_科技']",FWD,2026-06-09,"{'mss': True, 'smc': True, 'amd': False, 'ml_rsi': 85.4, 'rv_pct': 0.933, 'bd_pct': 1.0}",385.14,259.24,False,RS: 98
338669076480,386.61,,,DELL,7,Technology,1,420.22,487.43,,,❌ STOP LOSS,RS: 98,2026-05-29,⚡ 缺口動能,386.61,['S&P500_大盤'],FWD,2026-06-05,"{'mss': True, 'smc': False, 'amd': False, 'ml_rsi': 90.4, 'rv_pct': 1.0, 'bd_pct': 1.0}",521.04,386.61,False,RS: 98
1717612416,27.87,,,PLAB,3,Technology,0,31.87,35.87,,,❌ 觸發 3 日時間止損,RSI: 24,2026-06-01,📉 極度超賣,27.87,['S&P600_小型'],FWD,2026-06-04,"{'mss': False, 'smc': False, 'amd': False, 'ml_rsi': 23.4, 'rv_pct': 0.988, 'bd_pct': 0.774}",43.87,31.52,False,RSI: 23
652543066112,2005.45,159.636,159.968,8233.T,1,Consumer Cyclical,2,2049.73,2138.28,,,❌ STOP LOSS,,2026-06-02,🏆 VCP 突破,2005.45,"['NK225', 'TOPIX_Mid400_中型']",FWD,2026-06-03,"{'mss': True, 'smc': True, 'amd': False, 'ml_rsi': 69.1, 'rv_pct': 0.046, 'bd_pct': 0.218}",,2005.45,False,
254769070080,593.5,,,SNDK,21,Technology,,1187.0,,100,100,✅ RS 換倉平倉,RS: 100,2026-05-01,🅱️ RS 核心,593.5,"['S&P500_大盤', 'NDX100_科技']",FWD,2026-06-01,,,1761.43,False,RS: 100
1466764623872,20530.0,156.978,159.353,5706.T,21,Industrials,,41060.0,,100,100,✅ RS 換倉平倉,RS: 99,2026-05-01,🅱️ RS 核心,20530.0,"['NK225', 'TOPIX_Mid400_中型']",FWD,2026-06-01,,,53840.0,False,RS: 100
79048572928,474.96,,,LITE,21,Technology,,949.93,,99,99,✅ RS 換倉平倉,RS: 99,2026-05-01,🅱️ RS 核心,474.96,"['S&P500_大盤', 'NDX100_科技']",FWD,2026-06-01,,,905.0,False,RS: 99
2704240279552,2059.5,156.978,159.353,5801.T,21,Industrials,,4119.0,,99,99,✅ RS 換倉平倉,RS: 100,2026-05-01,🅱️ RS 核心,2059.5,"['NK225', 'TOPIX_Mid400_中型']",FWD,2026-06-01,,,5213.0,False,RS: 99
5690091008,38.59,,,MXL,21,Technology,,77.18,,99,99,✅ RS 換倉平倉,RS: 99,2026-05-01,🅱️ RS 核心,38.59,['S&P600_小型'],FWD,2026-06-01,,,86.23,False,RS: 99
168538456064,215.7,,,WDC,21,Technology,,431.41,,99,99,✅ RS 換倉平倉,RS: 99,2026-05-01,🅱️ RS 核心,215.7,"['S&P500_大盤', 'NDX100_科技']",FWD,2026-06-01,,,546.06,False,RS: 99
556998328320,2816.0,156.978,159.353,3110.T,21,Consumer Cyclical,,5632.0,,99,99,✅ RS 換倉平倉,RS: 98,2026-05-01,🅱️ RS 核心,2816.0,['TOPIX_Small500_小型'],FWD,2026-06-01,,,4848.0,False,RS: 99
192786563072,363.21,,,STX,21,Technology,,726.41,,99,99,✅ RS 換倉平倉,RS: 99,2026-05-01,🅱️ RS 核心,363.21,"['S&P500_大盤', 'NDX100_科技']",FWD,2026-06-01,,,920.6,False,RS: 99
3233919533056,2385.0,156.978,159.353,5016.T,21,Technology,,4770.0,,99,99,✅ RS 換倉平倉,RS: 98,2026-05-01,🅱️ RS 核心,2385.0,['TOPIX_Mid400_中型'],FWD,2026-06-01,,,3822.0,False,RS: 99
45549096960,267.64,,,CIEN,21,Technology,,535.29,,99,99,✅ RS 換倉平倉,RS: 99,2026-05-01,🅱️ RS 核心,267.64,['S&P500_大盤'],FWD,2026-06-01,,,569.61,False,RS: 99
8601699328,27.67,,,VIAV,21,Technology,,55.33,,99,99,✅ RS 換倉平倉,RS: 99,2026-05-01,🅱️ RS 核心,27.67,['S&P400_中型'],FWD,2026-06-01,,,47.49,False,RS: 99
8366254981120,2904.0,156.978,159.353,5803.T,21,Industrials,,5808.0,,99,99,✅ RS 換倉平倉,RS: 97,2026-05-01,🅱️ RS 核心,2904.0,['NK225'],FWD,2026-06-01,,,4677.0,False,RS: 99
8693424128,134.18,,,VICR,21,Technology,,268.36,,99,99,✅ RS 換倉平倉,RS: 99,2026-05-01,🅱️ RS 核心,134.18,['S&P400_中型'],FWD,2026-06-01,,,328.85,False,RS: 99
479197528064,14870.0,156.978,159.353,6787.T,21,Technology,,29740.0,,99,99,✅ RS 換倉平倉,RS: 99,2026-05-01,🅱️ RS 核心,14870.0,['TOPIX_Small500_小型'],FWD,2026-06-01,,,38550.0,False,RS: 99
1148129771520,271.06,,,MU,21,Technology,,542.13,,99,99,✅ RS 換倉平倉,RS: 99,2026-05-01,🅱️ RS 核心,271.06,"['S&P500_大盤', 'NDX100_科技']",FWD,2026-06-01,,,1035.34,False,RS: 99
2946149646336,7022.5,156.978,159.353,4004.T,21,Basic Materials,,14045.0,,99,99,✅ RS 換倉平倉,RS: 99,2026-05-01,🅱️ RS 核心,7022.5,"['NK225', 'TOPIX_Mid400_中型']",FWD,2026-06-01,,,18430.0,False,RS: 99
10375767040,32.56,,,VSAT,21,Technology,,65.12,,99,99,✅ RS 換倉平倉,RS: 99,2026-05-01,🅱️ RS 核心,32.56,['S&P600_小型'],FWD,2026-06-01,,,72.86,False,RS: 99
5755433385984,6687.5,156.978,159.353,4062.T,21,Technology,,13375.0,,99,99,✅ RS 換倉平倉,RS: 99,2026-05-01,🅱️ RS 核心,6687.5,['TOPIX_Mid400_中型'],FWD,2026-06-01,,,21795.0,False,RS: 99
26086068224,61.59,,,ECHO,21,Communication Services,,123.18,,99,99,✅ RS 換倉平倉,RS: 99,2026-05-01,🅱️ RS 核心,61.59,['S&P500_大盤'],FWD,2026-06-01,,,127.42,False,RS: 99
13231816704,79.5,,,TTMI,21,Technology,,158.99,,99,99,✅ RS 換倉平倉,RS: 98,2026-05-01,🅱️ RS 核心,79.5,['S&P400_中型'],FWD,2026-06-01,,,172.44,False,RS: 99
1717612416,28.2,,,PLAB,3,Technology,0,32.35,36.5,,,❌ 觸發 3 日時間止損,RSI: 21,2026-05-29,📉 極度超賣,28.2,['S&P600_小型'],FWD,2026-06-01,"{'mss': False, 'smc': False, 'amd': False, 'ml_rsi': 21.9, 'rv_pct': 0.972, 'bd_pct': 0.774}",44.8,31.87,False,RSI: 21
132640161792,4585.0,158.382,159.035,6254.T,5,Industrials,1,4950.0,5680.0,,,❌ STOP LOSS,RS: 92,2026-05-15,⚡ 缺口動能,4585.0,['TOPIX_Small500_小型'],FWD,2026-05-20,"{'mss': True, 'smc': False, 'amd': False, 'ml_rsi': 79.7, 'rv_pct': 0.956, 'bd_pct': 1.0}",6045.0,4585.0,False,RS: 92
14881007616,748.15,,,STRL,14,Industrials,2,806.0,921.7,,,❌ STOP LOSS,RS: 98,2026-05-05,⚡ 缺口動能,748.15,['S&P400_中型'],FWD,2026-05-19,"{'mss': True, 'smc': True, 'amd': False, 'ml_rsi': 88.2, 'rv_pct': 0.649, 'bd_pct': 0.964}",979.55,748.15,False,RS: 98
40453320704,126.56,,,FLEX,13,Technology,2,134.73,151.07,,,❌ STOP LOSS,RS: 97,2026-05-06,⚡ 缺口動能,126.56,['S&P500_大盤'],FWD,2026-05-19,"{'mss': True, 'smc': True, 'amd': False, 'ml_rsi': 93.3, 'rv_pct': 0.798, 'bd_pct': 1.0}",159.23,126.56,False,RS: 98
41088552960,105.47,,,RKLB,9,Industrials,2,105.47,133.23,,,✅ TRAIL EXIT,RS: 99,2026-05-08,⚡ 缺口動能,91.59,['NDX100_科技'],FWD,2026-05-19,"{'mss': True, 'smc': True, 'amd': False, 'ml_rsi': 60.6, 'rv_pct': 0.077, 'bd_pct': 0.571}",147.11,119.46,True,RS: 98
663661576192,2678.64,158.844,158.861,6965.T,1,Technology,2,2867.0,3243.72,,,❌ STOP LOSS,RS: 92,2026-05-18,⚡ 缺口動能,2678.64,['TOPIX_Mid400_中型'],FWD,2026-05-19,"{'mss': True, 'smc': True, 'amd': False, 'ml_rsi': 93.2, 'rv_pct': 1.0, 'bd_pct': 1.0}",3432.07,2678.64,False,RS: 92
246659334144,3170.0,159.576,158.382,5384.T,18,Technology,2,3170.0,3342.42,,,✅ TRAIL EXIT,RS: 90,2026-04-27,🏆 VCP 突破,3083.79,['TOPIX_Small500_小型'],FWD,2026-05-15,"{'mss': True, 'smc': True, 'amd': False, 'ml_rsi': 73.8, 'rv_pct': 0.073, 'bd_pct': 0.278}",,3570.71,True,
390761480192,1909.43,156.858,158.382,1893.T,4,Industrials,2,2066.0,2379.14,,,❌ STOP LOSS,RS: 87,2026-05-11,⚡ 缺口動能,1909.43,['TOPIX_Mid400_中型'],FWD,2026-05-15,"{'mss': True, 'smc': True, 'amd': False, 'ml_rsi': 80.8, 'rv_pct': 0.679, 'bd_pct': 0.333}",2535.71,1909.43,False,RS: 90
992920666112,11150.05,156.858,157.671,4186.T,2,Technology,2,11150.05,12510.04,,,✅ TRAIL EXIT,RS: 97,2026-05-11,⚡ 缺口動能,10470.06,['TOPIX_Mid400_中型'],FWD,2026-05-13,"{'mss': True, 'smc': True, 'amd': False, 'ml_rsi': 77.0, 'rv_pct': 0.569, 'bd_pct': 0.774}",13190.03,11309.48,True,RS: 97
335094939648,1663.75,157.231,157.671,3401.T,1,Industrials,2,1711.5,1807.0,,,❌ STOP LOSS,,2026-05-12,🏆 VCP 突破,1663.75,"['NK225', 'TOPIX_Mid400_中型']",FWD,2026-05-13,"{'mss': True, 'smc': True, 'amd': False, 'ml_rsi': 71.2, 'rv_pct': 0.028, 'bd_pct': 0.46}",,1663.75,False,
15121861632,136.86,,,AKAM,1,Technology,1,147.71,169.41,,,❌ STOP LOSS,RS: 91,2026-05-08,⚡ 缺口動能,136.86,['S&P500_大盤'],FWD,2026-05-08,"{'mss': True, 'smc': False, 'amd': False, 'ml_rsi': 87.2, 'rv_pct': 0.966, 'bd_pct': 1.0}",180.26,136.86,False,RS: 91
41088552960,91.59,,,RKLB,1,Industrials,2,105.47,133.23,,,❌ STOP LOSS,RS: 98,2026-05-08,⚡ 缺口動能,91.59,['NDX100_科技'],FWD,2026-05-08,"{'mss': True, 'smc': True, 'amd': False, 'ml_rsi': 60.6, 'rv_pct': 0.077, 'bd_pct': 0.571}",147.11,91.59,False,RS: 98
15121861632,136.86,,,AKAM,1,Technology,1,147.71,169.41,,,❌ STOP LOSS,RS: 91,2026-05-08,⚡ 缺口動能,136.86,['S&P500_大盤'],FWD,2026-05-08,"{'mss': True, 'smc': False, 'amd': False, 'ml_rsi': 87.2, 'rv_pct': 0.966, 'bd_pct': 1.0}",180.26,136.86,False,RS: 91
41088552960,91.59,,,RKLB,1,Industrials,2,105.47,133.23,,,❌ STOP LOSS,RS: 98,2026-05-08,⚡ 缺口動能,91.59,['NDX100_科技'],FWD,2026-05-08,"{'mss': True, 'smc': True, 'amd': False, 'ml_rsi': 60.6, 'rv_pct': 0.077, 'bd_pct': 0.571}",147.11,91.59,False,RS: 98
254769070080,346.36,,,SNDK,21,Technology,,692.73,,100,100,✅ RS 換倉平倉,RS: 100,2026-04-01,🅱️ RS 核心,346.36,"['S&P500_大盤', 'NDX100_科技']",FWD,2026-05-01,,,1187.0,False,RS: 100
2704240279552,1624.5,158.579,156.978,5801.T,21,Industrials,,3249.0,,100,100,✅ RS 換倉平倉,RS: 99,2026-04-01,🅱️ RS 核心,1624.5,"['NK225', 'TOPIX_Mid400_中型']",FWD,2026-05-01,,,4119.0,False,RS: 100
79048572928,382.33,,,LITE,21,Technology,,764.65,,99,99,✅ RS 換倉平倉,RS: 99,2026-04-01,🅱️ RS 核心,382.33,"['S&P500_大盤', 'NDX100_科技']",FWD,2026-05-01,,,949.93,False,RS: 99
1466764623872,15365.0,158.579,156.978,5706.T,21,Industrials,,30730.0,,99,99,✅ RS 換倉平倉,RS: 100,2026-04-01,🅱️ RS 核心,15365.0,"['NK225', 'TOPIX_Mid400_中型']",FWD,2026-05-01,,,41060.0,False,RS: 99
168538456064,148.83,,,WDC,21,Technology,,297.65,,99,99,✅ RS 換倉平倉,RS: 99,2026-04-01,🅱️ RS 核心,148.83,"['S&P500_大盤', 'NDX100_科技']",FWD,2026-05-01,,,431.41,False,RS: 99
45549096960,207.7,,,CIEN,21,Technology,,415.39,,99,99,✅ RS 換倉平倉,RS: 99,2026-04-01,🅱️ RS 核心,207.7,['S&P500_大盤'],FWD,2026-05-01,,,535.29,False,RS: 99
556998328320,2087.0,158.579,156.978,3110.T,21,Consumer Cyclical,,4174.0,,99,99,✅ RS 換倉平倉,RS: 99,2026-04-01,🅱️ RS 核心,2087.0,['TOPIX_Small500_小型'],FWD,2026-05-01,,,5632.0,False,RS: 99
192786563072,211.41,,,STX,21,Technology,,422.82,,99,99,✅ RS 換倉平倉,RS: 99,2026-04-01,🅱️ RS 核心,211.41,"['S&P500_大盤', 'NDX100_科技']",FWD,2026-05-01,,,726.41,False,RS: 99
479197528064,14445.0,158.579,156.978,6787.T,21,Technology,,28890.0,,99,99,✅ RS 換倉平倉,RS: 99,2026-04-01,🅱️ RS 核心,14445.0,['TOPIX_Small500_小型'],FWD,2026-05-01,,,29740.0,False,RS: 99
8366254981120,2223.0,158.579,156.978,5803.T,21,Industrials,,4446.0,,99,99,✅ RS 換倉平倉,RS: 99,2026-04-01,🅱️ RS 核心,2223.0,['NK225'],FWD,2026-05-01,,,5808.0,False,RS: 99
12161595392,31.46,,,ARWR,21,Healthcare,,62.92,,99,99,✅ RS 換倉平倉,RS: 98,2026-04-01,🅱️ RS 核心,31.46,['S&P400_中型'],FWD,2026-05-01,,,74.81,False,RS: 99
6654276403200,1158.62,158.579,156.978,5802.T,21,Consumer Cyclical,,2317.25,,99,99,✅ RS 換倉平倉,RS: 98,2026-04-01,🅱️ RS 核心,1158.62,['NK225'],FWD,2026-05-01,,,2475.0,False,RS: 99
55197274112,123.9,,,COHR,21,Technology,,247.8,,99,99,✅ RS 換倉平倉,RS: 99,2026-04-01,🅱️ RS 核心,123.9,['S&P500_大盤'],FWD,2026-05-01,,,329.5,False,RS: 99
26086068224,60.3,,,ECHO,21,Communication Services,,120.6,,99,99,✅ RS 換倉平倉,RS: 99,2026-04-01,🅱️ RS 核心,60.3,['S&P500_大盤'],FWD,2026-05-01,,,123.18,False,RS: 99
139349753856,4075.0,158.579,156.978,6941.T,21,Technology,,8150.0,,99,99,✅ RS 換倉平倉,RS: 99,2026-04-01,🅱️ RS 核心,4075.0,['TOPIX_Small500_小型'],FWD,2026-05-01,,,10120.0,False,RS: 99
8601699328,17.65,,,VIAV,21,Technology,,35.3,,99,99,✅ RS 換倉平倉,RS: 99,2026-04-01,🅱️ RS 核心,17.65,['S&P400_中型'],FWD,2026-05-01,,,55.33,False,RS: 99
641410859008,7625.55,158.579,156.978,6269.T,21,Energy,,15251.1,,99,99,✅ RS 換倉平倉,RS: 93,2026-04-01,🅱️ RS 核心,7625.55,['TOPIX_Mid400_中型'],FWD,2026-05-01,,,12762.03,False,RS: 99
261660295168,7121.06,158.579,156.978,6278.T,21,Industrials,,14242.11,,99,99,✅ RS 換倉平倉,RS: 98,2026-04-01,🅱️ RS 核心,7121.06,['TOPIX_Small500_小型'],FWD,2026-05-01,,,15677.29,False,RS: 99
55818338304,156.04,,,TER,21,Technology,,312.08,,99,99,✅ RS 換倉平倉,RS: 98,2026-04-01,🅱️ RS 核心,156.04,"['S&P500_大盤', 'NDX100_科技']",FWD,2026-05-01,,,345.29,False,RS: 99
4630411776,31.75,,,CENX,21,Basic Materials,,63.51,,99,99,✅ RS 換倉平倉,RS: 98,2026-04-01,🅱️ RS 核心,31.75,['S&P600_小型'],FWD,2026-05-01,,,58.98,False,RS: 99
5511090012160,6816.29,159.576,160.184,6954.T,3,Industrials,2,7256.0,8135.42,,,❌ STOP LOSS,RS: 87,2026-04-27,⚡ 缺口動能,6816.29,['NK225'],FWD,2026-04-30,"{'mss': True, 'smc': True, 'amd': False, 'ml_rsi': 80.8, 'rv_pct': 0.276, 'bd_pct': 0.655}",8575.14,6816.29,False,RS: 90
1120448544768,6405.71,159.357,159.552,1942.T,1,Industrials,3,6797.0,7579.58,,,❌ STOP LOSS,RS: 92,2026-04-28,⚡ 缺口動能,6405.71,['TOPIX_Mid400_中型'],FWD,2026-04-29,"{'mss': True, 'smc': True, 'amd': True, 'ml_rsi': 64.7, 'rv_pct': 0.468, 'bd_pct': 0.181}",7970.86,6405.71,False,RS: 92
236019728384,266.76,,,TXN,4,Technology,2,279.37,304.6,,,❌ STOP LOSS,RS: 91,2026-04-23,⚡ 缺口動能,266.76,"['S&P500_大盤', 'NDX100_科技']",FWD,2026-04-27,"{'mss': True, 'smc': True, 'amd': False, 'ml_rsi': 96.4, 'rv_pct': 0.714, 'bd_pct': 0.988}",317.2,266.76,False,RS: 91
108000731136,248.4,,,VRT,69,Industrials,2,248.4,295.98,,,✅ MAX TP,RS: 97,2026-02-11,⚡ 缺口動能,224.61,['S&P500_大盤'],FWD,2026-04-21,"{'mss': True, 'smc': True, 'amd': False, 'ml_rsi': 78.7, 'rv_pct': 0.597, 'bd_pct': 0.599}",319.75,319.75,True,RS: 97
650369040384,3706.64,159.112,158.809,6323.T,4,Technology,2,3969.0,4493.72,,,❌ STOP LOSS,RS: 94,2026-04-10,⚡ 缺口動能,3706.64,['TOPIX_Mid400_中型'],FWD,2026-04-16,"{'mss': True, 'smc': True, 'amd': False, 'ml_rsi': 81.6, 'rv_pct': 0.933, 'bd_pct': 0.595}",4756.07,3706.64,False,RS: 96
244336214016,7135.48,159.112,159.68,6814.T,1,Technology,2,7640.21,8649.66,,,❌ STOP LOSS,RS: 93,2026-04-10,⚡ 缺口動能,7135.48,['TOPIX_Small500_小型'],FWD,2026-04-13,"{'mss': True, 'smc': True, 'amd': False, 'ml_rsi': 68.5, 'rv_pct': 0.8, 'bd_pct': 0.24}",9154.39,7135.48,False,RS: 93
650369040384,3706.64,159.112,159.112,6323.T,1,Technology,2,3969.0,4493.72,,,❌ STOP LOSS,RS: 96,2026-04-10,⚡ 缺口動能,3706.64,['TOPIX_Mid400_中型'],FWD,2026-04-10,"{'mss': True, 'smc': True, 'amd': False, 'ml_rsi': 81.6, 'rv_pct': 0.933, 'bd_pct': 0.595}",4756.07,3706.64,False,RS: 96
244336214016,7135.48,159.112,159.112,6814.T,1,Technology,2,7640.21,8649.66,,,❌ STOP LOSS,RS: 93,2026-04-10,⚡ 缺口動能,7135.48,['TOPIX_Small500_小型'],FWD,2026-04-10,"{'mss': True, 'smc': True, 'amd': False, 'ml_rsi': 68.5, 'rv_pct': 0.8, 'bd_pct': 0.24}",9154.39,7135.48,False,RS: 93
650369040384,3706.64,159.112,159.112,6323.T,1,Technology,2,3969.0,4493.72,,,❌ STOP LOSS,RS: 96,2026-04-10,⚡ 缺口動能,3706.64,['TOPIX_Mid400_中型'],FWD,2026-04-10,"{'mss': True, 'smc': True, 'amd': False, 'ml_rsi': 81.6, 'rv_pct': 0.933, 'bd_pct': 0.595}",4756.07,3706.64,False,RS: 96
244336214016,7135.48,159.112,159.112,6814.T,1,Technology,2,7640.21,8649.66,,,❌ STOP LOSS,RS: 93,2026-04-10,⚡ 缺口動能,7135.48,['TOPIX_Small500_小型'],FWD,2026-04-10,"{'mss': True, 'smc': True, 'amd': False, 'ml_rsi': 68.5, 'rv_pct': 0.8, 'bd_pct': 0.24}",9154.39,7135.48,False,RS: 93
254769070080,309.54,,,SNDK,21,Technology,,619.08,,100,100,✅ RS 換倉平倉,RS: 100,2026-03-02,🅱️ RS 核心,309.54,"['S&P500_大盤', 'NDX100_科技']",FWD,2026-04-01,,,692.73,False,RS: 100
1466764623872,19250.32,156.633,158.579,5706.T,21,Industrials,,38500.64,,100,100,✅ RS 換倉平倉,RS: 99,2026-03-02,🅱️ RS 核心,19250.32,"['NK225', 'TOPIX_Mid400_中型']",FWD,2026-04-01,,,30730.0,False,RS: 100
79048572928,391.62,,,LITE,21,Technology,,783.25,,99,99,✅ RS 換倉平倉,RS: 99,2026-03-02,🅱️ RS 核心,391.62,"['S&P500_大盤', 'NDX100_科技']",FWD,2026-04-01,,,764.65,False,RS: 99
556998328320,2501.37,156.633,158.579,3110.T,21,Consumer Cyclical,,5002.74,,99,99,✅ RS 換倉平倉,RS: 99,2026-03-02,🅱️ RS 核心,2501.37,['TOPIX_Small500_小型'],FWD,2026-04-01,,,4174.0,False,RS: 99
168538456064,134.94,,,WDC,21,Technology,,269.88,,99,99,✅ RS 換倉平倉,RS: 99,2026-03-02,🅱️ RS 核心,134.94,"['S&P500_大盤', 'NDX100_科技']",FWD,2026-04-01,,,297.65,False,RS: 99
8693424128,104.6,,,VICR,21,Technology,,209.19,,99,99,✅ RS 換倉平倉,RS: 99,2026-03-02,🅱️ RS 核心,104.6,['S&P400_中型'],FWD,2026-04-01,,,158.16,False,RS: 99
2704240279552,1480.86,156.633,158.579,5801.T,21,Industrials,,2961.73,,99,99,✅ RS 換倉平倉,RS: 100,2026-03-02,🅱️ RS 核心,1480.86,"['NK225', 'TOPIX_Mid400_中型']",FWD,2026-04-01,,,3249.0,False,RS: 99
45549096960,176.87,,,CIEN,21,Technology,,353.73,,99,99,✅ RS 換倉平倉,RS: 99,2026-03-02,🅱️ RS 核心,176.87,['S&P500_大盤'],FWD,2026-04-01,,,415.39,False,RS: 99
2705013604352,6412.78,156.633,158.579,5713.T,21,Basic Materials,,12825.57,,99,99,✅ RS 換倉平倉,RS: 98,2026-03-02,🅱️ RS 核心,6412.78,"['NK225', 'TOPIX_Mid400_中型']",FWD,2026-04-01,,,9593.0,False,RS: 99
1148129771520,206.22,,,MU,21,Technology,,412.43,,99,99,✅ RS 換倉平倉,RS: 99,2026-03-02,🅱️ RS 核心,206.22,"['S&P500_大盤', 'NDX100_科技']",FWD,2026-04-01,,,367.79,False,RS: 99
55197274112,149.46,,,COHR,21,Technology,,298.91,,99,99,✅ RS 換倉平倉,RS: 99,2026-03-02,🅱️ RS 核心,149.46,['S&P500_大盤'],FWD,2026-04-01,,,247.8,False,RS: 99
2946149646336,6245.0,156.633,158.579,4004.T,21,Basic Materials,,12490.0,,99,99,✅ RS 換倉平倉,RS: 98,2026-03-02,🅱️ RS 核心,6245.0,"['NK225', 'TOPIX_Mid400_中型']",FWD,2026-04-01,,,10740.0,False,RS: 99
13231816704,56.5,,,TTMI,21,Technology,,113.0,,99,99,✅ RS 換倉平倉,RS: 99,2026-03-02,🅱️ RS 核心,56.5,['S&P400_中型'],FWD,2026-04-01,,,97.08,False,RS: 99
5755433385984,4675.5,156.633,158.579,4062.T,21,Technology,,9351.01,,99,99,✅ RS 換倉平倉,RS: 99,2026-03-02,🅱️ RS 核心,4675.5,['TOPIX_Mid400_中型'],FWD,2026-04-01,,,8070.0,False,RS: 99
13870331904,12.31,,,HL,21,Basic Materials,,24.61,,99,99,✅ RS 換倉平倉,RS: 97,2026-03-02,🅱️ RS 核心,12.31,['S&P400_中型'],FWD,2026-04-01,,,19.17,False,RS: 99
8099500544,49.85,,,FORM,21,Technology,,99.7,,99,99,✅ RS 換倉平倉,RS: 99,2026-03-02,🅱️ RS 核心,49.85,['S&P600_小型'],FWD,2026-04-01,,,100.91,False,RS: 99
8366254981120,2357.6,156.633,158.579,5803.T,21,Industrials,,4715.21,,99,99,✅ RS 換倉平倉,RS: 99,2026-03-02,🅱️ RS 核心,2357.6,['NK225'],FWD,2026-04-01,,,4446.0,False,RS: 99
55818338304,162.85,,,TER,21,Technology,,325.71,,99,99,✅ RS 換倉平倉,RS: 99,2026-03-02,🅱️ RS 核心,162.85,"['S&P500_大盤', 'NDX100_科技']",FWD,2026-04-01,,,312.08,False,RS: 99
6654276403200,1343.23,156.633,158.579,5802.T,21,Consumer Cyclical,,2686.45,,99,99,✅ RS 換倉平倉,RS: 99,2026-03-02,🅱️ RS 核心,1343.23,['NK225'],FWD,2026-04-01,,,2317.25,False,RS: 99
8601699328,17.67,,,VIAV,21,Technology,,35.35,,99,99,✅ RS 換倉平倉,RS: 99,2026-03-02,🅱️ RS 核心,17.67,['S&P400_中型'],FWD,2026-04-01,,,35.3,False,RS: 99
734074175488,3676.5,159.704,160.234,4385.T,1,Consumer Cyclical,2,3764.0,3939.0,,,❌ STOP LOSS,,2026-03-27,🏆 VCP 突破,3676.5,"['NK225', 'TOPIX_Mid400_中型']",FWD,2026-03-30,"{'mss': True, 'smc': True, 'amd': False, 'ml_rsi': 64.7, 'rv_pct': 0.169, 'bd_pct': 0.258}",,3676.5,False,
734074175488,3676.5,159.704,159.704,4385.T,1,Consumer Cyclical,2,3764.0,3939.0,,,❌ STOP LOSS,,2026-03-27,🏆 VCP 突破,3676.5,"['NK225', 'TOPIX_Mid400_中型']",FWD,2026-03-27,"{'mss': True, 'smc': True, 'amd': False, 'ml_rsi': 64.7, 'rv_pct': 0.169, 'bd_pct': 0.258}",,3676.5,False,
734074175488,3676.5,159.704,159.704,4385.T,1,Consumer Cyclical,2,3764.0,3939.0,,,❌ STOP LOSS,,2026-03-27,🏆 VCP 突破,3676.5,"['NK225', 'TOPIX_Mid400_中型']",FWD,2026-03-27,"{'mss': True, 'smc': True, 'amd': False, 'ml_rsi': 64.7, 'rv_pct': 0.169, 'bd_pct': 0.258}",,3676.5,False,
22208016384,197.73,,,RGLD,3,Basic Materials,1,214.31,230.89,,,❌ 觸發 3 日時間止損,RSI: 23,2026-03-20,📉 極度超賣,197.73,['S&P400_中型'],FWD,2026-03-25,"{'mss': False, 'smc': True, 'amd': False, 'ml_rsi': 10.0, 'rv_pct': 1.0, 'bd_pct': 0.833}",264.05,232.02,False,RSI: 10
405594996736,2058.7,157.924,159.234,5741.T,1,Basic Materials,0,2229.78,2400.86,,,❌ 觸發 5% 絕對止損,RSI: 22,2026-03-20,📉 極度超賣,2058.7,['TOPIX_Small500_小型'],FWD,2026-03-23,"{'mss': False, 'smc': False, 'amd': False, 'ml_rsi': 22.8, 'rv_pct': 0.861, 'bd_pct': 0.897}",2743.03,2106.73,False,RSI: 22
134967443456,92.27,,,NEM,3,Basic Materials,1,98.76,105.26,,,❌ 觸發 3 日時間止損,RSI: 11,2026-03-19,📉 極度超賣,92.27,['S&P500_大盤'],FWD,2026-03-20,"{'mss': False, 'smc': False, 'amd': True, 'ml_rsi': 12.6, 'rv_pct': 0.655, 'bd_pct': 0.306}",118.24,95.38,False,RSI: 12
22208016384,207.61,,,RGLD,3,Basic Materials,0,224.13,240.65,,,❌ 觸發 3 日時間止損,RSI: 10,2026-03-19,📉 極度超賣,207.61,['S&P400_中型'],FWD,2026-03-20,"{'mss': False, 'smc': False, 'amd': False, 'ml_rsi': 14.8, 'rv_pct': 0.929, 'bd_pct': 0.77}",273.69,214.31,False,RSI: 14
405594996736,2059.54,159.795,157.924,5741.T,3,Basic Materials,0,2229.78,2400.02,,,❌ 觸發 3 日時間止損,RSI: 22,2026-03-19,📉 極度超賣,2059.54,['TOPIX_Small500_小型'],FWD,2026-03-20,"{'mss': False, 'smc': False, 'amd': False, 'ml_rsi': 22.7, 'rv_pct': 0.506, 'bd_pct': 0.905}",2740.5,2229.78,False,RSI: 22
3109790976,134.13,,,TMDX,5,Healthcare,3,145.26,167.52,,,❌ STOP LOSS,RS: 92,2026-02-27,🏆 VCP 突破,134.13,['S&P600_小型'],FWD,2026-03-06,"{'mss': True, 'smc': True, 'amd': True, 'ml_rsi': 59.4, 'rv_pct': 0.075, 'bd_pct': 0.016}",,134.13,False,
55705784320,283.9,,,KEYS,9,Technology,2,301.48,336.64,,,❌ STOP LOSS,RS: 95,2026-02-24,⚡ 缺口動能,283.9,['S&P500_大盤'],FWD,2026-03-05,"{'mss': True, 'smc': True, 'amd': False, 'ml_rsi': 90.1, 'rv_pct': 0.611, 'bd_pct': 1.0}",354.21,283.9,False,RS: 95
219391410176,1538.36,156.989,157.773,1861.T,58,Industrials,1,1538.36,1619.87,,,✅ TRAIL EXIT,RS: 88,2026-01-05,💥 BB 擠壓,1497.6,['TOPIX_Small500_小型'],FWD,2026-03-04,"{'mss': False, 'smc': True, 'amd': False, 'ml_rsi': 53.7, 'rv_pct': 0.25, 'bd_pct': 0.716}",,1753.63,True,
2124925763584,3069.34,157.244,157.773,7012.T,23,Industrials,2,3369.58,3970.05,,,❌ STOP LOSS,RS: 93,2026-02-09,⚡ 缺口動能,3069.34,"['NK225', 'TOPIX_Mid400_中型']",FWD,2026-03-04,"{'mss': True, 'smc': True, 'amd': False, 'ml_rsi': 70.1, 'rv_pct': 0.742, 'bd_pct': 0.917}",4270.28,3069.34,False,RS: 92
479998672896,2398.08,156.633,157.773,1662.T,2,Energy,1,2623.92,3075.59,,,❌ STOP LOSS,RS: 95,2026-03-02,⚡ 缺口動能,2398.08,['TOPIX_Small500_小型'],FWD,2026-03-04,"{'mss': True, 'smc': False, 'amd': False, 'ml_rsi': 74.2, 'rv_pct': 0.706, 'bd_pct': 1.0}",3301.42,2398.08,False,RS: 95
85845647360,38.87,,,MNST,47,Consumer Defensive,0,38.87,40.68,,,✅ TRAIL EXIT,RS: 83,2026-01-14,💥 BB 擠壓,37.96,"['S&P500_大盤', 'NDX100_科技']",FWD,2026-03-02,"{'mss': False, 'smc': False, 'amd': False, 'ml_rsi': 52.6, 'rv_pct': 0.302, 'bd_pct': 0.597}",,41.28,True,
254769070080,332.62,,,SNDK,19,Technology,,665.24,,100,100,✅ RS 換倉平倉,RS: 100,2026-02-02,🅱️ RS 核心,332.62,"['S&P500_大盤', 'NDX100_科技']",FWD,2026-03-02,,,619.08,False,RS: 100
1466764623872,9851.61,155.202,156.633,5706.T,19,Industrials,,19703.21,,100,100,✅ RS 換倉平倉,RS: 100,2026-02-02,🅱️ RS 核心,9851.61,"['NK225', 'TOPIX_Mid400_中型']",FWD,2026-03-02,,,38500.64,False,RS: 100
79048572928,211.71,,,LITE,19,Technology,,423.42,,99,99,✅ RS 換倉平倉,RS: 99,2026-02-02,🅱️ RS 核心,211.71,"['S&P500_大盤', 'NDX100_科技']",FWD,2026-03-02,,,783.25,False,RS: 99
641410859008,7259.37,155.202,156.633,6269.T,19,Energy,,14518.73,,99,99,✅ RS 換倉平倉,RS: 96,2026-02-02,🅱️ RS 核心,7259.37,['TOPIX_Mid400_中型'],FWD,2026-03-02,,,13578.53,False,RS: 99
168538456064,135.02,,,WDC,19,Technology,,270.03,,99,99,✅ RS 換倉平倉,RS: 99,2026-02-02,🅱️ RS 核心,135.02,"['S&P500_大盤', 'NDX100_科技']",FWD,2026-03-02,,,269.88,False,RS: 99
12161595392,36.5,,,ARWR,19,Healthcare,,73.0,,99,99,✅ RS 換倉平倉,RS: 99,2026-02-02,🅱️ RS 核心,36.5,['S&P400_中型'],FWD,2026-03-02,,,64.33,False,RS: 99
5755433385984,3857.99,155.202,156.633,4062.T,19,Technology,,7715.98,,99,99,✅ RS 換倉平倉,RS: 99,2026-02-02,🅱️ RS 核心,3857.99,['TOPIX_Mid400_中型'],FWD,2026-03-02,,,9351.01,False,RS: 99
1148129771520,218.77,,,MU,19,Technology,,437.55,,99,99,✅ RS 換倉平倉,RS: 99,2026-02-02,🅱️ RS 核心,218.77,"['S&P500_大盤', 'NDX100_科技']",FWD,2026-03-02,,,412.43,False,RS: 99
432634953728,3241.24,155.202,156.633,7003.T,19,Industrials,,6482.48,,99,99,✅ RS 換倉平倉,RS: 98,2026-02-02,🅱️ RS 核心,3241.24,['TOPIX_Mid400_中型'],FWD,2026-03-02,,,8073.56,False,RS: 99
26086068224,58.28,,,ECHO,19,Communication Services,,116.55,,99,99,✅ RS 換倉平倉,RS: 98,2026-02-02,🅱️ RS 核心,58.28,['S&P500_大盤'],FWD,2026-03-02,,,118.68,False,RS: 99
8693424128,82.68,,,VICR,19,Technology,,165.35,,99,99,✅ RS 換倉平倉,RS: 99,2026-02-02,🅱️ RS 核心,82.68,['S&P400_中型'],FWD,2026-03-02,,,209.19,False,RS: 99
556998328320,1426.37,155.202,156.633,3110.T,19,Consumer Cyclical,,2852.74,,99,99,✅ RS 換倉平倉,RS: 99,2026-02-02,🅱️ RS 核心,1426.37,['TOPIX_Small500_小型'],FWD,2026-03-02,,,5002.74,False,RS: 99
192786563072,215.94,,,STX,19,Technology,,431.89,,99,99,✅ RS 換倉平倉,RS: 99,2026-02-02,🅱️ RS 核心,215.94,"['S&P500_大盤', 'NDX100_科技']",FWD,2026-03-02,,,378.59,False,RS: 99
264371224576,1615.18,155.202,156.633,1515.T,19,Basic Materials,,3230.36,,99,99,✅ RS 換倉平倉,RS: 98,2026-02-02,🅱️ RS 核心,1615.18,['TOPIX_Small500_小型'],FWD,2026-03-02,,,4158.23,False,RS: 99
13870331904,10.77,,,HL,19,Basic Materials,,21.54,,99,99,✅ RS 換倉平倉,RS: 99,2026-02-02,🅱️ RS 核心,10.77,['S&P400_中型'],FWD,2026-03-02,,,24.61,False,RS: 99
13231816704,51.38,,,TTMI,19,Technology,,102.76,,99,99,✅ RS 換倉平倉,RS: 99,2026-02-02,🅱️ RS 核心,51.38,['S&P400_中型'],FWD,2026-03-02,,,113.0,False,RS: 99
23900295528448,12135.98,155.202,156.633,6857.T,19,Technology,,24271.96,,99,99,✅ RS 換倉平倉,RS: 98,2026-02-02,🅱️ RS 核心,12135.98,['NK225'],FWD,2026-03-02,,,25764.93,False,RS: 99
10375767040,21.88,,,VSAT,19,Technology,,43.75,,99,99,✅ RS 換倉平倉,RS: 99,2026-02-02,🅱️ RS 核心,21.88,['S&P600_小型'],FWD,2026-03-02,,,47.24,False,RS: 99
259273916416,2207.53,155.202,156.633,6590.T,19,Technology,,4415.07,,99,99,✅ RS 換倉平倉,RS: 99,2026-02-02,🅱️ RS 核心,2207.53,['TOPIX_Small500_小型'],FWD,2026-03-02,,,5516.37,False,RS: 99
45549096960,134.24,,,CIEN,19,Technology,,268.49,,99,99,✅ RS 換倉平倉,RS: 99,2026-02-02,🅱️ RS 核心,134.24,['S&P500_大盤'],FWD,2026-03-02,,,353.73,False,RS: 99
3109790976,134.13,,,TMDX,1,Healthcare,3,145.26,167.52,,,❌ STOP LOSS,,2026-02-27,🏆 VCP 突破,134.13,['S&P600_小型'],FWD,2026-02-27,"{'mss': True, 'smc': True, 'amd': True, 'ml_rsi': 59.4, 'rv_pct': 0.075, 'bd_pct': 0.016}",,134.13,False,
3109790976,134.13,,,TMDX,1,Healthcare,3,145.26,167.52,,,❌ STOP LOSS,,2026-02-27,🏆 VCP 突破,134.13,['S&P600_小型'],FWD,2026-02-27,"{'mss': True, 'smc': True, 'amd': True, 'ml_rsi': 59.4, 'rv_pct': 0.075, 'bd_pct': 0.016}",,134.13,False,
55818338304,282.75,,,TER,24,Technology,2,282.75,330.22,,,✅ TRAIL EXIT,RS: 98,2026-02-03,⚡ 缺口動能,259.02,"['S&P500_大盤', 'NDX100_科技']",FWD,2026-02-27,"{'mss': True, 'smc': True, 'amd': False, 'ml_rsi': 78.3, 'rv_pct': 0.651, 'bd_pct': 0.956}",353.96,314.87,True,RS: 99
0,389.56,,,AGX,15,N/A,2,421.81,486.31,,,⏱️ 時間止損 (無進展),RS: 98,2026-02-11,🏆 VCP 突破,389.56,['S&P600_小型'],FWD,2026-02-26,"{'mss': True, 'smc': True, 'amd': False, 'ml_rsi': 60.6, 'rv_pct': 0.24, 'bd_pct': 0.274}",,451.79,False,
20913930240,512.79,,,UTHR,1,Healthcare,3,535.1,579.72,,,❌ STOP LOSS,,2026-02-25,🏆 VCP 突破,512.79,['S&P400_中型'],FWD,2026-02-26,"{'mss': True, 'smc': True, 'amd': True, 'ml_rsi': 74.5, 'rv_pct': 0.004, 'bd_pct': 0.075}",,512.79,False,
332662865920,10551.3,157.244,154.635,6507.T,15,Industrials,2,11265.81,12694.83,,,⏱️ 時間止損 (無進展),RS: 85,2026-02-09,💥 BB 擠壓,10551.3,['TOPIX_Small500_小型'],FWD,2026-02-24,"{'mss': True, 'smc': False, 'amd': True, 'ml_rsi': 57.3, 'rv_pct': 0.349, 'bd_pct': 0.433}",,11966.22,False,
390761480192,1960.92,156.132,154.635,1893.T,14,Industrials,2,2074.32,2301.12,,,❌ STOP LOSS,RS: 97,2026-02-10,⚡ 缺口動能,1960.92,['TOPIX_Mid400_中型'],FWD,2026-02-24,"{'mss': True, 'smc': True, 'amd': False, 'ml_rsi': 84.5, 'rv_pct': 0.976, 'bd_pct': 0.857}",2414.51,1960.92,False,RS: 98
9795130368,81.08,,,FLS,15,Industrials,2,84.95,92.7,,,⏱️ 時間止損 (無進展),RS: 93,2026-02-06,🏆 VCP 突破,81.08,['S&P400_中型'],FWD,2026-02-23,"{'mss': True, 'smc': True, 'amd': False, 'ml_rsi': 74.7, 'rv_pct': 0.071, 'bd_pct': 0.393}",,87.81,False,
5941171712,118.3,,,ROAD,15,Industrials,3,127.65,146.35,,,⏱️ 時間止損 (無進展),RS: 83,2026-02-05,🏆 VCP 突破,118.3,['S&P600_小型'],FWD,2026-02-20,"{'mss': True, 'smc': True, 'amd': True, 'ml_rsi': 64.4, 'rv_pct': 0.3, 'bd_pct': 0.234}",,131.9,False,
741524897792,2856.36,153.609,154.693,4506.T,2,Healthcare,1,3184.0,3839.28,,,❌ STOP LOSS,RS: 99,2026-02-17,⚡ 缺口動能,2856.36,"['NK225', 'TOPIX_Mid400_中型']",FWD,2026-02-19,"{'mss': True, 'smc': False, 'amd': False, 'ml_rsi': 80.5, 'rv_pct': 0.905, 'bd_pct': 0.083}",4166.93,2856.36,False,RS: 99
19382427648,47.86,,,LUV,14,Industrials,3,47.86,53.81,,,✅ TRAIL EXIT,RS: 93,2026-01-29,⚡ 缺口動能,44.88,['S&P500_大盤'],FWD,2026-02-12,"{'mss': True, 'smc': True, 'amd': True, 'ml_rsi': 64.7, 'rv_pct': 0.242, 'bd_pct': 1.0}",56.78,50.17,True,RS: 93
105862881280,904.37,,,MCK,7,Healthcare,2,954.93,1056.06,,,❌ STOP LOSS,RS: 88,2026-02-05,⚡ 缺口動能,904.37,['S&P500_大盤'],FWD,2026-02-12,"{'mss': True, 'smc': True, 'amd': False, 'ml_rsi': 73.6, 'rv_pct': 0.478, 'bd_pct': 0.69}",1106.62,904.37,False,RS: 92
9795130368,81.08,,,FLS,1,Industrials,2,84.95,92.7,,,❌ STOP LOSS,,2026-02-06,🏆 VCP 突破,81.08,['S&P400_中型'],FWD,2026-02-06,"{'mss': True, 'smc': True, 'amd': False, 'ml_rsi': 74.7, 'rv_pct': 0.071, 'bd_pct': 0.393}",,81.08,False,
175034990592,3815.96,155.799,156.784,4617.T,3,Basic Materials,1,3815.96,4014.34,,,❌ 觸發 3 日時間止損,RSI: 32,2026-02-04,📉 極度超賣,3617.58,['TOPIX_Small500_小型'],FWD,2026-02-06,"{'mss': False, 'smc': True, 'amd': False, 'ml_rsi': 22.2, 'rv_pct': 0.752, 'bd_pct': 0.192}",4411.08,4012.4,True,RSI: 22
9795130368,81.08,,,FLS,1,Industrials,2,84.95,92.7,,,❌ STOP LOSS,,2026-02-06,🏆 VCP 突破,81.08,['S&P400_中型'],FWD,2026-02-06,"{'mss': True, 'smc': True, 'amd': False, 'ml_rsi': 74.7, 'rv_pct': 0.071, 'bd_pct': 0.393}",,81.08,False,
13801459712,81.2,,,SMTC,2,Technology,2,87.76,100.88,,,❌ STOP LOSS,RS: 97,2026-02-02,🏆 VCP 突破,81.2,['S&P400_中型'],FWD,2026-02-04,"{'mss': True, 'smc': True, 'amd': False, 'ml_rsi': 74.1, 'rv_pct': 0.089, 'bd_pct': 0.222}",,81.2,False,
254769070080,137.62,,,SNDK,21,Technology,,275.24,,100,100,✅ RS 換倉平倉,RS: 100,2026-01-02,🅱️ RS 核心,137.62,"['S&P500_大盤', 'NDX100_科技']",FWD,2026-02-02,,,665.24,False,RS: 100
1466764623872,8776.61,156.731,155.202,5706.T,21,Industrials,,17553.23,,100,100,✅ RS 換倉平倉,RS: 100,2026-01-02,🅱️ RS 核心,8776.61,"['NK225', 'TOPIX_Mid400_中型']",FWD,2026-02-02,,,19703.21,False,RS: 100
79048572928,193.05,,,LITE,21,Technology,,386.11,,99,99,✅ RS 換倉平倉,RS: 99,2026-01-02,🅱️ RS 核心,193.05,"['S&P500_大盤', 'NDX100_科技']",FWD,2026-02-02,,,423.42,False,RS: 99
741524897792,1159.0,156.731,155.202,4506.T,21,Healthcare,,2318.0,,99,99,✅ RS 換倉平倉,RS: 98,2026-01-02,🅱️ RS 核心,1159.0,"['NK225', 'TOPIX_Mid400_中型']",FWD,2026-02-02,,,2243.0,False,RS: 99
26086068224,56.09,,,ECHO,21,Communication Services,,112.18,,99,99,✅ RS 換倉平倉,RS: 99,2026-01-02,🅱️ RS 核心,56.09,['S&P500_大盤'],FWD,2026-02-02,,,116.55,False,RS: 99
12161595392,33.9,,,ARWR,21,Healthcare,,67.79,,99,99,✅ RS 換倉平倉,RS: 99,2026-01-02,🅱️ RS 核心,33.9,['S&P400_中型'],FWD,2026-02-02,,,73.0,False,RS: 99
10375767040,18.82,,,VSAT,21,Technology,,37.63,,99,99,✅ RS 換倉平倉,RS: 99,2026-01-02,🅱️ RS 核心,18.82,['S&P600_小型'],FWD,2026-02-02,,,43.75,False,RS: 99
13870331904,9.43,,,HL,21,Basic Materials,,18.86,,99,99,✅ RS 換倉平倉,RS: 99,2026-01-02,🅱️ RS 核心,9.43,['S&P400_中型'],FWD,2026-02-02,,,21.54,False,RS: 99
168538456064,93.78,,,WDC,21,Technology,,187.56,,99,99,✅ RS 換倉平倉,RS: 99,2026-01-02,🅱️ RS 核心,93.78,"['S&P500_大盤', 'NDX100_科技']",FWD,2026-02-02,,,270.03,False,RS: 99
45549096960,123.03,,,CIEN,21,Technology,,246.06,,99,99,✅ RS 換倉平倉,RS: 99,2026-01-02,🅱️ RS 核心,123.03,['S&P500_大盤'],FWD,2026-02-02,,,268.49,False,RS: 99
1148129771520,157.62,,,MU,21,Technology,,315.24,,99,99,✅ RS 換倉平倉,RS: 99,2026-01-02,🅱️ RS 核心,157.62,"['S&P500_大盤', 'NDX100_科技']",FWD,2026-02-02,,,437.55,False,RS: 99
4123981824,17.86,,,INDV,21,Healthcare,,35.73,,99,99,✅ RS 換倉平倉,RS: 98,2026-01-02,🅱️ RS 核心,17.86,['S&P600_小型'],FWD,2026-02-02,,,35.0,False,RS: 99
5755433385984,3359.4,156.731,155.202,4062.T,21,Technology,,6718.79,,99,99,✅ RS 換倉平倉,RS: 99,2026-01-02,🅱️ RS 核心,3359.4,['TOPIX_Mid400_中型'],FWD,2026-02-02,,,7715.98,False,RS: 99
0,14.26,,,WBD,21,N/A,,28.51,,99,99,✅ RS 換倉平倉,RS: 99,2026-01-02,🅱️ RS 核心,14.26,"['S&P500_大盤', 'NDX100_科技']",FWD,2026-02-02,,,27.52,False,RS: 99
139349753856,2884.69,156.731,155.202,6941.T,21,Technology,,5769.38,,99,99,✅ RS 換倉平倉,RS: 98,2026-01-02,🅱️ RS 核心,2884.69,['TOPIX_Small500_小型'],FWD,2026-02-02,,,5798.97,False,RS: 99
192786563072,143.42,,,STX,21,Technology,,286.83,,99,99,✅ RS 換倉平倉,RS: 99,2026-01-02,🅱️ RS 核心,143.42,"['S&P500_大盤', 'NDX100_科技']",FWD,2026-02-02,,,431.89,False,RS: 99
3233919533056,973.34,156.731,155.202,5016.T,21,Technology,,1946.67,,99,99,✅ RS 換倉平倉,RS: 99,2026-01-02,🅱️ RS 核心,973.34,['TOPIX_Mid400_中型'],FWD,2026-02-02,,,2337.0,False,RS: 99
6654276403200,781.95,156.731,155.202,5802.T,21,Consumer Cyclical,,1563.9,,99,99,✅ RS 換倉平倉,RS: 97,2026-01-02,🅱️ RS 核心,781.95,['NK225'],FWD,2026-02-02,,,1682.34,False,RS: 99
41088552960,37.99,,,RKLB,21,Industrials,,75.99,,99,99,✅ RS 換倉平倉,RS: 97,2026-01-02,🅱️ RS 核心,37.99,['NDX100_科技'],FWD,2026-02-02,,,74.15,False,RS: 99
2914099968,12.93,,,AEO,21,Consumer Cyclical,,25.87,,98,98,✅ RS 換倉平倉,RS: 96,2026-01-02,🅱️ RS 核心,12.93,['S&P600_小型'],FWD,2026-02-02,,,24.3,False,RS: 98
1368616992768,4166.5,156.989,155.202,3563.T,28,Consumer Cyclical,2,4166.5,4537.84,,,✅ TRAIL EXIT,RS: 83,2026-01-05,🏆 VCP 突破,3980.83,['TOPIX_Mid400_中型'],FWD,2026-02-02,"{'mss': True, 'smc': True, 'amd': False, 'ml_rsi': 70.5, 'rv_pct': 0.056, 'bd_pct': 0.389}",,4122.43,True,
16381692928,178.18,,,ONTO,25,Technology,2,178.18,193.94,,,✅ TRAIL EXIT,RS: 95,2026-01-05,🏆 VCP 突破,170.3,['S&P400_中型'],FWD,2026-01-30,"{'mss': True, 'smc': True, 'amd': False, 'ml_rsi': 72.6, 'rv_pct': 0.119, 'bd_pct': 0.448}",,200.64,True,
650369040384,3162.31,158.596,153.162,6323.T,12,Technology,2,3162.31,3602.69,,,✅ TRAIL EXIT,RS: 95,2026-01-16,⚡ 缺口動能,2942.12,['TOPIX_Mid400_中型'],FWD,2026-01-30,"{'mss': True, 'smc': True, 'amd': False, 'ml_rsi': 82.9, 'rv_pct': 0.929, 'bd_pct': 0.798}",3822.89,3342.56,True,RS: 90
132642119680,102.12,,,GLW,2,Technology,2,109.16,123.25,,,❌ STOP LOSS,RS: 95,2026-01-27,⚡ 缺口動能,102.12,['S&P500_大盤'],FWD,2026-01-29,"{'mss': True, 'smc': True, 'amd': False, 'ml_rsi': 83.5, 'rv_pct': 0.341, 'bd_pct': 0.849}",130.28,102.12,False,RS: 96
12122387456,284.8,,,WTS,20,Industrials,3,284.8,300.69,,,✅ TRAIL EXIT,RS: 78,2026-01-08,🏆 VCP 突破,276.86,['S&P400_中型'],FWD,2026-01-28,"{'mss': True, 'smc': True, 'amd': True, 'ml_rsi': 58.1, 'rv_pct': 0.218, 'bd_pct': 0.194}",,286.05,True,
10237029376,152.46,,,WMS,14,Industrials,2,158.16,169.57,,,❌ STOP LOSS,RS: 80,2026-01-09,🏆 VCP 突破,152.46,['S&P400_中型'],FWD,2026-01-23,"{'mss': True, 'smc': True, 'amd': False, 'ml_rsi': 68.6, 'rv_pct': 0.196, 'bd_pct': 0.29}",,152.46,False,
25691938816,102.68,,,INCY,14,Healthcare,2,106.66,114.62,,,❌ STOP LOSS,RS: 90,2026-01-06,🏆 VCP 突破,102.68,['S&P500_大盤'],FWD,2026-01-20,"{'mss': True, 'smc': True, 'amd': False, 'ml_rsi': 76.0, 'rv_pct': 0.04, 'bd_pct': 0.389}",,102.68,False,
6106938880,152.79,,,JBTM,13,Industrials,2,157.95,168.28,,,❌ STOP LOSS,RS: 72,2026-01-07,💥 BB 擠壓,152.79,['S&P600_小型'],FWD,2026-01-20,"{'mss': True, 'smc': True, 'amd': False, 'ml_rsi': 67.9, 'rv_pct': 0.075, 'bd_pct': 0.639}",,152.79,False,
497684250624,3802.31,158.596,157.535,6674.T,3,Consumer Cyclical,2,3982.35,4342.42,,,❌ STOP LOSS,RS: 84,2026-01-16,🏆 VCP 突破,3802.31,['TOPIX_Mid400_中型'],FWD,2026-01-19,"{'mss': True, 'smc': True, 'amd': False, 'ml_rsi': 69.2, 'rv_pct': 0.167, 'bd_pct': 0.244}",,3802.31,False,
650369040384,2942.12,158.596,158.596,6323.T,1,Technology,2,3162.31,3602.69,,,❌ STOP LOSS,RS: 90,2026-01-16,⚡ 缺口動能,2942.12,['TOPIX_Mid400_中型'],FWD,2026-01-16,"{'mss': True, 'smc': True, 'amd': False, 'ml_rsi': 82.9, 'rv_pct': 0.929, 'bd_pct': 0.798}",3822.89,2942.12,False,RS: 90
650369040384,2942.12,158.596,158.596,6323.T,1,Technology,2,3162.31,3602.69,,,❌ STOP LOSS,RS: 90,2026-01-16,⚡ 缺口動能,2942.12,['TOPIX_Mid400_中型'],FWD,2026-01-16,"{'mss': True, 'smc': True, 'amd': False, 'ml_rsi': 82.9, 'rv_pct': 0.929, 'bd_pct': 0.798}",3822.89,2942.12,False,RS: 90
137506832384,4341.11,156.68,158.596,5715.T,9,Basic Materials,2,4341.11,5007.9,,,✅ TRAIL EXIT,RS: 98,2026-01-07,⚡ 缺口動能,4007.72,['TOPIX_Small500_小型'],FWD,2026-01-16,"{'mss': True, 'smc': True, 'amd': False, 'ml_rsi': 82.1, 'rv_pct': 0.619, 'bd_pct': 0.841}",5341.28,4574.2,True,RS: 98
479998672896,1954.28,159.179,158.596,1662.T,2,Energy,2,2089.1,2358.75,,,❌ STOP LOSS,RS: 95,2026-01-14,⚡ 缺口動能,1954.28,['TOPIX_Small500_小型'],FWD,2026-01-16,"{'mss': True, 'smc': True, 'amd': False, 'ml_rsi': 92.5, 'rv_pct': 0.976, 'bd_pct': 1.0}",2493.58,1954.28,False,RS: 97
652543066112,1774.15,156.68,156.731,8233.T,1,Consumer Cyclical,3,1831.0,1944.71,,,❌ STOP LOSS,RS: 90,2026-01-07,⚡ 缺口動能,1774.15,"['NK225', 'TOPIX_Mid400_中型']",FWD,2026-01-08,"{'mss': True, 'smc': True, 'amd': True, 'ml_rsi': 87.9, 'rv_pct': 0.407, 'bd_pct': 0.405}",2001.57,1774.15,False,RS: 90
73159614464,587.93,,,NOC,2,Industrials,2,603.95,635.99,,,❌ STOP LOSS,RS: 76,2026-01-05,🏆 VCP 突破,587.93,['S&P500_大盤'],FWD,2026-01-07,"{'mss': True, 'smc': True, 'amd': False, 'ml_rsi': 67.4, 'rv_pct': 0.19, 'bd_pct': 0.169}",,587.93,False,
253206282240,2753.55,156.09,156.989,3186.T,10,Consumer Cyclical,2,2880.0,3132.9,,,❌ STOP LOSS,RS: 94,2025-12-26,🏆 VCP 突破,2753.55,['TOPIX_Small500_小型'],FWD,2026-01-05,"{'mss': True, 'smc': True, 'amd': False, 'ml_rsi': 64.6, 'rv_pct': 0.06, 'bd_pct': 0.397}",,2753.55,False,
254769070080,105.08,,,SNDK,22,Technology,,210.17,,100,100,✅ RS 換倉平倉,RS: 100,2025-12-01,🅱️ RS 核心,105.08,"['S&P500_大盤', 'NDX100_科技']",FWD,2026-01-02,,,275.24,False,RS: 100
741524897792,1285.0,155.928,156.731,4506.T,22,Healthcare,,2570.0,,100,100,✅ RS 換倉平倉,RS: 99,2025-12-01,🅱️ RS 核心,1285.0,"['NK225', 'TOPIX_Mid400_中型']",FWD,2026-01-02,,,2318.0,False,RS: 100
79048572928,158.96,,,LITE,22,Technology,,317.93,,99,99,✅ RS 換倉平倉,RS: 99,2025-12-01,🅱️ RS 核心,158.96,"['S&P500_大盤', 'NDX100_科技']",FWD,2026-01-02,,,386.11,False,RS: 99
641410859008,7386.91,155.928,156.731,6269.T,22,Energy,,14773.83,,99,99,✅ RS 換倉平倉,RS: 99,2025-12-01,🅱️ RS 核心,7386.91,['TOPIX_Mid400_中型'],FWD,2026-01-02,,,11777.29,False,RS: 99
1466764623872,8271.47,155.928,156.731,5706.T,22,Industrials,,16542.93,,99,99,✅ RS 換倉平倉,RS: 100,2025-12-01,🅱️ RS 核心,8271.47,"['NK225', 'TOPIX_Mid400_中型']",FWD,2026-01-02,,,17553.23,False,RS: 99
168538456064,81.64,,,WDC,22,Technology,,163.29,,99,99,✅ RS 換倉平倉,RS: 99,2025-12-01,🅱️ RS 核心,81.64,"['S&P500_大盤', 'NDX100_科技']",FWD,2026-01-02,,,187.56,False,RS: 99
432634953728,3209.96,155.928,156.731,7003.T,22,Industrials,,6419.91,,99,99,✅ RS 換倉平倉,RS: 99,2025-12-01,🅱️ RS 核心,3209.96,['TOPIX_Mid400_中型'],FWD,2026-01-02,,,5522.08,False,RS: 99
12161595392,28.12,,,ARWR,22,Healthcare,,56.25,,99,99,✅ RS 換倉平倉,RS: 99,2025-12-01,🅱️ RS 核心,28.12,['S&P400_中型'],FWD,2026-01-02,,,67.79,False,RS: 99
13870331904,8.54,,,HL,22,Basic Materials,,17.09,,99,99,✅ RS 換倉平倉,RS: 99,2025-12-01,🅱️ RS 核心,8.54,['S&P400_中型'],FWD,2026-01-02,,,18.86,False,RS: 99
244336214016,4288.61,155.928,156.731,6814.T,22,Technology,,8577.23,,99,99,✅ RS 換倉平倉,RS: 99,2025-12-01,🅱️ RS 核心,4288.61,['TOPIX_Small500_小型'],FWD,2026-01-02,,,7813.5,False,RS: 99
45549096960,100.46,,,CIEN,22,Technology,,200.92,,99,99,✅ RS 換倉平倉,RS: 99,2025-12-01,🅱️ RS 核心,100.46,['S&P500_大盤'],FWD,2026-01-02,,,246.06,False,RS: 99
556998328320,1354.7,155.928,156.731,3110.T,22,Consumer Cyclical,,2709.4,,99,99,✅ RS 換倉平倉,RS: 92,2025-12-01,🅱️ RS 核心,1354.7,['TOPIX_Small500_小型'],FWD,2026-01-02,,,2030.56,False,RS: 99
4123981824,16.8,,,INDV,22,Healthcare,,33.6,,99,99,✅ RS 換倉平倉,RS: 99,2025-12-01,🅱️ RS 核心,16.8,['S&P600_小型'],FWD,2026-01-02,,,35.73,False,RS: 99
139349753856,2904.42,155.928,156.731,6941.T,22,Technology,,5808.83,,99,99,✅ RS 換倉平倉,RS: 99,2025-12-01,🅱️ RS 核心,2904.42,['TOPIX_Small500_小型'],FWD,2026-01-02,,,5769.38,False,RS: 99
4074101760,23.6,,,PARR,22,Energy,,47.2,,99,99,✅ RS 換倉平倉,RS: 97,2025-12-01,🅱️ RS 核心,23.6,['S&P600_小型'],FWD,2026-01-02,,,35.82,False,RS: 99
192786563072,134.37,,,STX,22,Technology,,268.73,,99,99,✅ RS 換倉平倉,RS: 99,2025-12-01,🅱️ RS 核心,134.37,"['S&P500_大盤', 'NDX100_科技']",FWD,2026-01-02,,,286.83,False,RS: 99
23900295528448,9836.61,155.928,156.731,6857.T,22,Technology,,19673.22,,99,99,✅ RS 換倉平倉,RS: 97,2025-12-01,🅱️ RS 核心,9836.61,['NK225'],FWD,2026-01-02,,,19608.31,False,RS: 99
2204495872,11.79,,,KSS,22,Consumer Cyclical,,23.58,,99,99,✅ RS 換倉平倉,RS: 98,2025-12-01,🅱️ RS 核心,11.79,['S&P600_小型'],FWD,2026-01-02,,,20.97,False,RS: 99
390761480192,849.52,155.928,156.731,1893.T,22,Industrials,,1699.05,,99,99,✅ RS 換倉平倉,RS: 98,2025-12-01,🅱️ RS 核心,849.52,['TOPIX_Mid400_中型'],FWD,2026-01-02,,,1547.76,False,RS: 99
0,11.94,,,WBD,22,N/A,,23.87,,99,99,✅ RS 換倉平倉,RS: 99,2025-12-01,🅱️ RS 核心,11.94,"['S&P500_大盤', 'NDX100_科技']",FWD,2026-01-02,,,28.51,False,RS: 99
82680307712,82.14,,,CVNA,25,Consumer Cyclical,2,89.6,104.51,,,❌ STOP LOSS,RS: 94,2025-12-08,⚡ 缺口動能,82.14,['S&P500_大盤'],FWD,2026-01-02,"{'mss': True, 'smc': True, 'amd': False, 'ml_rsi': 88.3, 'rv_pct': 0.73, 'bd_pct': 0.571}",111.97,82.14,False,RS: 94
493086310400,797.71,155.888,156.013,8524.T,15,Financial Services,2,826.17,883.09,,,⏱️ 時間止損 (無進展),RS: 93,2025-12-15,🏆 VCP 突破,797.71,['TOPIX_Small500_小型'],FWD,2025-12-30,"{'mss': True, 'smc': True, 'amd': False, 'ml_rsi': 73.6, 'rv_pct': 0.157, 'bd_pct': 0.44}",,834.57,False,
21972199424,266.61,,,FSLR,1,Technology,2,284.59,320.55,,,❌ STOP LOSS,,2025-12-22,🏆 VCP 突破,266.61,['S&P500_大盤'],FWD,2025-12-23,"{'mss': True, 'smc': True, 'amd': False, 'ml_rsi': 62.5, 'rv_pct': 0.264, 'bd_pct': 0.091}",,266.61,False,
17948666232832,3628.35,155.107,155.015,8058.T,12,Industrials,2,3801.36,4147.39,,,❌ STOP LOSS,RS: 79,2025-12-04,🏆 VCP 突破,3628.35,['NK225'],FWD,2025-12-16,"{'mss': True, 'smc': True, 'amd': False, 'ml_rsi': 57.9, 'rv_pct': 0.103, 'bd_pct': 0.222}",,3628.35,False,
253206282240,2578.03,156.239,155.567,3186.T,15,Consumer Cyclical,2,2695.0,2928.94,,,⏱️ 時間止損 (無進展),RS: 95,2025-11-27,🏆 VCP 突破,2578.03,['TOPIX_Small500_小型'],FWD,2025-12-12,"{'mss': True, 'smc': True, 'amd': False, 'ml_rsi': 73.2, 'rv_pct': 0.119, 'bd_pct': 0.302}",,2687.0,False,
250872922112,669.11,,,GEV,2,Industrials,2,721.66,826.77,,,❌ STOP LOSS,RS: 94,2025-12-10,⚡ 缺口動能,669.11,['S&P500_大盤'],FWD,2025-12-12,"{'mss': True, 'smc': True, 'amd': False, 'ml_rsi': 83.0, 'rv_pct': 0.48, 'bd_pct': 0.242}",879.32,669.11,False,RS: 95
3974321143808,3789.36,157.369,155.142,9020.T,15,Industrials,2,3919.91,4181.01,,,⏱️ 時間止損 (無進展),RS: 76,2025-11-21,🏆 VCP 突破,3789.36,['NK225'],FWD,2025-12-05,"{'mss': True, 'smc': True, 'amd': False, 'ml_rsi': 65.3, 'rv_pct': 0.25, 'bd_pct': 0.381}",,3819.98,False,
432634953728,3131.5,154.195,155.928,7003.T,19,Industrials,,6262.99,,100,100,✅ RS 換倉平倉,RS: 99,2025-11-03,🅱️ RS 核心,3131.5,['TOPIX_Mid400_中型'],FWD,2025-12-01,,,6419.91,False,RS: 100
57480011776,60.24,,,NBIS,19,Communication Services,,120.47,,99,99,✅ RS 換倉平倉,RS: 99,2025-11-03,🅱️ RS 核心,60.24,['NDX100_科技'],FWD,2025-12-01,,,100.15,False,RS: 99
1466764623872,7843.46,154.195,155.928,5706.T,19,Industrials,,15686.92,,99,99,✅ RS 換倉平倉,RS: 99,2025-11-03,🅱️ RS 核心,7843.46,"['NK225', 'TOPIX_Mid400_中型']",FWD,2025-12-01,,,16542.93,False,RS: 99
10375767040,19.2,,,VSAT,19,Technology,,38.4,,99,99,✅ RS 換倉平倉,RS: 99,2025-11-03,🅱️ RS 核心,19.2,['S&P600_小型'],FWD,2025-12-01,,,32.65,False,RS: 99
3469602560,171.49,,,LEU,19,Energy,,342.99,,99,99,✅ RS 換倉平倉,RS: 99,2025-11-03,🅱️ RS 核心,171.49,['S&P600_小型'],FWD,2025-12-01,,,251.36,False,RS: 99
8366254981120,1755.87,154.195,155.928,5803.T,19,Industrials,,3511.73,,99,99,✅ RS 換倉平倉,RS: 99,2025-11-03,🅱️ RS 核心,1755.87,['NK225'],FWD,2025-12-01,,,2711.35,False,RS: 99
168538456064,78.89,,,WDC,19,Technology,,157.78,,99,99,✅ RS 換倉平倉,RS: 99,2025-11-03,🅱️ RS 核心,78.89,"['S&P500_大盤', 'NDX100_科技']",FWD,2025-12-01,,,163.29,False,RS: 99
244336214016,4391.42,154.195,155.928,6814.T,19,Technology,,8782.85,,99,99,✅ RS 換倉平倉,RS: 99,2025-11-03,🅱️ RS 核心,4391.42,['TOPIX_Small500_小型'],FWD,2025-12-01,,,8577.23,False,RS: 99
109786939392,73.54,,,HOOD,19,Financial Services,,147.08,,99,99,✅ RS 換倉平倉,RS: 98,2025-11-03,🅱️ RS 核心,73.54,['S&P500_大盤'],FWD,2025-12-01,,,123.24,False,RS: 99
26086068224,37.69,,,ECHO,19,Communication Services,,75.37,,99,99,✅ RS 換倉平倉,RS: 99,2025-11-03,🅱️ RS 核心,37.69,['S&P500_大盤'],FWD,2025-12-01,,,73.0,False,RS: 99
31856982491136,3378.41,154.195,155.928,9984.T,19,Communication Services,,6756.82,,99,99,✅ RS 換倉平倉,RS: 98,2025-11-03,🅱️ RS 核心,3378.41,['NK225'],FWD,2025-12-01,,,4127.99,False,RS: 99
41088552960,30.67,,,RKLB,19,Industrials,,61.34,,99,99,✅ RS 換倉平倉,RS: 93,2025-11-03,🅱️ RS 核心,30.67,['NDX100_科技'],FWD,2025-12-01,,,40.37,False,RS: 99
23900295528448,11551.78,154.195,155.928,6857.T,19,Technology,,23103.55,,99,99,✅ RS 換倉平倉,RS: 99,2025-11-03,🅱️ RS 核心,11551.78,['NK225'],FWD,2025-12-01,,,19673.22,False,RS: 99
8967205888,45.55,,,KTOS,19,Industrials,,91.1,,99,99,✅ RS 換倉平倉,RS: 98,2025-11-03,🅱️ RS 核心,45.55,['S&P400_中型'],FWD,2025-12-01,,,73.21,False,RS: 99
4123981824,15.6,,,INDV,19,Healthcare,,31.2,,99,99,✅ RS 換倉平倉,RS: 99,2025-11-03,🅱️ RS 核心,15.6,['S&P600_小型'],FWD,2025-12-01,,,33.6,False,RS: 99
5755433385984,3647.12,154.195,155.928,4062.T,19,Technology,,7294.24,,99,99,✅ RS 換倉平倉,RS: 98,2025-11-03,🅱️ RS 核心,3647.12,['TOPIX_Mid400_中型'],FWD,2025-12-01,,,5649.73,False,RS: 99
192786563072,132.1,,,STX,19,Technology,,264.21,,99,99,✅ RS 換倉平倉,RS: 99,2025-11-03,🅱️ RS 核心,132.1,"['S&P500_大盤', 'NDX100_科技']",FWD,2025-12-01,,,268.73,False,RS: 99
73013395456,1607.9,154.195,155.928,6331.T,19,Industrials,,3215.79,,99,99,✅ RS 換倉平倉,RS: 98,2025-11-03,🅱️ RS 核心,1607.9,['TOPIX_Small500_小型'],FWD,2025-12-01,,,3108.44,False,RS: 99
79048572928,99.79,,,LITE,19,Technology,,199.58,,99,99,✅ RS 換倉平倉,RS: 99,2025-11-03,🅱️ RS 核心,99.79,"['S&P500_大盤', 'NDX100_科技']",FWD,2025-12-01,,,317.93,False,RS: 99
333816201216,2607.54,154.195,155.928,7014.T,19,Industrials,,5215.08,,99,99,✅ RS 換倉平倉,RS: 98,2025-11-03,🅱️ RS 核心,2607.54,['TOPIX_Small500_小型'],FWD,2025-12-01,,,4350.86,False,RS: 99
55818338304,161.51,,,TER,22,Technology,1,173.67,197.99,,,❌ STOP LOSS,RS: 97,2025-10-29,⚡ 缺口動能,161.51,"['S&P500_大盤', 'NDX100_科技']",FWD,2025-11-20,"{'mss': True, 'smc': False, 'amd': False, 'ml_rsi': 67.6, 'rv_pct': 0.222, 'bd_pct': 0.849}",210.15,161.51,False,RS: 97
741524897792,2084.5,154.204,155.273,4506.T,14,Healthcare,3,2084.5,2386.64,,,✅ MAX TP,RS: 99,2025-11-04,⚡ 缺口動能,1933.43,"['NK225', 'TOPIX_Mid400_中型']",FWD,2025-11-18,"{'mss': True, 'smc': True, 'amd': True, 'ml_rsi': 71.9, 'rv_pct': 0.111, 'bd_pct': 0.472}",2537.71,2537.71,True,RS: 99
35770564608,239.15,,,EXPE,11,Consumer Cyclical,3,256.35,290.74,,,❌ STOP LOSS,RS: 92,2025-11-07,⚡ 缺口動能,239.15,['S&P500_大盤'],FWD,2025-11-18,"{'mss': True, 'smc': True, 'amd': True, 'ml_rsi': 72.4, 'rv_pct': 0.395, 'bd_pct': 0.337}",307.93,239.15,False,RS: 93
1194366074880,2483.82,154.713,155.273,2413.T,5,Healthcare,3,2593.9,2814.06,,,❌ STOP LOSS,RS: 90,2025-11-13,🏆 VCP 突破,2483.82,"['NK225', 'TOPIX_Mid400_中型']",FWD,2025-11-18,"{'mss': True, 'smc': True, 'amd': True, 'ml_rsi': 74.6, 'rv_pct': 0.296, 'bd_pct': 0.214}",,2483.82,False,
486030671872,3062.13,154.585,155.273,4980.T,1,Technology,2,3274.6,3699.53,,,❌ STOP LOSS,RS: 91,2025-11-17,⚡ 缺口動能,3062.13,['TOPIX_Mid400_中型'],FWD,2025-11-18,"{'mss': True, 'smc': True, 'amd': False, 'ml_rsi': 82.3, 'rv_pct': 0.972, 'bd_pct': 1.0}",3911.99,3062.13,False,RS: 91
40497721344,590.39,154.585,155.273,7383.T,1,Financial Services,0,631.0,671.61,,,❌ 觸發 5% 絕對止損,RSI: 20,2025-11-17,📉 極度超賣,590.39,['TOPIX_Small500_小型'],FWD,2025-11-18,"{'mss': False, 'smc': False, 'amd': False, 'ml_rsi': 20.8, 'rv_pct': 0.137, 'bd_pct': 0.492}",752.82,577.0,False,RSI: 20
76457836544,180.22,,,DDOG,8,Technology,2,190.82,212.02,,,❌ STOP LOSS,RS: 92,2025-11-06,⚡ 缺口動能,180.22,"['S&P500_大盤', 'NDX100_科技']",FWD,2025-11-14,"{'mss': True, 'smc': True, 'amd': False, 'ml_rsi': 81.0, 'rv_pct': 0.159, 'bd_pct': 0.754}",222.61,180.22,False,RS: 93
3018725632,19.73,,,REZI,3,Industrials,1,21.31,22.89,,,❌ 觸發 3 日時間止損,RSI: 14,2025-11-10,📉 極度超賣,19.73,['S&P600_小型'],FWD,2025-11-13,"{'mss': False, 'smc': False, 'amd': True, 'ml_rsi': 16.6, 'rv_pct': 0.996, 'bd_pct': 0.353}",26.04,21.7,False,RSI: 16
7758054400,37.43,,,CELH,3,Consumer Defensive,1,41.52,45.61,,,❌ 觸發 3 日時間止損,RSI: 19,2025-11-07,📉 極度超賣,37.43,['S&P400_中型'],FWD,2025-11-12,"{'mss': False, 'smc': True, 'amd': False, 'ml_rsi': 9.0, 'rv_pct': 0.964, 'bd_pct': 0.817}",53.79,44.91,False,RSI: 9
556998328320,2245.56,153.817,154.075,3110.T,2,Consumer Cyclical,2,2245.56,2544.74,,,✅ MAX TP,RS: 99,2025-11-10,⚡ 缺口動能,2095.97,['TOPIX_Small500_小型'],FWD,2025-11-12,"{'mss': True, 'smc': True, 'amd': False, 'ml_rsi': 82.2, 'rv_pct': 0.869, 'bd_pct': 0.964}",2694.33,2694.33,True,RS: 98
7758054400,41.52,,,CELH,2,Consumer Defensive,1,41.52,45.61,,,✅ TRAIL EXIT,RSI: 9,2025-11-07,📉 極度超賣,37.43,['S&P400_中型'],FWD,2025-11-07,"{'mss': False, 'smc': True, 'amd': False, 'ml_rsi': 9.0, 'rv_pct': 0.964, 'bd_pct': 0.817}",53.79,45.71,True,RSI: 9
21833338880,11.88,,,CDE,3,Basic Materials,0,13.8,15.73,,,❌ 觸發 3 日時間止損,RSI: 22,2025-11-04,📉 極度超賣,11.88,['S&P400_中型'],FWD,2025-11-07,"{'mss': False, 'smc': False, 'amd': False, 'ml_rsi': 20.3, 'rv_pct': 0.813, 'bd_pct': 0.885}",19.57,14.67,False,RSI: 20
7758054400,41.38,,,CELH,1,Consumer Defensive,2,45.06,48.74,,,❌ 觸發 5% 絕對止損,RSI: 10,2025-11-06,📉 極度超賣,41.38,['S&P400_中型'],FWD,2025-11-07,"{'mss': False, 'smc': True, 'amd': True, 'ml_rsi': 10.1, 'rv_pct': 0.149, 'bd_pct': 0.413}",56.1,41.52,False,RSI: 10
598054010880,3318.12,154.073,152.948,4676.T,1,Communication Services,2,3412.16,3600.25,,,❌ STOP LOSS,,2025-11-06,🏆 VCP 突破,3318.12,['TOPIX_Mid400_中型'],FWD,2025-11-07,"{'mss': True, 'smc': True, 'amd': False, 'ml_rsi': 71.1, 'rv_pct': 0.228, 'bd_pct': 0.218}",,3318.12,False,
42232381440,694.26,,,IDXX,3,Healthcare,2,722.94,780.3,,,❌ STOP LOSS,RS: 93,2025-11-03,⚡ 缺口動能,694.26,"['S&P500_大盤', 'NDX100_科技']",FWD,2025-11-06,"{'mss': True, 'smc': True, 'amd': False, 'ml_rsi': 78.2, 'rv_pct': 0.19, 'bd_pct': 0.298}",808.98,694.26,False,RS: 92
338669076480,139.99,,,DELL,36,Technology,2,139.99,151.46,,,✅ TRAIL EXIT,RS: 89,2025-09-30,🏆 VCP 突破,134.25,['S&P500_大盤'],FWD,2025-11-05,"{'mss': True, 'smc': True, 'amd': False, 'ml_rsi': 80.7, 'rv_pct': 0.202, 'bd_pct': 0.04}",,150.46,True,
537579487232,9062.21,149.606,153.557,5631.T,30,Industrials,2,9797.6,11268.39,,,❌ STOP LOSS,RS: 93,2025-10-06,⚡ 缺口動能,9062.21,"['NK225', 'TOPIX_Mid400_中型']",FWD,2025-11-05,"{'mss': True, 'smc': True, 'amd': False, 'ml_rsi': 65.9, 'rv_pct': 0.284, 'bd_pct': 0.004}",12003.77,9062.21,False,RS: 94
3469602560,165.55,,,LEU,23,Energy,,331.11,,100,100,✅ RS 換倉平倉,RS: 99,2025-10-01,🅱️ RS 核心,165.55,['S&P600_小型'],FWD,2025-11-03,,,342.99,False,RS: 100
432634953728,2112.99,147.997,154.195,7003.T,23,Industrials,,4225.98,,100,100,✅ RS 換倉平倉,RS: 100,2025-10-01,🅱️ RS 核心,2112.99,['TOPIX_Mid400_中型'],FWD,2025-11-03,,,6262.99,False,RS: 100
57480011776,57.81,,,NBIS,23,Communication Services,,115.61,,99,99,✅ RS 換倉平倉,RS: 99,2025-10-01,🅱️ RS 核心,57.81,['NDX100_科技'],FWD,2025-11-03,,,120.47,False,RS: 99
8366254981120,1185.65,147.997,154.195,5803.T,23,Industrials,,2371.29,,99,99,✅ RS 換倉平倉,RS: 99,2025-10-01,🅱️ RS 核心,1185.65,['NK225'],FWD,2025-11-03,,,3511.73,False,RS: 99
109786939392,69.57,,,HOOD,23,Financial Services,,139.14,,99,99,✅ RS 換倉平倉,RS: 99,2025-10-01,🅱️ RS 核心,69.57,['S&P500_大盤'],FWD,2025-11-03,,,147.08,False,RS: 99
244336214016,2741.58,147.997,154.195,6814.T,23,Technology,,5483.16,,99,99,✅ RS 換倉平倉,RS: 99,2025-10-01,🅱️ RS 核心,2741.58,['TOPIX_Small500_小型'],FWD,2025-11-03,,,8782.85,False,RS: 99
107275575296,352.05,,,APP,23,Communication Services,,704.09,,99,99,✅ RS 換倉平倉,RS: 97,2025-10-01,🅱️ RS 核心,352.05,"['S&P500_大盤', 'NDX100_科技']",FWD,2025-11-03,,,632.14,False,RS: 99
741524897792,876.0,147.997,154.195,4506.T,23,Healthcare,,1752.0,,99,99,✅ RS 換倉平倉,RS: 98,2025-10-01,🅱️ RS 核心,876.0,"['NK225', 'TOPIX_Mid400_中型']",FWD,2025-11-03,,,1684.5,False,RS: 99
41088552960,23.99,,,RKLB,23,Industrials,,47.97,,99,99,✅ RS 換倉平倉,RS: 99,2025-10-01,🅱️ RS 核心,23.99,['NDX100_科技'],FWD,2025-11-03,,,61.34,False,RS: 99
168538456064,65.19,,,WDC,23,Technology,,130.39,,99,99,✅ RS 換倉平倉,RS: 99,2025-10-01,🅱️ RS 核心,65.19,"['S&P500_大盤', 'NDX100_科技']",FWD,2025-11-03,,,157.78,False,RS: 99
1466764623872,5788.04,147.997,154.195,5706.T,23,Industrials,,11576.07,,99,99,✅ RS 換倉平倉,RS: 99,2025-10-01,🅱️ RS 核心,5788.04,"['NK225', 'TOPIX_Mid400_中型']",FWD,2025-11-03,,,15686.92,False,RS: 99
26086068224,39.75,,,ECHO,23,Communication Services,,79.5,,99,99,✅ RS 換倉平倉,RS: 99,2025-10-01,🅱️ RS 核心,39.75,['S&P500_大盤'],FWD,2025-11-03,,,75.37,False,RS: 99
21833338880,9.43,,,CDE,23,Basic Materials,,18.86,,99,99,✅ RS 換倉平倉,RS: 97,2025-10-01,🅱️ RS 核心,9.43,['S&P400_中型'],FWD,2025-11-03,,,15.12,False,RS: 99
8967205888,46.48,,,KTOS,23,Industrials,,92.96,,99,99,✅ RS 換倉平倉,RS: 99,2025-10-01,🅱️ RS 核心,46.48,['S&P400_中型'],FWD,2025-11-03,,,91.1,False,RS: 99
31856982491136,2276.82,147.997,154.195,9984.T,23,Communication Services,,4553.64,,99,99,✅ RS 換倉平倉,RS: 99,2025-10-01,🅱️ RS 核心,2276.82,['NK225'],FWD,2025-11-03,,,6756.82,False,RS: 99
73013395456,1320.96,147.997,154.195,6331.T,23,Industrials,,2641.93,,99,99,✅ RS 換倉平倉,RS: 99,2025-10-01,🅱️ RS 核心,1320.96,['TOPIX_Small500_小型'],FWD,2025-11-03,,,3215.79,False,RS: 99
10375767040,14.66,,,VSAT,23,Technology,,29.32,,99,99,✅ RS 換倉平倉,RS: 99,2025-10-01,🅱️ RS 核心,14.66,['S&P600_小型'],FWD,2025-11-03,,,38.4,False,RS: 99
5755433385984,2231.2,147.997,154.195,4062.T,23,Technology,,4462.39,,99,99,✅ RS 換倉平倉,RS: 99,2025-10-01,🅱️ RS 核心,2231.2,['TOPIX_Mid400_中型'],FWD,2025-11-03,,,7294.24,False,RS: 99
53849776128,97.25,,,ALAB,23,Technology,,194.5,,99,99,✅ RS 換倉平倉,RS: 98,2025-10-01,🅱️ RS 核心,97.25,['NDX100_科技'],FWD,2025-11-03,,,191.56,False,RS: 99
192786563072,127.77,,,STX,23,Technology,,255.54,,99,99,✅ RS 換倉平倉,RS: 99,2025-10-01,🅱️ RS 核心,127.77,"['S&P500_大盤', 'NDX100_科技']",FWD,2025-11-03,,,264.21,False,RS: 99
342514958336,3322.57,153.9,154.195,6526.T,1,Industrials,2,3448.16,3699.33,,,❌ STOP LOSS,,2025-10-31,🏆 VCP 突破,3322.57,"['NK225', 'TOPIX_Mid400_中型']",FWD,2025-11-03,"{'mss': True, 'smc': True, 'amd': False, 'ml_rsi': 72.7, 'rv_pct': 0.04, 'bd_pct': 0.385}",,3322.57,False,
470474489856,1486.05,152.722,153.9,2531.T,3,Consumer Defensive,1,1537.5,1588.94,,,❌ 觸發 3 日時間止損,RSI: 18,2025-10-30,📉 極度超賣,1486.05,['TOPIX_Mid400_中型'],FWD,2025-10-31,"{'mss': False, 'smc': False, 'amd': True, 'ml_rsi': 17.9, 'rv_pct': 0.917, 'bd_pct': 0.804}",1691.82,1538.48,False,RSI: 17
342514958336,3322.57,153.9,153.9,6526.T,1,Industrials,2,3448.16,3699.33,,,❌ STOP LOSS,,2025-10-31,🏆 VCP 突破,3322.57,"['NK225', 'TOPIX_Mid400_中型']",FWD,2025-10-31,"{'mss': True, 'smc': True, 'amd': False, 'ml_rsi': 72.7, 'rv_pct': 0.04, 'bd_pct': 0.385}",,3322.57,False,
342514958336,3322.57,153.9,153.9,6526.T,1,Industrials,2,3448.16,3699.33,,,❌ STOP LOSS,,2025-10-31,🏆 VCP 突破,3322.57,"['NK225', 'TOPIX_Mid400_中型']",FWD,2025-10-31,"{'mss': True, 'smc': True, 'amd': False, 'ml_rsi': 72.7, 'rv_pct': 0.04, 'bd_pct': 0.385}",,3322.57,False,
1120448544768,4549.15,151.731,153.9,1942.T,2,Industrials,1,4822.92,5370.45,,,❌ STOP LOSS,RS: 97,2025-10-29,⚡ 缺口動能,4549.15,['TOPIX_Mid400_中型'],FWD,2025-10-31,"{'mss': True, 'smc': False, 'amd': False, 'ml_rsi': 75.0, 'rv_pct': 0.635, 'bd_pct': 0.806}",5644.2,4549.15,False,RS: 97
1159102595072,5872.89,151.731,152.722,1944.T,1,Industrials,2,6098.7,6550.32,,,❌ STOP LOSS,RS: 96,2025-10-29,⚡ 缺口動能,5872.89,['TOPIX_Mid400_中型'],FWD,2025-10-30,"{'mss': True, 'smc': True, 'amd': False, 'ml_rsi': 77.7, 'rv_pct': 0.627, 'bd_pct': 0.675}",6776.11,5872.89,False,RS: 96
118317498368,5901.75,153.061,151.731,7721.T,2,Technology,2,6482.69,7644.57,,,❌ STOP LOSS,RS: 96,2025-10-27,⚡ 缺口動能,5901.75,['TOPIX_Small500_小型'],FWD,2025-10-29,"{'mss': True, 'smc': True, 'amd': False, 'ml_rsi': 74.4, 'rv_pct': 0.893, 'bd_pct': 0.917}",8225.52,5901.75,False,RS: 97
333816201216,4380.67,151.954,152.692,7014.T,5,Industrials,2,4380.67,5183.86,,,✅ MAX TP,RS: 99,2025-10-23,⚡ 缺口動能,3979.07,['TOPIX_Small500_小型'],FWD,2025-10-28,"{'mss': True, 'smc': True, 'amd': False, 'ml_rsi': 84.4, 'rv_pct': 0.139, 'bd_pct': 0.516}",5585.45,5585.45,True,RS: 99
7870246400,16.66,,,PATH,4,Technology,2,18.51,22.21,,,❌ STOP LOSS,RS: 90,2025-10-09,⚡ 缺口動能,16.66,['S&P400_中型'],FWD,2025-10-13,"{'mss': True, 'smc': True, 'amd': False, 'ml_rsi': 83.5, 'rv_pct': 1.0, 'bd_pct': 1.0}",24.05,16.66,False,RS: 91
0,17.15,,,WBD,28,N/A,2,18.87,22.31,,,❌ STOP LOSS,RS: 97,2025-09-12,⚡ 缺口動能,17.15,"['S&P500_大盤', 'NDX100_科技']",FWD,2025-10-10,"{'mss': True, 'smc': True, 'amd': False, 'ml_rsi': 88.6, 'rv_pct': 0.984, 'bd_pct': 1.0}",24.03,17.15,False,RS: 97
2946149646336,5124.17,146.891,150.331,4004.T,19,Basic Materials,2,5124.17,5655.48,,,✅ MAX TP,RS: 97,2025-09-18,⚡ 缺口動能,4858.51,"['NK225', 'TOPIX_Mid400_中型']",FWD,2025-10-07,"{'mss': True, 'smc': True, 'amd': False, 'ml_rsi': 85.6, 'rv_pct': 0.962, 'bd_pct': 0.849}",5921.12,5921.12,True,RS: 90
6340994048,233.79,,,IBP,60,Consumer Cyclical,2,251.99,288.38,,,❌ STOP LOSS,RS: 66,2025-08-07,⚡ 缺口動能,233.79,['S&P600_小型'],FWD,2025-10-06,"{'mss': True, 'smc': True, 'amd': False, 'ml_rsi': 84.6, 'rv_pct': 0.292, 'bd_pct': 1.0}",306.58,233.79,False,RS: 93
13801459712,58.72,,,SMTC,41,Technology,3,58.72,69.22,,,✅ TRAIL EXIT,RS: 97,2025-08-26,⚡ 缺口動能,53.47,['S&P400_中型'],FWD,2025-10-06,"{'mss': True, 'smc': True, 'amd': True, 'ml_rsi': 65.8, 'rv_pct': 0.252, 'bd_pct': 0.143}",74.47,68.68,True,RS: 93
41088552960,24.3,,,RKLB,21,Industrials,,48.6,,100,100,✅ RS 換倉平倉,RS: 99,2025-09-01,🅱️ RS 核心,24.3,['NDX100_科技'],FWD,2025-10-01,,,47.97,False,RS: 100
9711879168,35.57,,,MP,21,Basic Materials,,71.14,,99,99,✅ RS 換倉平倉,RS: 99,2025-09-01,🅱️ RS 核心,35.57,['S&P400_中型'],FWD,2025-10-01,,,67.63,False,RS: 99
53849776128,91.1,,,ALAB,21,Technology,,182.2,,99,99,✅ RS 換倉平倉,RS: 99,2025-09-01,🅱️ RS 核心,91.1,['NDX100_科技'],FWD,2025-10-01,,,194.5,False,RS: 99
107275575296,239.29,,,APP,21,Communication Services,,478.59,,99,99,✅ RS 換倉平倉,RS: 99,2025-09-01,🅱️ RS 核心,239.29,"['S&P500_大盤', 'NDX100_科技']",FWD,2025-10-01,,,704.09,False,RS: 99
418925182976,78.36,,,PLTR,21,Technology,,156.71,,99,99,✅ RS 換倉平倉,RS: 98,2025-09-01,🅱️ RS 核心,78.36,"['S&P500_大盤', 'NDX100_科技']",FWD,2025-10-01,,,184.95,False,RS: 99
10375767040,16.17,,,VSAT,21,Technology,,32.33,,99,99,✅ RS 換倉平倉,RS: 99,2025-09-01,🅱️ RS 核心,16.17,['S&P600_小型'],FWD,2025-10-01,,,29.32,False,RS: 99
8967205888,32.92,,,KTOS,21,Industrials,,65.84,,99,99,✅ RS 換倉平倉,RS: 99,2025-09-01,🅱️ RS 核心,32.92,['S&P400_中型'],FWD,2025-10-01,,,92.96,False,RS: 99
4123981824,12.14,,,INDV,21,Healthcare,,24.28,,99,99,✅ RS 換倉平倉,RS: 98,2025-09-01,🅱️ RS 核心,12.14,['S&P600_小型'],FWD,2025-10-01,,,23.46,False,RS: 99
29717567488,112.54,,,RDDT,21,Communication Services,,225.08,,99,99,✅ RS 換倉平倉,RS: 97,2025-09-01,🅱️ RS 核心,112.54,['S&P500_大盤'],FWD,2025-10-01,,,202.6,False,RS: 99
250872922112,305.79,,,GEV,21,Industrials,,611.58,,99,99,✅ RS 換倉平倉,RS: 96,2025-09-01,🅱️ RS 核心,305.79,['S&P500_大盤'],FWD,2025-10-01,,,604.78,False,RS: 99
26086068224,30.9,,,ECHO,21,Communication Services,,61.79,,99,99,✅ RS 換倉平倉,RS: 99,2025-09-01,🅱️ RS 核心,30.9,['S&P500_大盤'],FWD,2025-10-01,,,79.5,False,RS: 99
57480011776,34.16,,,NBIS,21,Communication Services,,68.32,,99,99,✅ RS 換倉平倉,RS: 99,2025-09-01,🅱️ RS 核心,34.16,['NDX100_科技'],FWD,2025-10-01,,,115.61,False,RS: 99
14881007616,139.26,,,STRL,21,Industrials,,278.53,,99,99,✅ RS 換倉平倉,RS: 98,2025-09-01,🅱️ RS 核心,139.26,['S&P400_中型'],FWD,2025-10-01,,,337.93,False,RS: 99
4637121536,29.37,,,TPC,21,Industrials,,58.74,,98,98,✅ RS 換倉平倉,RS: 99,2025-09-01,🅱️ RS 核心,29.37,['S&P600_小型'],FWD,2025-10-01,,,63.53,False,RS: 98
1703697152,15.63,,,WWW,21,Consumer Cyclical,,31.26,,98,98,✅ RS 換倉平倉,RS: 96,2025-09-01,🅱️ RS 核心,15.63,['S&P600_小型'],FWD,2025-10-01,,,26.23,False,RS: 98
3598987776,45.22,,,LIF,21,Technology,,90.44,,98,98,✅ RS 換倉平倉,RS: 98,2025-09-01,🅱️ RS 核心,45.22,['S&P600_小型'],FWD,2025-10-01,,,106.12,False,RS: 98
4074101760,17.32,,,PARR,21,Energy,,34.64,,98,98,✅ RS 換倉平倉,RS: 97,2025-09-01,🅱️ RS 核心,17.32,['S&P600_小型'],FWD,2025-10-01,,,34.91,False,RS: 98
21833338880,6.57,,,CDE,21,Basic Materials,,13.14,,98,98,✅ RS 換倉平倉,RS: 99,2025-09-01,🅱️ RS 核心,6.57,['S&P400_中型'],FWD,2025-10-01,,,18.86,False,RS: 98
82680307712,37.19,,,CVNA,21,Consumer Cyclical,,74.38,,98,98,✅ RS 換倉平倉,RS: 96,2025-09-01,🅱️ RS 核心,37.19,['S&P500_大盤'],FWD,2025-10-01,,,79.08,False,RS: 98
183550017536,9112.6,149.405,147.997,3498.T,2,Industrials,2,9678.49,10810.28,,,❌ STOP LOSS,RS: 89,2025-09-29,🏆 VCP 突破,9112.6,['TOPIX_Small500_小型'],FWD,2025-10-01,"{'mss': True, 'smc': True, 'amd': False, 'ml_rsi': 91.1, 'rv_pct': 0.077, 'bd_pct': 0.071}",,9112.6,False,
0,3135.8,147.392,148.751,7220.T,15,N/A,2,3621.08,4591.63,,,⏱️ 時間止損 (無進展),RS: 95,2025-09-10,🏆 VCP 突破,3135.8,['TOPIX_Small500_小型'],FWD,2025-09-25,"{'mss': True, 'smc': True, 'amd': False, 'ml_rsi': 72.3, 'rv_pct': 0.256, 'bd_pct': 0.298}",,3665.54,False,
0,1807.37,147.392,148.751,8341.T,15,N/A,2,1879.38,2023.41,,,⏱️ 時間止損 (無進展),RS: 83,2025-09-10,🏆 VCP 突破,1807.37,['TOPIX_Mid400_中型'],FWD,2025-09-25,"{'mss': True, 'smc': True, 'amd': False, 'ml_rsi': 60.6, 'rv_pct': 0.194, 'bd_pct': 0.401}",,1947.38,False,
0,172.6,,,ITT,14,N/A,2,177.41,187.03,,,❌ STOP LOSS,RS: 78,2025-09-11,🏆 VCP 突破,172.6,['S&P400_中型'],FWD,2025-09-25,"{'mss': True, 'smc': True, 'amd': False, 'ml_rsi': 66.8, 'rv_pct': 0.214, 'bd_pct': 0.488}",,172.6,False,
412133916672,1849.95,147.224,146.413,6754.T,5,Technology,2,1953.24,2159.83,,,❌ STOP LOSS,RS: 92,2025-09-12,🏆 VCP 突破,1849.95,['TOPIX_Mid400_中型'],FWD,2025-09-17,"{'mss': True, 'smc': True, 'amd': False, 'ml_rsi': 71.8, 'rv_pct': 0.056, 'bd_pct': 0.333}",,1849.95,False,
179193315328,5834.68,147.224,147.666,5032.T,1,Communication Services,2,6135.73,6737.83,,,❌ STOP LOSS,RS: 98,2025-09-12,⚡ 缺口動能,5834.68,['TOPIX_Small500_小型'],FWD,2025-09-15,"{'mss': True, 'smc': True, 'amd': False, 'ml_rsi': 81.4, 'rv_pct': 0.913, 'bd_pct': 0.512}",7038.87,5834.68,False,RS: 98
179193315328,5834.68,147.224,147.224,5032.T,1,Communication Services,2,6135.73,6737.83,,,❌ STOP LOSS,RS: 98,2025-09-12,⚡ 缺口動能,5834.68,['TOPIX_Small500_小型'],FWD,2025-09-12,"{'mss': True, 'smc': True, 'amd': False, 'ml_rsi': 81.4, 'rv_pct': 0.913, 'bd_pct': 0.512}",7038.87,5834.68,False,RS: 98
179193315328,5834.68,147.224,147.224,5032.T,1,Communication Services,2,6135.73,6737.83,,,❌ STOP LOSS,RS: 98,2025-09-12,⚡ 缺口動能,5834.68,['TOPIX_Small500_小型'],FWD,2025-09-12,"{'mss': True, 'smc': True, 'amd': False, 'ml_rsi': 81.4, 'rv_pct': 0.913, 'bd_pct': 0.512}",7038.87,5834.68,False,RS: 98
7325415424,182.94,,,AWI,42,Industrials,2,182.94,196.25,,,✅ TRAIL EXIT,RS: 89,2025-07-29,⚡ 缺口動能,176.29,['S&P600_小型'],FWD,2025-09-09,"{'mss': True, 'smc': True, 'amd': False, 'ml_rsi': 74.9, 'rv_pct': 0.143, 'bd_pct': 0.69}",202.9,192.36,True,RS: 91
6145680384,24.1,,,LQDA,28,Healthcare,2,24.1,29.88,,,✅ TRAIL EXIT,RS: 98,2025-08-12,⚡ 缺口動能,21.21,['S&P600_小型'],FWD,2025-09-09,"{'mss': True, 'smc': True, 'amd': False, 'ml_rsi': 74.7, 'rv_pct': 0.778, 'bd_pct': 1.0}",32.77,27.45,True,RS: 98
44186537984,227.91,,,FERG,5,Industrials,2,233.69,245.26,,,❌ STOP LOSS,RS: 84,2025-09-04,🏆 VCP 突破,227.91,['S&P500_大盤'],FWD,2025-09-09,"{'mss': True, 'smc': True, 'amd': False, 'ml_rsi': 62.8, 'rv_pct': 0.087, 'bd_pct': 0.044}",,227.91,False,
4216292096,21.64,,,MIR,4,Industrials,2,22.9,25.42,,,❌ STOP LOSS,RS: 97,2025-09-05,⚡ 缺口動能,21.64,['S&P600_小型'],FWD,2025-09-09,"{'mss': True, 'smc': True, 'amd': False, 'ml_rsi': 70.7, 'rv_pct': 0.012, 'bd_pct': 0.044}",26.68,21.64,False,RS: 97
5298697728,58.01,,,KRMN,1,Industrials,2,62.52,71.54,,,❌ STOP LOSS,RS: 97,2025-09-05,⚡ 缺口動能,58.01,['S&P600_小型'],FWD,2025-09-05,"{'mss': True, 'smc': True, 'amd': False, 'ml_rsi': 76.9, 'rv_pct': 0.029, 'bd_pct': 0.273}",76.04,58.01,False,RS: 97
4798029312,24.68,,,ACAD,15,Healthcare,2,25.74,27.86,,,⏱️ 時間止損 (無進展),RS: 91,2025-08-22,🏆 VCP 突破,24.68,['S&P600_小型'],FWD,2025-09-05,"{'mss': True, 'smc': True, 'amd': False, 'ml_rsi': 65.7, 'rv_pct': 0.044, 'bd_pct': 0.226}",,25.26,False,
5298697728,58.01,,,KRMN,1,Industrials,2,62.52,71.54,,,❌ STOP LOSS,RS: 97,2025-09-05,⚡ 缺口動能,58.01,['S&P600_小型'],FWD,2025-09-05,"{'mss': True, 'smc': True, 'amd': False, 'ml_rsi': 76.9, 'rv_pct': 0.029, 'bd_pct': 0.273}",76.04,58.01,False,RS: 97
44539502592,265.99,,,VEEV,96,Healthcare,2,279.04,305.14,,,❌ STOP LOSS,RS: 61,2025-05-29,⚡ 缺口動能,265.99,['S&P500_大盤'],FWD,2025-09-02,"{'mss': True, 'smc': True, 'amd': False, 'ml_rsi': 78.3, 'rv_pct': 0.212, 'bd_pct': 0.964}",318.19,265.99,False,RS: 94
1222401280,54.92,,,CBRL,6,Consumer Cyclical,3,60.71,72.28,,,❌ STOP LOSS,RS: 91,2025-08-27,⚡ 缺口動能,54.92,['S&P600_小型'],FWD,2025-09-02,"{'mss': True, 'smc': True, 'amd': True, 'ml_rsi': 60.8, 'rv_pct': 0.696, 'bd_pct': 0.3}",78.07,54.92,False,RS: 94
76457836544,135.43,,,DDOG,5,Technology,2,140.96,152.02,,,❌ STOP LOSS,RS: 76,2025-08-28,🏆 VCP 突破,135.43,"['S&P500_大盤', 'NDX100_科技']",FWD,2025-09-02,"{'mss': True, 'smc': True, 'amd': False, 'ml_rsi': 64.7, 'rv_pct': 0.218, 'bd_pct': 0.24}",,135.43,False,
33077614592,75.58,,,P,5,Technology,2,80.54,90.46,,,❌ STOP LOSS,RS: 94,2025-08-28,⚡ 缺口動能,75.58,['S&P400_中型'],FWD,2025-09-02,"{'mss': True, 'smc': True, 'amd': False, 'ml_rsi': 81.4, 'rv_pct': 0.54, 'bd_pct': 0.849}",95.43,75.58,False,RS: 94
4060533504,72.0,,,SEZL,21,Financial Services,,144.0,,100,100,✅ RS 換倉平倉,RS: 99,2025-08-01,🅱️ RS 核心,72.0,['S&P600_小型'],FWD,2025-09-01,,,94.6,False,RS: 100
111705956352,2252.82,150.772,147.097,9267.T,21,Healthcare,,4505.64,,100,100,✅ RS 換倉平倉,RS: 100,2025-08-01,🅱️ RS 核心,2252.82,['TOPIX_Small500_小型'],FWD,2025-09-01,,,4540.53,False,RS: 100
41088552960,22.41,,,RKLB,21,Industrials,,44.81,,99,99,✅ RS 換倉平倉,RS: 100,2025-08-01,🅱️ RS 核心,22.41,['NDX100_科技'],FWD,2025-09-01,,,48.6,False,RS: 99
4855894016,116.36,,,DAVE,21,Technology,,232.73,,99,99,✅ RS 換倉平倉,RS: 99,2025-08-01,🅱️ RS 核心,116.36,['S&P600_小型'],FWD,2025-09-01,,,213.22,False,RS: 99
9711879168,31.84,,,MP,21,Basic Materials,,63.69,,99,99,✅ RS 換倉平倉,RS: 99,2025-08-01,🅱️ RS 核心,31.84,['S&P400_中型'],FWD,2025-09-01,,,71.14,False,RS: 99
3469602560,104.17,,,LEU,21,Energy,,208.33,,99,99,✅ RS 換倉平倉,RS: 99,2025-08-01,🅱️ RS 核心,104.17,['S&P600_小型'],FWD,2025-09-01,,,201.73,False,RS: 99
418925182976,77.14,,,PLTR,21,Technology,,154.27,,99,99,✅ RS 換倉平倉,RS: 99,2025-08-01,🅱️ RS 核心,77.14,"['S&P500_大盤', 'NDX100_科技']",FWD,2025-09-01,,,156.71,False,RS: 99
250872922112,327.51,,,GEV,21,Industrials,,655.01,,99,99,✅ RS 換倉平倉,RS: 99,2025-08-01,🅱️ RS 核心,327.51,['S&P500_大盤'],FWD,2025-09-01,,,611.58,False,RS: 99
107275575296,189.59,,,APP,21,Communication Services,,379.17,,99,99,✅ RS 換倉平倉,RS: 99,2025-08-01,🅱️ RS 核心,189.59,"['S&P500_大盤', 'NDX100_科技']",FWD,2025-09-01,,,478.59,False,RS: 99
6465114112,31.27,,,HIMS,21,Healthcare,,62.55,,99,99,✅ RS 換倉平倉,RS: 97,2025-08-01,🅱️ RS 核心,31.27,['S&P400_中型'],FWD,2025-09-01,,,42.35,False,RS: 99
8967205888,28.35,,,KTOS,21,Industrials,,56.71,,99,99,✅ RS 換倉平倉,RS: 99,2025-08-01,🅱️ RS 核心,28.35,['S&P400_中型'],FWD,2025-09-01,,,65.84,False,RS: 99
1323620224,12.1,,,EYE,21,Consumer Cyclical,,24.21,,99,99,✅ RS 換倉平倉,RS: 97,2025-08-01,🅱️ RS 核心,12.1,['S&P600_小型'],FWD,2025-09-01,,,22.94,False,RS: 99
15188819968,189.01,,,TLN,21,Utilities,,378.01,,99,99,✅ RS 換倉平倉,RS: 98,2025-08-01,🅱️ RS 核心,189.01,['S&P400_中型'],FWD,2025-09-01,,,378.92,False,RS: 99
0,112.1,,,AGX,21,N/A,,224.2,,99,99,✅ RS 換倉平倉,RS: 98,2025-08-01,🅱️ RS 核心,112.1,['S&P600_小型'],FWD,2025-09-01,,,227.14,False,RS: 99
4637121536,22.75,,,TPC,21,Industrials,,45.49,,99,99,✅ RS 換倉平倉,RS: 98,2025-08-01,🅱️ RS 核心,22.75,['S&P600_小型'],FWD,2025-09-01,,,58.74,False,RS: 99
53849776128,65.55,,,ALAB,21,Technology,,131.1,,99,99,✅ RS 換倉平倉,RS: 99,2025-08-01,🅱️ RS 核心,65.55,['NDX100_科技'],FWD,2025-09-01,,,182.2,False,RS: 99
14881007616,131.52,,,STRL,21,Industrials,,263.05,,99,99,✅ RS 換倉平倉,RS: 99,2025-08-01,🅱️ RS 核心,131.52,['S&P400_中型'],FWD,2025-09-01,,,278.53,False,RS: 99
13231816704,21.67,,,TTMI,21,Technology,,43.34,,98,98,✅ RS 換倉平倉,RS: 98,2025-08-01,🅱️ RS 核心,21.67,['S&P400_中型'],FWD,2025-09-01,,,44.57,False,RS: 98
3598987776,37.2,,,LIF,21,Technology,,74.4,,98,98,✅ RS 換倉平倉,RS: 98,2025-08-01,🅱️ RS 核心,37.2,['S&P600_小型'],FWD,2025-09-01,,,90.44,False,RS: 98
4123981824,10.52,,,INDV,21,Healthcare,,21.05,,98,98,✅ RS 換倉平倉,RS: 99,2025-08-01,🅱️ RS 核心,10.52,['S&P600_小型'],FWD,2025-09-01,,,24.28,False,RS: 98
132642119680,61.19,,,GLW,31,Technology,2,61.19,66.44,,,✅ TRAIL EXIT,RS: 93,2025-07-29,⚡ 缺口動能,58.57,['S&P500_大盤'],FWD,2025-08-29,"{'mss': True, 'smc': True, 'amd': False, 'ml_rsi': 83.5, 'rv_pct': 0.605, 'bd_pct': 1.0}",69.08,66.19,True,RS: 92
26086068224,55.58,,,ECHO,1,Communication Services,2,58.76,65.12,,,❌ STOP LOSS,RS: 98,2025-08-27,⚡ 缺口動能,55.58,['S&P500_大盤'],FWD,2025-08-28,"{'mss': True, 'smc': True, 'amd': False, 'ml_rsi': 96.0, 'rv_pct': 1.0, 'bd_pct': 1.0}",68.31,55.58,False,RS: 98
46017449984,90.31,,,EBAY,26,Consumer Cyclical,2,90.31,97.56,,,✅ TRAIL EXIT,RS: 96,2025-07-31,⚡ 缺口動能,86.69,['S&P500_大盤'],FWD,2025-08-26,"{'mss': True, 'smc': True, 'amd': False, 'ml_rsi': 78.0, 'rv_pct': 0.726, 'bd_pct': 0.937}",101.18,95.58,True,RS: 95
56674832384,561.28,,,FIX,27,Industrials,3,561.28,610.94,,,✅ TRAIL EXIT,RS: 98,2025-07-24,💥 BB 擠壓,536.45,['S&P500_大盤'],FWD,2025-08-20,"{'mss': True, 'smc': True, 'amd': True, 'ml_rsi': 60.5, 'rv_pct': 0.081, 'bd_pct': 0.139}",,660.04,True,
9241384960,68.17,,,RMBS,22,Technology,2,73.15,83.11,,,❌ STOP LOSS,RS: 89,2025-07-29,⚡ 缺口動能,68.17,['S&P400_中型'],FWD,2025-08-20,"{'mss': True, 'smc': True, 'amd': False, 'ml_rsi': 67.8, 'rv_pct': 0.399, 'bd_pct': 0.464}",88.09,68.17,False,RS: 93
35607941120,392.24,,,ALNY,19,Healthcare,2,392.24,437.16,,,✅ MAX TP,RS: 97,2025-07-31,⚡ 缺口動能,369.78,['NDX100_科技'],FWD,2025-08-19,"{'mss': True, 'smc': True, 'amd': False, 'ml_rsi': 87.5, 'rv_pct': 0.357, 'bd_pct': 0.909}",459.63,459.63,True,RS: 94
186679164928,146.2,,,SHOP,8,Technology,2,154.9,172.3,,,❌ STOP LOSS,RS: 95,2025-08-06,⚡ 缺口動能,146.2,['NDX100_科技'],FWD,2025-08-14,"{'mss': True, 'smc': True, 'amd': False, 'ml_rsi': 74.6, 'rv_pct': 0.266, 'bd_pct': 0.587}",181.01,146.2,False,RS: 97
5986723840,75.8,,,ECG,2,Industrials,2,75.8,84.14,,,✅ TRAIL EXIT,RS: 97,2025-08-12,🏆 VCP 突破,71.63,['S&P600_小型'],FWD,2025-08-14,"{'mss': True, 'smc': True, 'amd': False, 'ml_rsi': 64.4, 'rv_pct': 0.214, 'bd_pct': 0.054}",,78.5,True,
41891696640,815.04,,,AXON,7,Industrials,2,867.12,971.28,,,❌ STOP LOSS,RS: 97,2025-08-05,⚡ 缺口動能,815.04,"['S&P500_大盤', 'NDX100_科技']",FWD,2025-08-12,"{'mss': True, 'smc': True, 'amd': False, 'ml_rsi': 73.3, 'rv_pct': 0.399, 'bd_pct': 0.067}",1023.37,815.04,False,RS: 98
8169966080,65.57,,,BROS,1,Consumer Cyclical,2,70.27,79.67,,,❌ STOP LOSS,RS: 96,2025-08-07,⚡ 缺口動能,65.57,['S&P400_中型'],FWD,2025-08-08,"{'mss': True, 'smc': False, 'amd': True, 'ml_rsi': 60.0, 'rv_pct': 0.139, 'bd_pct': 0.143}",84.36,65.57,False,RS: 96
7589152768,301.68,,,APPF,4,Technology,2,319.15,354.09,,,❌ STOP LOSS,RS: 95,2025-08-01,⚡ 缺口動能,301.68,['S&P400_中型'],FWD,2025-08-07,"{'mss': True, 'smc': True, 'amd': False, 'ml_rsi': 89.7, 'rv_pct': 0.488, 'bd_pct': 1.0}",371.56,301.68,False,RS: 95
11427209216,36.64,,,PINS,15,Communication Services,2,38.0,40.72,,,⏱️ 時間止損 (無進展),RS: 71,2025-07-21,💥 BB 擠壓,36.64,['S&P400_中型'],FWD,2025-08-05,"{'mss': True, 'smc': True, 'amd': False, 'ml_rsi': 77.0, 'rv_pct': 0.123, 'bd_pct': 0.694}",,38.88,False,
42232381440,653.13,,,IDXX,1,Healthcare,2,682.78,742.08,,,❌ STOP LOSS,RS: 95,2025-08-04,⚡ 缺口動能,653.13,"['S&P500_大盤', 'NDX100_科技']",FWD,2025-08-05,"{'mss': True, 'smc': True, 'amd': False, 'ml_rsi': 80.3, 'rv_pct': 0.81, 'bd_pct': 0.845}",771.72,653.13,False,RS: 95
7589152768,301.68,,,APPF,1,Technology,2,319.15,354.09,,,❌ STOP LOSS,RS: 95,2025-08-01,⚡ 缺口動能,301.68,['S&P400_中型'],FWD,2025-08-01,"{'mss': True, 'smc': True, 'amd': False, 'ml_rsi': 89.7, 'rv_pct': 0.488, 'bd_pct': 1.0}",371.56,301.68,False,RS: 95
7589152768,301.68,,,APPF,1,Technology,2,319.15,354.09,,,❌ STOP LOSS,RS: 95,2025-08-01,⚡ 缺口動能,301.68,['S&P400_中型'],FWD,2025-08-01,"{'mss': True, 'smc': True, 'amd': False, 'ml_rsi': 89.7, 'rv_pct': 0.488, 'bd_pct': 1.0}",371.56,301.68,False,RS: 95
4060533504,83.79,,,SEZL,21,Financial Services,,167.58,,100,100,✅ RS 換倉平倉,RS: 100,2025-07-01,🅱️ RS 核心,83.79,['S&P600_小型'],FWD,2025-08-01,,,144.0,False,RS: 100
4855894016,130.34,,,DAVE,21,Technology,,260.67,,99,99,✅ RS 換倉平倉,RS: 99,2025-07-01,🅱️ RS 核心,130.34,['S&P600_小型'],FWD,2025-08-01,,,232.73,False,RS: 99
41088552960,17.17,,,RKLB,21,Industrials,,34.33,,99,99,✅ RS 換倉平倉,RS: 99,2025-07-01,🅱️ RS 核心,17.17,['NDX100_科技'],FWD,2025-08-01,,,44.81,False,RS: 99
418925182976,65.34,,,PLTR,21,Technology,,130.68,,99,99,✅ RS 換倉平倉,RS: 99,2025-07-01,🅱️ RS 核心,65.34,"['S&P500_大盤', 'NDX100_科技']",FWD,2025-08-01,,,154.27,False,RS: 99
3469602560,84.36,,,LEU,21,Energy,,168.71,,99,99,✅ RS 換倉平倉,RS: 99,2025-07-01,🅱️ RS 核心,84.36,['S&P600_小型'],FWD,2025-08-01,,,208.33,False,RS: 99
82680307712,33.83,,,CVNA,21,Consumer Cyclical,,67.65,,99,99,✅ RS 換倉平倉,RS: 98,2025-07-01,🅱️ RS 核心,33.83,['S&P500_大盤'],FWD,2025-08-01,,,73.56,False,RS: 99
1323620224,12.1,,,EYE,21,Consumer Cyclical,,24.2,,99,99,✅ RS 換倉平倉,RS: 99,2025-07-01,🅱️ RS 核心,12.1,['S&P600_小型'],FWD,2025-08-01,,,24.21,False,RS: 99
250872922112,252.32,,,GEV,21,Industrials,,504.63,,99,99,✅ RS 換倉平倉,RS: 99,2025-07-01,🅱️ RS 核心,252.32,['S&P500_大盤'],FWD,2025-08-01,,,655.01,False,RS: 99
0,101.22,,,AGX,21,N/A,,202.44,,99,99,✅ RS 換倉平倉,RS: 99,2025-07-01,🅱️ RS 核心,101.22,['S&P600_小型'],FWD,2025-08-01,,,224.2,False,RS: 99
9615139840,92.01,,,EAT,21,Consumer Cyclical,,184.02,,99,99,✅ RS 換倉平倉,RS: 94,2025-07-01,🅱️ RS 核心,92.01,['S&P600_小型'],FWD,2025-08-01,,,155.91,False,RS: 99
4637121536,23.1,,,TPC,21,Industrials,,46.2,,99,99,✅ RS 換倉平倉,RS: 99,2025-07-01,🅱️ RS 核心,23.1,['S&P600_小型'],FWD,2025-08-01,,,45.49,False,RS: 99
23556673536,135.45,,,CRS,21,Industrials,,270.9,,99,99,✅ RS 換倉平倉,RS: 97,2025-07-01,🅱️ RS 核心,135.45,['S&P400_中型'],FWD,2025-08-01,,,256.98,False,RS: 99
41891696640,387.69,,,AXON,21,Industrials,,775.38,,99,99,✅ RS 換倉平倉,RS: 96,2025-07-01,🅱️ RS 核心,387.69,"['S&P500_大盤', 'NDX100_科技']",FWD,2025-08-01,,,742.47,False,RS: 99
4900741632,85.94,,,CAR,21,Industrials,,171.89,,98,98,✅ RS 換倉平倉,RS: 98,2025-07-01,🅱️ RS 核心,85.94,['S&P400_中型'],FWD,2025-08-01,,,164.07,False,RS: 98
0,87.87,,,HWM,21,N/A,,175.74,,98,98,✅ RS 換倉平倉,RS: 98,2025-07-01,🅱️ RS 核心,87.87,['S&P500_大盤'],FWD,2025-08-01,,,183.76,False,RS: 98
0,12.63,,,CRK,21,N/A,,25.26,,98,98,✅ RS 換倉平倉,RS: 82,2025-07-01,🅱️ RS 核心,12.63,['S&P600_小型'],FWD,2025-08-01,,,16.41,False,RS: 98
9711879168,15.74,,,MP,21,Basic Materials,,31.49,,98,98,✅ RS 換倉平倉,RS: 99,2025-07-01,🅱️ RS 核心,15.74,['S&P400_中型'],FWD,2025-08-01,,,63.69,False,RS: 98
25019250688,76.83,,,NRG,21,Utilities,,153.65,,98,98,✅ RS 換倉平倉,RS: 98,2025-07-01,🅱️ RS 核心,76.83,['S&P500_大盤'],FWD,2025-08-01,,,165.58,False,RS: 98
13231816704,20.31,,,TTMI,21,Technology,,40.62,,98,98,✅ RS 換倉平倉,RS: 98,2025-07-01,🅱️ RS 核心,20.31,['S&P400_中型'],FWD,2025-08-01,,,43.34,False,RS: 98
0,17.73,,,AHR,21,N/A,,35.45,,98,98,✅ RS 換倉平倉,RS: 98,2025-07-01,🅱️ RS 核心,17.73,['S&P400_中型'],FWD,2025-08-01,,,38.07,False,RS: 98
79048572928,98.14,,,LITE,17,Technology,2,98.14,107.32,,,✅ TRAIL EXIT,RS: 98,2025-07-15,💥 BB 擠壓,93.55,"['S&P500_大盤', 'NDX100_科技']",FWD,2025-08-01,"{'mss': True, 'smc': True, 'amd': False, 'ml_rsi': 65.5, 'rv_pct': 0.004, 'bd_pct': 0.845}",,102.48,True,
188999090176,91.67,,,SCHW,15,Financial Services,2,91.67,95.72,,,✅ TRAIL EXIT,RS: 92,2025-07-17,🏆 VCP 突破,89.64,['S&P500_大盤'],FWD,2025-08-01,"{'mss': True, 'smc': True, 'amd': False, 'ml_rsi': 66.3, 'rv_pct': 0.075, 'bd_pct': 0.171}",,93.0,True,
25609703424,56.57,,,SMCI,4,Technology,2,60.05,67.01,,,❌ STOP LOSS,RS: 96,2025-07-28,🏆 VCP 突破,56.57,['S&P500_大盤'],FWD,2025-08-01,"{'mss': True, 'smc': True, 'amd': False, 'ml_rsi': 77.5, 'rv_pct': 0.115, 'bd_pct': 0.325}",,56.57,False,
20442843136,249.08,,,WWD,4,Industrials,1,257.26,273.61,,,❌ STOP LOSS,RS: 95,2025-07-28,💥 BB 擠壓,249.08,['S&P400_中型'],FWD,2025-08-01,"{'mss': True, 'smc': False, 'amd': False, 'ml_rsi': 60.6, 'rv_pct': 0.044, 'bd_pct': 0.802}",,249.08,False,
10637467648,112.78,,,SANM,3,Technology,3,120.76,136.72,,,❌ STOP LOSS,RS: 95,2025-07-29,⚡ 缺口動能,112.78,['S&P400_中型'],FWD,2025-08-01,"{'mss': True, 'smc': True, 'amd': True, 'ml_rsi': 70.2, 'rv_pct': 0.687, 'bd_pct': 1.0}",144.7,112.78,False,RS: 97
11457341440,295.3,,,EVR,2,Financial Services,2,306.11,327.73,,,❌ STOP LOSS,RS: 77,2025-07-30,💥 BB 擠壓,295.3,['S&P400_中型'],FWD,2025-08-01,"{'mss': True, 'smc': True, 'amd': False, 'ml_rsi': 61.6, 'rv_pct': 0.036, 'bd_pct': 0.591}",,295.3,False,
8720882688,242.97,,,IDCC,2,Technology,3,242.97,270.83,,,✅ TRAIL EXIT,RS: 97,2025-07-30,⚡ 缺口動能,229.04,['S&P400_中型'],FWD,2025-08-01,"{'mss': True, 'smc': True, 'amd': True, 'ml_rsi': 67.3, 'rv_pct': 0.139, 'bd_pct': 0.028}",284.78,250.47,True,RS: 95
3710545297408,508.22,,,MSFT,2,Technology,0,508.22,526.41,,,✅ TRAIL EXIT,RS: 89,2025-07-30,💥 BB 擠壓,499.12,"['S&P500_大盤', 'NDX100_科技']",FWD,2025-08-01,"{'mss': False, 'smc': False, 'amd': False, 'ml_rsi': 71.0, 'rv_pct': 0.022, 'bd_pct': 0.476}",,528.35,True,
2369907712,6.67,,,PTON,2,Consumer Cyclical,3,7.34,8.68,,,❌ STOP LOSS,RS: 96,2025-07-30,⚡ 缺口動能,6.67,['S&P600_小型'],FWD,2025-08-01,"{'mss': True, 'smc': True, 'amd': True, 'ml_rsi': 59.5, 'rv_pct': 0.183, 'bd_pct': 0.024}",9.36,6.67,False,RS: 97
168538456064,74.4,,,WDC,1,Technology,2,78.48,86.63,,,❌ STOP LOSS,RS: 97,2025-07-31,⚡ 缺口動能,74.4,"['S&P500_大盤', 'NDX100_科技']",FWD,2025-08-01,"{'mss': True, 'smc': True, 'amd': False, 'ml_rsi': 83.2, 'rv_pct': 0.23, 'bd_pct': 0.885}",90.7,74.4,False,RS: 97
186679164928,113.66,,,SHOP,15,Technology,2,120.0,132.68,,,⏱️ 時間止損 (無進展),RS: 89,2025-07-16,🏆 VCP 突破,113.66,['NDX100_科技'],FWD,2025-07-31,"{'mss': True, 'smc': True, 'amd': False, 'ml_rsi': 61.5, 'rv_pct': 0.065, 'bd_pct': 0.151}",,122.21,False,
8577694208,63.29,,,CNM,9,Industrials,3,65.03,68.51,,,❌ STOP LOSS,RS: 83,2025-07-22,🏆 VCP 突破,63.29,['S&P400_中型'],FWD,2025-07-31,"{'mss': True, 'smc': True, 'amd': True, 'ml_rsi': 68.4, 'rv_pct': 0.198, 'bd_pct': 0.456}",,63.29,False,
5184686592,30.48,,,ACMR,3,Technology,2,31.98,34.98,,,❌ STOP LOSS,RS: 97,2025-07-28,🏆 VCP 突破,30.48,['S&P600_小型'],FWD,2025-07-31,"{'mss': True, 'smc': True, 'amd': False, 'ml_rsi': 73.5, 'rv_pct': 0.063, 'bd_pct': 0.417}",,30.48,False,
221297950720,245.34,,,IBM,3,Technology,1,252.2,259.07,,,❌ 觸發 3 日時間止損,RSI: 10,2025-07-24,📉 極度超賣,245.34,['S&P500_大盤'],FWD,2025-07-25,"{'mss': False, 'smc': False, 'amd': True, 'ml_rsi': 11.5, 'rv_pct': 0.016, 'bd_pct': 0.425}",272.81,251.44,False,RSI: 11
16503882752,452.18,,,MEDP,1,Healthcare,3,477.73,528.83,,,❌ STOP LOSS,RS: 90,2025-07-22,⚡ 缺口動能,452.18,['S&P400_中型'],FWD,2025-07-23,"{'mss': True, 'smc': True, 'amd': True, 'ml_rsi': 84.4, 'rv_pct': 0.381, 'bd_pct': 1.0}",554.39,452.18,False,RS: 90
15188819968,274.82,,,TLN,41,Utilities,1,274.82,314.92,,,✅ TRAIL EXIT,RS: 98,2025-06-11,⚡ 缺口動能,254.77,['S&P400_中型'],FWD,2025-07-22,"{'mss': True, 'smc': False, 'amd': False, 'ml_rsi': 83.5, 'rv_pct': 0.073, 'bd_pct': 0.861}",334.96,304.6,True,RS: 98
56674832384,498.64,,,FIX,32,Industrials,0,498.64,540.17,,,✅ TRAIL EXIT,RS: 89,2025-06-20,💥 BB 擠壓,477.88,['S&P500_大盤'],FWD,2025-07-22,"{'mss': False, 'smc': False, 'amd': False, 'ml_rsi': 61.9, 'rv_pct': 0.077, 'bd_pct': 0.865}",,513.61,True,
338669076480,124.09,,,DELL,2,Technology,2,129.06,139.0,,,❌ STOP LOSS,RS: 77,2025-07-18,🏆 VCP 突破,124.09,['S&P500_大盤'],FWD,2025-07-22,"{'mss': True, 'smc': True, 'amd': False, 'ml_rsi': 70.8, 'rv_pct': 0.03, 'bd_pct': 0.405}",,124.09,False,
53849776128,112.75,,,ALAB,1,Technology,2,121.89,140.17,,,❌ STOP LOSS,,2025-07-21,🏆 VCP 突破,112.75,['NDX100_科技'],FWD,2025-07-22,"{'mss': True, 'smc': True, 'amd': False, 'ml_rsi': 79.8, 'rv_pct': 0.29, 'bd_pct': 0.452}",,112.75,False,
338669076480,124.09,,,DELL,1,Technology,2,129.06,139.0,,,❌ STOP LOSS,,2025-07-18,🏆 VCP 突破,124.09,['S&P500_大盤'],FWD,2025-07-18,"{'mss': True, 'smc': True, 'amd': False, 'ml_rsi': 70.8, 'rv_pct': 0.03, 'bd_pct': 0.405}",,124.09,False,
338669076480,124.09,,,DELL,1,Technology,2,129.06,139.0,,,❌ STOP LOSS,,2025-07-18,🏆 VCP 突破,124.09,['S&P500_大盤'],FWD,2025-07-18,"{'mss': True, 'smc': True, 'amd': False, 'ml_rsi': 70.8, 'rv_pct': 0.03, 'bd_pct': 0.405}",,124.09,False,
45783175168,198.09,,,TRI,2,Industrials,2,204.84,218.34,,,❌ STOP LOSS,RS: 91,2025-07-14,⚡ 缺口動能,198.09,['NDX100_科技'],FWD,2025-07-16,"{'mss': True, 'smc': True, 'amd': False, 'ml_rsi': 75.8, 'rv_pct': 0.016, 'bd_pct': 0.865}",225.08,198.09,False,RS: 92
3446756864,16.59,,,DAN,9,Consumer Cyclical,0,17.4,19.01,,,❌ STOP LOSS,RS: 96,2025-07-02,💥 BB 擠壓,16.59,['S&P600_小型'],FWD,2025-07-11,"{'mss': False, 'smc': False, 'amd': False, 'ml_rsi': 56.1, 'rv_pct': 0.083, 'bd_pct': 0.726}",,16.59,False,
9055223808,224.13,,,DY,48,Industrials,2,224.13,248.29,,,✅ TRAIL EXIT,RS: 94,2025-05-21,⚡ 缺口動能,212.05,['S&P400_中型'],FWD,2025-07-08,"{'mss': True, 'smc': True, 'amd': False, 'ml_rsi': 91.6, 'rv_pct': 0.24, 'bd_pct': 1.0}",260.37,244.63,True,RS: 90
4810412544,925.25,,,GHC,15,Industrials,0,948.06,993.68,,,⏱️ 時間止損 (無進展),RS: 75,2025-06-19,💥 BB 擠壓,925.25,['S&P400_中型'],FWD,2025-07-04,"{'mss': False, 'smc': False, 'amd': False, 'ml_rsi': 50.9, 'rv_pct': 0.042, 'bd_pct': 0.292}",,944.3,False,
35895005184,67.54,,,KR,11,Consumer Defensive,2,70.02,74.98,,,❌ STOP LOSS,RS: 86,2025-06-20,⚡ 缺口動能,67.54,['S&P500_大盤'],FWD,2025-07-03,"{'mss': True, 'smc': True, 'amd': False, 'ml_rsi': 65.8, 'rv_pct': 0.04, 'bd_pct': 0.28}",77.47,67.54,False,RS: 90
25019250688,148.38,,,NRG,50,Utilities,2,148.38,165.68,,,✅ TRAIL EXIT,RS: 98,2025-05-12,⚡ 缺口動能,139.73,['S&P500_大盤'],FWD,2025-07-01,"{'mss': True, 'smc': True, 'amd': False, 'ml_rsi': 97.4, 'rv_pct': 0.587, 'bd_pct': 1.0}",174.32,157.89,True,RS: 99
4060533504,56.26,,,SEZL,20,Financial Services,,112.52,,100,100,✅ RS 換倉平倉,RS: 100,2025-06-02,🅱️ RS 核心,56.26,['S&P600_小型'],FWD,2025-07-01,,,167.58,False,RS: 100
133068849152,4110.95,143.815,143.8,3046.T,20,Healthcare,,8221.9,,100,100,✅ RS 換倉平倉,RS: 100,2025-06-02,🅱️ RS 核心,4110.95,['TOPIX_Small500_小型'],FWD,2025-07-01,,,8202.44,False,RS: 100
4855894016,104.54,,,DAVE,20,Technology,,209.08,,99,99,✅ RS 換倉平倉,RS: 99,2025-06-02,🅱️ RS 核心,104.54,['S&P600_小型'],FWD,2025-07-01,,,260.67,False,RS: 99
418925182976,66.02,,,PLTR,20,Technology,,132.04,,99,99,✅ RS 換倉平倉,RS: 99,2025-06-02,🅱️ RS 核心,66.02,"['S&P500_大盤', 'NDX100_科技']",FWD,2025-07-01,,,130.68,False,RS: 99
41088552960,13.3,,,RKLB,20,Industrials,,26.6,,99,99,✅ RS 換倉平倉,RS: 99,2025-06-02,🅱️ RS 核心,13.3,['NDX100_科技'],FWD,2025-07-01,,,34.33,False,RS: 99
107275575296,200.96,,,APP,20,Communication Services,,401.91,,99,99,✅ RS 換倉平倉,RS: 99,2025-06-02,🅱️ RS 核心,200.96,"['S&P500_大盤', 'NDX100_科技']",FWD,2025-07-01,,,336.69,False,RS: 99
3469602560,62.29,,,LEU,20,Energy,,124.58,,99,99,✅ RS 換倉平倉,RS: 99,2025-06-02,🅱️ RS 核心,62.29,['S&P600_小型'],FWD,2025-07-01,,,168.71,False,RS: 99
6465114112,28.39,,,HIMS,20,Healthcare,,56.77,,99,99,✅ RS 換倉平倉,RS: 99,2025-06-02,🅱️ RS 核心,28.39,['S&P400_中型'],FWD,2025-07-01,,,47.96,False,RS: 99
82680307712,33.14,,,CVNA,20,Consumer Cyclical,,66.29,,99,99,✅ RS 換倉平倉,RS: 99,2025-06-02,🅱️ RS 核心,33.14,['S&P500_大盤'],FWD,2025-07-01,,,67.65,False,RS: 99
0,104.29,,,AGX,20,N/A,,208.58,,99,99,✅ RS 換倉平倉,RS: 99,2025-06-02,🅱️ RS 核心,104.29,['S&P600_小型'],FWD,2025-07-01,,,202.44,False,RS: 99
250872922112,241.93,,,GEV,20,Industrials,,483.85,,99,99,✅ RS 換倉平倉,RS: 99,2025-06-02,🅱️ RS 核心,241.93,['S&P500_大盤'],FWD,2025-07-01,,,504.63,False,RS: 99
7226607104,263.42,,,DUOL,20,Technology,,526.85,,99,99,✅ RS 換倉平倉,RS: 97,2025-06-02,🅱️ RS 核心,263.42,['S&P400_中型'],FWD,2025-07-01,,,403.06,False,RS: 99
9615139840,87.96,,,EAT,20,Consumer Cyclical,,175.92,,99,99,✅ RS 換倉平倉,RS: 99,2025-06-02,🅱️ RS 核心,87.96,['S&P600_小型'],FWD,2025-07-01,,,184.02,False,RS: 99
0,87.53,,,PLMR,20,N/A,,175.06,,99,99,✅ RS 換倉平倉,RS: 97,2025-06-02,🅱️ RS 核心,87.53,['S&P600_小型'],FWD,2025-07-01,,,148.27,False,RS: 99
3519287552,79.17,,,LRN,20,Consumer Defensive,,158.33,,99,99,✅ RS 換倉平倉,RS: 98,2025-06-02,🅱️ RS 核心,79.17,['S&P600_小型'],FWD,2025-07-01,,,141.55,False,RS: 99
0,11.87,,,CRK,20,N/A,,23.74,,99,99,✅ RS 換倉平倉,RS: 98,2025-06-02,🅱️ RS 核心,11.87,['S&P600_小型'],FWD,2025-07-01,,,25.26,False,RS: 99
9686976512,23.73,,,CHWY,20,Consumer Cyclical,,47.46,,98,98,✅ RS 換倉平倉,RS: 89,2025-06-02,🅱️ RS 核心,23.73,['S&P400_中型'],FWD,2025-07-01,,,41.86,False,RS: 98
25019250688,78.07,,,NRG,20,Utilities,,156.14,,98,98,✅ RS 換倉平倉,RS: 98,2025-06-02,🅱️ RS 核心,78.07,['S&P500_大盤'],FWD,2025-07-01,,,153.65,False,RS: 98
1323620224,10.6,,,EYE,20,Consumer Cyclical,,21.19,,98,98,✅ RS 換倉平倉,RS: 99,2025-06-02,🅱️ RS 核心,10.6,['S&P600_小型'],FWD,2025-07-01,,,24.2,False,RS: 98
0,17.03,,,AHR,20,N/A,,34.07,,98,98,✅ RS 換倉平倉,RS: 98,2025-06-02,🅱️ RS 核心,17.03,['S&P400_中型'],FWD,2025-07-01,,,35.45,False,RS: 98
457361195008,197.19,,,ORCL,18,Technology,2,197.19,213.77,,,✅ MAX TP,RS: 91,2025-06-12,⚡ 缺口動能,188.9,['S&P500_大盤'],FWD,2025-06-30,"{'mss': True, 'smc': True, 'amd': False, 'ml_rsi': 93.8, 'rv_pct': 0.573, 'bd_pct': 1.0}",222.06,222.06,True,RS: 90
32262285312,95.47,,,CCI,3,Real Estate,2,97.82,102.53,,,❌ STOP LOSS,RS: 75,2025-06-23,🏆 VCP 突破,95.47,['S&P500_大盤'],FWD,2025-06-26,"{'mss': True, 'smc': True, 'amd': False, 'ml_rsi': 71.2, 'rv_pct': 0.091, 'bd_pct': 0.127}",,95.47,False,
18800447488,62.92,,,EVRG,15,Utilities,2,64.45,67.52,,,⏱️ 時間止損 (無進展),RS: 85,2025-06-09,🏆 VCP 突破,62.92,['S&P500_大盤'],FWD,2025-06-24,"{'mss': True, 'smc': True, 'amd': False, 'ml_rsi': 53.6, 'rv_pct': 0.159, 'bd_pct': 0.194}",,65.85,False,
35895005184,67.54,,,KR,1,Consumer Defensive,2,70.02,74.98,,,❌ STOP LOSS,RS: 90,2025-06-20,⚡ 缺口動能,67.54,['S&P500_大盤'],FWD,2025-06-20,"{'mss': True, 'smc': True, 'amd': False, 'ml_rsi': 65.8, 'rv_pct': 0.04, 'bd_pct': 0.28}",77.47,67.54,False,RS: 90
35895005184,67.54,,,KR,1,Consumer Defensive,2,70.02,74.98,,,❌ STOP LOSS,RS: 90,2025-06-20,⚡ 缺口動能,67.54,['S&P500_大盤'],FWD,2025-06-20,"{'mss': True, 'smc': True, 'amd': False, 'ml_rsi': 65.8, 'rv_pct': 0.04, 'bd_pct': 0.28}",77.47,67.54,False,RS: 90
13522499584,242.77,,,GWRE,16,Technology,3,253.98,276.4,,,❌ STOP LOSS,RS: 97,2025-06-04,⚡ 缺口動能,242.77,['S&P400_中型'],FWD,2025-06-20,"{'mss': True, 'smc': True, 'amd': True, 'ml_rsi': 82.7, 'rv_pct': 0.452, 'bd_pct': 1.0}",287.6,242.77,False,RS: 98
39849689088,80.39,,,AIG,15,Financial Services,3,82.23,85.92,,,⏱️ 時間止損 (無進展),RS: 83,2025-05-30,💥 BB 擠壓,80.39,['S&P500_大盤'],FWD,2025-06-13,"{'mss': True, 'smc': True, 'amd': True, 'ml_rsi': 55.3, 'rv_pct': 0.306, 'bd_pct': 0.714}",,82.64,False,
14621597696,41.64,,,EXEL,28,Healthcare,3,44.65,50.67,,,❌ STOP LOSS,RS: 96,2025-05-14,⚡ 缺口動能,41.64,['S&P400_中型'],FWD,2025-06-11,"{'mss': True, 'smc': True, 'amd': True, 'ml_rsi': 74.2, 'rv_pct': 0.806, 'bd_pct': 0.766}",53.68,41.64,False,RS: 98
3469602560,113.29,,,LEU,17,Energy,1,113.29,139.17,,,✅ MAX TP,RS: 99,2025-05-23,⚡ 缺口動能,100.35,['S&P600_小型'],FWD,2025-06-09,"{'mss': True, 'smc': False, 'amd': False, 'ml_rsi': 86.3, 'rv_pct': 0.004, 'bd_pct': 0.726}",152.11,152.11,True,RS: 99
6935112192,69.37,,,URBN,14,Consumer Cyclical,2,73.21,80.89,,,❌ STOP LOSS,RS: 97,2025-05-22,⚡ 缺口動能,69.37,['S&P600_小型'],FWD,2025-06-05,"{'mss': True, 'smc': True, 'amd': False, 'ml_rsi': 80.6, 'rv_pct': 0.917, 'bd_pct': 0.984}",84.74,69.37,False,RS: 99
418925182976,58.1,,,PLTR,22,Technology,,116.2,,100,100,✅ RS 換倉平倉,RS: 99,2025-05-01,🅱️ RS 核心,58.1,"['S&P500_大盤', 'NDX100_科技']",FWD,2025-06-02,,,132.04,False,RS: 100
133068849152,4388.26,143.009,143.815,3046.T,22,Healthcare,,8776.51,,100,100,✅ RS 換倉平倉,RS: 100,2025-05-01,🅱️ RS 核心,4388.26,['TOPIX_Small500_小型'],FWD,2025-06-02,,,8221.9,False,RS: 100
41088552960,11.06,,,RKLB,22,Industrials,,22.12,,99,99,✅ RS 換倉平倉,RS: 99,2025-05-01,🅱️ RS 核心,11.06,['NDX100_科技'],FWD,2025-06-02,,,26.6,False,RS: 99
4060533504,26.01,,,SEZL,22,Financial Services,,52.03,,99,99,✅ RS 換倉平倉,RS: 100,2025-05-01,🅱️ RS 核心,26.01,['S&P600_小型'],FWD,2025-06-02,,,112.52,False,RS: 99
4855894016,48.22,,,DAVE,22,Technology,,96.43,,99,99,✅ RS 換倉平倉,RS: 99,2025-05-01,🅱️ RS 核心,48.22,['S&P600_小型'],FWD,2025-06-02,,,209.08,False,RS: 99
321771470848,1672.3,143.009,143.815,9045.T,22,Industrials,,3344.59,,99,99,✅ RS 換倉平倉,RS: 1,2025-05-01,🅱️ RS 核心,1672.3,['TOPIX_Mid400_中型'],FWD,2025-06-02,,,3039.92,False,RS: 99
56731824128,190.8,,,MSTR,22,Technology,,381.6,,99,99,✅ RS 換倉平倉,RS: 97,2025-05-01,🅱️ RS 核心,190.8,['NDX100_科技'],FWD,2025-06-02,,,372.27,False,RS: 99
0,15.77,,,GEO,22,N/A,,31.54,,99,99,✅ RS 換倉平倉,RS: 96,2025-05-01,🅱️ RS 核心,15.77,['S&P600_小型'],FWD,2025-06-02,,,27.08,False,RS: 99
6465114112,18.08,,,HIMS,22,Healthcare,,36.16,,99,99,✅ RS 換倉平倉,RS: 99,2025-05-01,🅱️ RS 核心,18.08,['S&P400_中型'],FWD,2025-06-02,,,56.77,False,RS: 99
0,22.68,,,TGTX,22,N/A,,45.37,,99,99,✅ RS 換倉平倉,RS: 96,2025-05-01,🅱️ RS 核心,22.68,['S&P600_小型'],FWD,2025-06-02,,,35.75,False,RS: 99
5534449664,11.31,,,SEI,22,Energy,,22.62,,99,99,✅ RS 換倉平倉,RS: 99,2025-05-01,🅱️ RS 核心,11.31,['S&P600_小型'],FWD,2025-06-02,,,27.27,False,RS: 99
0,35.74,,,CORT,22,N/A,,71.48,,99,99,✅ RS 換倉平倉,RS: 97,2025-05-01,🅱️ RS 核心,35.74,['S&P600_小型'],FWD,2025-06-02,,,71.68,False,RS: 99
3519287552,75.35,,,LRN,22,Consumer Defensive,,150.7,,99,99,✅ RS 換倉平倉,RS: 99,2025-05-01,🅱️ RS 核心,75.35,['S&P600_小型'],FWD,2025-06-02,,,158.33,False,RS: 99
0,11.64,,,ADMA,22,N/A,,23.27,,99,99,✅ RS 換倉平倉,RS: 95,2025-05-01,🅱️ RS 核心,11.64,['S&P600_小型'],FWD,2025-06-02,,,20.43,False,RS: 99
0,15.46,,,AHR,22,N/A,,30.92,,98,98,✅ RS 換倉平倉,RS: 98,2025-05-01,🅱️ RS 核心,15.46,['S&P400_中型'],FWD,2025-06-02,,,34.07,False,RS: 98
7226607104,200.0,,,DUOL,22,Technology,,400.0,,98,98,✅ RS 換倉平倉,RS: 99,2025-05-01,🅱️ RS 核心,200.0,['S&P400_中型'],FWD,2025-06-02,,,526.85,False,RS: 98
250872922112,190.63,,,GEV,22,Industrials,,381.26,,98,98,✅ RS 換倉平倉,RS: 99,2025-05-01,🅱️ RS 核心,190.63,['S&P500_大盤'],FWD,2025-06-02,,,483.85,False,RS: 98
41891696640,310.55,,,AXON,22,Industrials,,621.1,,98,98,✅ RS 換倉平倉,RS: 98,2025-05-01,🅱️ RS 核心,310.55,"['S&P500_大盤', 'NDX100_科技']",FWD,2025-06-02,,,758.57,False,RS: 98
0,85.83,,,SFM,22,N/A,,171.66,,98,98,✅ RS 換倉平倉,RS: 98,2025-05-01,🅱️ RS 核心,85.83,['S&P400_中型'],FWD,2025-06-02,,,179.53,False,RS: 98
9686976512,18.18,,,CHWY,22,Consumer Cyclical,,36.37,,98,98,✅ RS 換倉平倉,RS: 98,2025-05-01,🅱️ RS 核心,18.18,['S&P400_中型'],FWD,2025-06-02,,,47.46,False,RS: 98
0,45.97,,,CORT,21,N/A,,91.93,,99,99,✅ RS 換倉平倉,RS: 99,2025-04-01,🅱️ RS 核心,45.97,['S&P600_小型'],FWD,2025-05-01,,,71.48,False,RS: 99
0,9.04,,,ALHC,21,N/A,,18.08,,99,99,✅ RS 換倉平倉,RS: 98,2025-04-01,🅱️ RS 核心,9.04,['S&P600_小型'],FWD,2025-05-01,,,16.77,False,RS: 99
0,14.97,,,GEO,21,N/A,,29.93,,99,99,✅ RS 換倉平倉,RS: 99,2025-04-01,🅱️ RS 核心,14.97,['S&P600_小型'],FWD,2025-05-01,,,31.54,False,RS: 99
0,18.88,,,TGTX,21,N/A,,37.75,,99,99,✅ RS 換倉平倉,RS: 99,2025-04-01,🅱️ RS 核心,18.88,['S&P600_小型'],FWD,2025-05-01,,,45.37,False,RS: 99
0,19.5,,,TDS,21,N/A,,39.0,,99,99,✅ RS 換倉平倉,RS: 97,2025-04-01,🅱️ RS 核心,19.5,['S&P600_小型'],FWD,2025-05-01,,,37.44,False,RS: 99
0,10.18,,,CRK,21,N/A,,20.35,,98,98,✅ RS 換倉平倉,RS: 98,2025-04-01,🅱️ RS 核心,10.18,['S&P600_小型'],FWD,2025-05-01,,,18.87,False,RS: 98
0,66.58,,,AGX,21,N/A,,133.16,,98,98,✅ RS 換倉平倉,RS: 98,2025-04-01,🅱️ RS 核心,66.58,['S&P600_小型'],FWD,2025-05-01,,,157.76,False,RS: 98
0,65.25,,,GL,21,N/A,,130.51,,98,98,✅ RS 換倉平倉,RS: 90,2025-04-01,🅱️ RS 核心,65.25,['S&P500_大盤'],FWD,2025-05-01,,,116.51,False,RS: 98
0,9.71,,,ADMA,21,N/A,,19.42,,98,98,✅ RS 換倉平倉,RS: 99,2025-04-01,🅱️ RS 核心,9.71,['S&P600_小型'],FWD,2025-05-01,,,23.27,False,RS: 98
0,77.62,,,SFM,21,N/A,,155.25,,98,98,✅ RS 換倉平倉,RS: 98,2025-04-01,🅱️ RS 核心,77.62,['S&P400_中型'],FWD,2025-05-01,,,171.66,False,RS: 98
0,223.39,,,TPL,21,N/A,,446.78,,98,98,✅ RS 換倉平倉,RS: 97,2025-04-01,🅱️ RS 核心,223.39,['S&P500_大盤'],FWD,2025-05-01,,,431.35,False,RS: 98
0,14.96,,,AHR,21,N/A,,29.92,,98,98,✅ RS 換倉平倉,RS: 98,2025-04-01,🅱️ RS 核心,14.96,['S&P400_中型'],FWD,2025-05-01,,,30.92,False,RS: 98
0,50.99,,,CVSA,21,N/A,,101.97,,98,98,✅ RS 換倉平倉,RS: 96,2025-04-01,🅱️ RS 核心,50.99,['S&P600_小型'],FWD,2025-05-01,,,107.24,False,RS: 98
0,59.03,,,GSHD,21,N/A,,118.07,,98,98,✅ RS 換倉平倉,RS: 91,2025-04-01,🅱️ RS 核心,59.03,['S&P600_小型'],FWD,2025-05-01,,,97.12,False,RS: 98
0,65.67,,,HWM,21,N/A,,131.34,,97,97,✅ RS 換倉平倉,RS: 98,2025-04-01,🅱️ RS 核心,65.67,['S&P500_大盤'],FWD,2025-05-01,,,147.53,False,RS: 97
0,25.49,,,FOX,21,N/A,,50.98,,97,97,✅ RS 換倉平倉,RS: 93,2025-04-01,🅱️ RS 核心,25.49,['S&P500_大盤'],FWD,2025-05-01,,,45.17,False,RS: 97
0,75.71,,,PM,21,N/A,,151.42,,97,97,✅ RS 換倉平倉,RS: 97,2025-04-01,🅱️ RS 核心,75.71,['S&P500_大盤'],FWD,2025-05-01,,,162.88,False,RS: 97
0,69.03,,,PLMR,21,N/A,,138.06,,97,97,✅ RS 換倉平倉,RS: 98,2025-04-01,🅱️ RS 核心,69.03,['S&P600_小型'],FWD,2025-05-01,,,143.56,False,RS: 97
0,27.52,,,FOXA,21,N/A,,55.05,,97,97,✅ RS 換倉平倉,RS: 92,2025-04-01,🅱️ RS 核心,27.52,['S&P500_大盤'],FWD,2025-05-01,,,48.54,False,RS: 97
0,18.66,,,VIRT,21,N/A,,37.31,,97,97,✅ RS 換倉平倉,RS: 97,2025-04-01,🅱️ RS 核心,18.66,['S&P600_小型'],FWD,2025-05-01,,,38.54,False,RS: 97
